lookback_days,tilt,cadence,value,trades,verdict,neighbours,valid_neighbours,neighbourhood_mean,neighbour_mean,lift,peak_over_neighbourhood,is_local_peak,layer,siblings,weakest_sibling_mean,layer_drop
10,0.5,monthly,0.0018907386088018452,560,普通,3,3,0.014851675303576395,0.01917198753516791,-0.01296093669477455,0.12730810296846048,False,cadence=monthly,1,-0.002336417400366997,0.01718809270394339
10,0.5,quarterly,-0.003041538115541087,188,普通,3,3,-0.002336417400366997,-0.0021013771619756336,-0.0007051207151740901,,False,cadence=quarterly,1,0.014851675303576395,-0.01718809270394339
10,0.75,monthly,0.010378182351032272,560,普通,5,5,0.021904083612438934,0.024209263864720266,-0.011525901261406662,0.4738012570924761,False,cadence=monthly,1,-0.0013859175072432617,0.023290001119682196
10,0.75,quarterly,-0.00025103245593349754,188,普通,5,5,-0.0013859175072432617,-0.0016128945175052146,0.0011348850513097641,,False,cadence=quarterly,1,0.021904083612438934,-0.023290001119682196
10,1.0,monthly,0.0183059338139544,174,普通,3,3,0.02902790601411981,0.032601896747508276,-0.010721972200165408,0.630632254529486,False,cadence=monthly,1,-0.0003153645571064567,0.029343270571226265
10,1.0,quarterly,0.0017437688851296151,60,普通,3,3,-0.0003153645571064567,-0.0010017423711851474,0.002059133442236072,,True,cadence=quarterly,1,0.02902790601411981,-0.029343270571226265
20,0.5,monthly,0.013422139009352518,560,普通,5,5,0.014766243961447878,0.01503506495186695,-0.0013441049520953596,0.9089744856170204,False,cadence=monthly,1,-0.00037981733690336156,0.01514606129835124
20,0.5,quarterly,-0.004012508699492656,188,普通,5,5,-0.00037981733690336156,0.00034672093561449735,-0.0036326913625892945,,False,cadence=quarterly,1,0.014766243961447878,-0.01514606129835124
20,0.75,monthly,0.033715641245118944,560,普通,8,8,0.02178019674632714,0.020288266183978165,0.011935444498791803,1.547995256324051,False,cadence=monthly,1,0.001188979042503085,0.020591217703824057
20,0.75,quarterly,-0.0020405903305007467,188,普通,8,8,0.001188979042503085,0.0015926752141285638,-0.0032295693730038317,-1.7162542463362656,False,cadence=quarterly,1,0.02178019674632714,-0.020591217703824057
20,1.0,monthly,0.05371186664637362,174,孤峰,5,5,0.028868084163745644,0.023899327667220048,0.024843782482627974,1.8605968564352586,True,cadence=monthly,1,0.002886405369459425,0.025981678794286218
20,1.0,quarterly,-0.0007136043271211978,70,普通,5,5,0.002886405369459425,0.00360640730877555,-0.003600009696580623,-0.24722942060450914,False,cadence=quarterly,1,0.028868084163745644,-0.025981678794286218
40,0.5,monthly,0.007500388116316037,560,普通,5,5,0.0175228117028845,0.019527296420198192,-0.010022423586568463,0.4280356510982406,False,cadence=monthly,1,0.002745821458538115,0.014776990244346385
40,0.5,quarterly,0.0004364259808049553,188,普通,5,5,0.002745821458538115,0.003207700554084747,-0.0023093954777331596,0.15894186399042495,False,cadence=quarterly,1,0.0175228117028845,-0.014776990244346385
40,0.75,monthly,0.02169037443806565,560,普通,8,8,0.0254785892248358,0.02595211607318207,-0.003788214786770147,0.8513177180517709,False,cadence=monthly,1,0.005347222027558724,0.020131367197277074
40,0.75,quarterly,0.006630339599242863,188,普通,8,8,0.005347222027558724,0.005186832331098207,0.0012831175716841387,1.2399596585051371,False,cadence=quarterly,1,0.0254785892248358,-0.020131367197277074
40,1.0,monthly,0.03540650648792898,142,普通,5,5,0.03350275226682616,0.033122001422605594,0.0019037542211028172,1.0568238157253689,False,cadence=monthly,1,0.008079828789052853,0.025422923477773307
40,1.0,quarterly,0.011949550845939516,70,普通,5,5,0.008079828789052853,0.00730588437767552,0.003869722056886663,1.4789361455442778,False,cadence=quarterly,1,0.03350275226682616,-0.025422923477773307
60,0.5,monthly,0.007368262296896688,560,普通,5,5,0.009846728945634839,0.010342422275382467,-0.0024784666487381504,0.7482954326840812,False,cadence=monthly,1,0.002039728770426722,0.007807000175208117
60,0.5,quarterly,0.0032221082323991013,188,普通,5,5,0.002039728770426722,0.0018032528780322465,0.001182379461972379,1.5796748465361006,False,cadence=quarterly,1,0.009846728945634839,-0.007807000175208117
60,0.75,monthly,0.02144006511155716,560,普通,8,8,0.015167191853303421,0.014383082696021704,0.0062728732582537396,1.4135817176260947,False,cadence=monthly,1,0.004370781625826072,0.010796410227477349
60,0.75,quarterly,0.012239153968775174,188,普通,8,8,0.004370781625826072,0.003387235082957435,0.007868372342949102,2.800220879591986,False,cadence=quarterly,1,0.015167191853303421,-0.010796410227477349
60,1.0,monthly,0.035052059671912605,118,普通,5,5,0.0205747861457527,0.017679331440520717,0.014477273526159906,1.7036415068230726,False,cadence=monthly,1,0.006841482640912444,0.013733303504840255
60,1.0,quarterly,0.020414122977981508,60,孤峰,5,5,0.006841482640912444,0.004126954573498631,0.013572640337069064,2.983874117563922,True,cadence=quarterly,1,0.0205747861457527,-0.013733303504840255
120,0.5,monthly,-0.0018126406079981283,560,普通,3,3,0.007472402779856835,0.010567417242475155,-0.009285043387854963,-0.24257801157138068,False,cadence=monthly,1,0.001292901760628129,0.006179501019228706
120,0.5,quarterly,-0.005370395426244068,188,普通,3,3,0.001292901760628129,0.0035140008229188613,-0.006663297186872197,-4.153753664651965,False,cadence=quarterly,1,0.007472402779856835,-0.006179501019228706
120,0.75,monthly,0.002893924318971619,560,普通,5,5,0.011984576272903355,0.013802706663689702,-0.009090651953931736,0.24147072479438975,False,cadence=monthly,1,0.00338678636774122,0.008597789905162134
120,0.75,quarterly,-0.004919259732417691,188,普通,5,5,0.00338678636774122,0.005047995587773002,-0.008306046100158912,-1.4524859847296887,False,cadence=quarterly,1,0.011984576272903355,-0.008597789905162134
120,1.0,monthly,0.00696578684608018,86,普通,3,3,0.01658795898713039,0.019795349700813796,-0.009622172141050211,0.41993031520541607,False,cadence=monthly,1,0.005617251350073071,0.01097070763705732
120,1.0,quarterly,-0.005265011814046705,46,普通,3,3,0.005617251350073071,0.009244672404779664,-0.010882263164119776,-0.9372932571333514,False,cadence=quarterly,1,0.01658795898713039,-0.01097070763705732
