代號,收費模式,命中語,原句,申報日,accession,取自
PANW,席位,per-user,"In addition to the subscriptions purchased with these firewalls, customers may also purchase other subscriptions on a per-user, per-endpoint, or capacity-based basis.",2025-08-29,000132756725000027,全文(附註內找不到)
CRWD,訂閱(未標明計量),subscription-based model,"Today, we offer 33 cloud modules on our Falcon platform via a SaaS subscription-based model that spans multiple large markets, including corporate endpoint and cloud workload security, managed security services, security and vulnerability management, IT operations management, identity protection, next-generation security information and event management (“SIEM”) and log management, threat intelligence services, data protection, SaaS security posture management, Security Orchestration, Automation and Response (“SOAR”) and AI powered workflow automation, and security for generative AI and AI-dri",2026-03-05,000153552726000010,全文(附註內找不到)
FTNT,資產或存戶,per account,"In addition to FortiCare solution based services, Advanced Support service options are available per account.",2026-02-25,000126203926000007,全文(附註內找不到)
MSFT,席位,per-user,"This segment primarily comprises: • Microsoft 365 Commercial products and cloud services, including Microsoft 365 Commercial cloud, comprising Microsoft 365 Commercial, Enterprise Mobility + Security, the cloud portion of Windows Commercial, the per-user portion of Power BI, Exchange, SharePoint, Microsoft Teams, Microsoft 365 Security and Compliance, and Microsoft 365 Copilot; and Microsoft 365 Commercial products, comprising Windows Commercial on-premises and Office licensed on-premises.",2026-07-29,000119312526323660,全文(附註內找不到)
PLTR,用量或交易,usage-based,"There is no guarantee that our existing or proposed business strategies, including subscription-based or usage-based pricing structures, will achieve broad adoption by current or prospective customers or be appropriately structured to attract and retain other potential customers across the customer base.",2026-02-17,000132165526000011,全文(附註內找不到)
CSCO,授權或永久,term license,Term software licenses are multiple performance obligations where the term license is recognized upfront upon transfer of control with the associated software maintenance revenue recognized ratably over the contract term.,2025-09-03,000085887725000111,收入確認附註
CRM,授權或永久,term license,"Remaining performance obligation is influenced by several factors, including seasonality, the timing of renewals, the timing of term license deliveries, average contract terms and foreign currency exchange rates.",2026-03-02,000110852426000060,收入確認附註
ORCL,用量或交易,usage-based,"• cost-effective by lowering upfront customer investments and implementing usage-based resource consumption costs; and • highly performant and secure, standards-based and reliable.",2026-06-22,000119312526277521,全文(附註內找不到)
AVGO,用量或交易,usage-based,"Additionally, as a practical expedient, we have not included contracts that have an original duration of one year or less, nor have we included contracts with sales-based or usage-based royalties promised in exchange for a license of IP.",2025-12-18,000173016825000121,收入確認附註
NET,席位,per seat,Enterprise subscription plan agreements for our contracted customers generally include a base subscription and a smaller portion based on usage or per seat.,2023-02-24,000147733323000017,全文(附註內找不到)
NOW,用量或交易,consumption-based,"In addition to subscription offerings, certain AI and data solutions include a consumption-based pricing component that governs when customer usage exceeds the fixed number of service credits available under the customer’s subscription agreement.",2026-01-29,000137371526000007,全文(附註內找不到)
OKTA,查不到,,10-K 收入確認附註與全文內皆找不到收費模式語,2023-03-03,000166013423000013,
DDOG,用量或交易,based on usage,"The Company’s customers can enter into (1) a subscription agreement for a committed contractual amount of usage that is apportioned ratably on a monthly basis over the term of the subscription period, (2) a subscription agreement for a committed contractual amount of usage that is delivered as used, or (3) a monthly subscription based on usage.",2026-02-18,000162828026008819,收入確認附註
ZS,席位,per-user,Our subscription pricing is primarily calculated on a per-user basis.,2022-09-15,000171368322000081,全文(附註內找不到)
ADBE,用量或交易,usage-based,"We applied practical expedients to exclude amounts related to performance obligations that are billed and recognized as they are delivered, optional purchases that do not represent material rights, sales and usage-based royalties not yet consumed and any estimated amounts of variable consideration that are subject to constraint.",2026-01-15,000079634326000003,收入確認附註
RBRK,授權或永久,perpetual license,"2025 Form 10-K 17 Table of Contents Furthermore, we have historically sold our products to customers as perpetual licenses with associated maintenance contracts or as subscription term-based licenses with associated support, and with respect to the latter, we recognized a portion of the revenue upfront at the time we transferred control of the subscription term-based license to the customer and deferred the remainder.",2025-03-20,0001943896-25-000012,全文(附註內找不到)
FFIV,用量或交易,usage-based,"We sell packaged software in perpetual, subscription, and usage-based consumption models.",2025-11-25,000104869525000157,全文(附註內找不到)
INTU,查不到,,10-K 收入確認附註與全文內皆找不到收費模式語,2025-09-03,000089687825000035,
GEN,查不到,,10-K 收入確認附註與全文內皆找不到收費模式語,2026-05-21,000084939926000017,
DT,授權或永久,term license,"Because we recognize revenue from our SaaS subscriptions and term licenses over the subscription or license term, downturns or upturns in new sales and renewals may not be immediately reflected in our operating results and may be difficult to discern.",2025-05-22,0001773383-25-000065,全文(附註內找不到)
CDNS,用量或交易,usage-based,"Contractual arrangements with customers for both environments are generally time-based, similar to the on-premises software license arrangements described above, and may include usage-based terms.",2026-02-19,000081367226000016,全文(附註內找不到)
APP,用量或交易,usage-based,"Revenue from Wurl is primarily generated from content companies, typically on a usage-based model.",2023-02-28,000175100823000006,全文(附註內找不到)
SNPS,授權或永久,perpetual license,Our S&A software solutions are offered as subscription solutions and also as perpetual licenses.,2025-12-22,000088324125000028,全文(附註內找不到)
AKAM,用量或交易,usage-based,It excludes estimates of variable consideration such as usage-based contracts with no committed contract as well as anticipated renewed contracts.,2026-02-20,000108622226000022,收入確認附註
ANET,查不到,,10-K 收入確認附註與全文內皆找不到收費模式語,2026-02-17,000159653226000013,
CHKP,查不到,,"倉內快取與補抓皆無 10-K 全文(多為外國私人發行人交 20-F,或非美國申報人)",,,
NTAP,用量或交易,consumption-based,"Transition to consumption-based business models may adversely affect our revenues and profitability in other areas of our business, potentially harming our business, operating results, financial condition and cash flows.",2026-06-05,000119312526259683,全文(附註內找不到)
FROG,用量或交易,usage-based,"Our self-managed subscriptions are offered on an annual and multi-year basis, while our SaaS subscriptions are offered on a monthly, annual, and multi-year basis and can consist of fixed and usage-based fees.",2025-02-14,0000950170-25-021340,全文(附註內找不到)
LDOS,查不到,,10-K 收入確認附註與全文內皆找不到收費模式語,2026-02-17,000133692026000030,
ACN,用量或交易,per-transaction,"We have many types of contracts, including time-and-materials contracts, fixed-price contracts, fee-per-transaction contracts and contracts with multiple fee types.",2025-10-10,000146737325000217,全文(附註內找不到)
HO.FP,查不到,,"倉內快取與補抓皆無 10-K 全文(多為外國私人發行人交 20-F,或非美國申報人)",,,
ESTC,用量或交易,consumption-based,"the impact that increased adoption of consumption-based arrangements could have on our revenue or operating results; &#8226; the impact of changes to our licensing of our products, particularly Elasticsearch and Kibana; &#8226; our assessments of the strength of our solutions and products; &#8226; our service performance and security, including the resources and costs required to prevent, detect and remediate potential security breaches or incidents; &#8226; our ability to maintain and expand our user and customer base; &#8226; continued development of the market for our products; &#8226; comp",2025-06-10,0001707753-25-000021,全文(附註內找不到)
GOOGL,用量或交易,based on volume,"Furthermore, certain of our competitors may negotiate more favorable contractual terms based on volume and other commitments that may provide them with competitive advantages and may affect our supply.",2023-02-03,000165204423000016,收入確認附註
INFY,查不到,,"倉內快取與補抓皆無 10-K 全文(多為外國私人發行人交 20-F,或非美國申報人)",,,
MSTR,用量或交易,usage-based,"(iii) Sales and usage-based royalties – Certain product license arrangements include sales or usage-based royalties, covering both product license and product support.",2023-02-16,000156459023002012,全文(附註內找不到)
ADSK,授權或永久,perpetual license,"In recent years, the industry has undergone a transition from developing and selling perpetual licenses and on-premises products to subscriptions and cloud-enabled technologies.",2026-03-03,000076939726000015,全文(附註內找不到)
IBM,查不到,,10-K 收入確認附註與全文內皆找不到收費模式語,2026-02-24,000005114326000010,
S,用量或交易,usage-based,"We define ARR as the annualized revenue run rate of our subscription, consumption and usage-based agreements at the end of a reporting period, assuming contracts are renewed on their existing terms for customers that are under contracts with us.",2026-03-19,000158370826000020,全文(附註內找不到)
ROP,用量或交易,usage-based,• Reoccurring – consists primarily of transactional and volume-based fees which are highly reoccurring and recognized at a point in time under a usage-based model.,2026-02-24,000088283526000009,收入確認附註
WDAY,訂閱(未標明計量),subscription-based model,"Furthermore, our subscription-based model is largely based on the size of our customers’ employee headcount.",2026-03-06,000132781126000014,全文(附註內找不到)
BAH,查不到,,10-K 收入確認附註與全文內皆找不到收費模式語,2025-05-23,0001443646-25-000076,
TTWO,查不到,,10-K 收入確認附註與全文內皆找不到收費模式語,2023-05-26,000162828023019851,
QLYS,查不到,,10-K 收入確認附註與全文內皆找不到收費模式語,2023-02-23,000143774923004384,
VRNS,授權或永久,Perpetual License,Services Maintenance and Support of Subscription and Perpetual Licenses Maintenance and support associated with a term license subscription is included in the Term license subscriptions revenue line of the statement of operations.,2025-02-06,0001628280-25-004187,全文(附註內找不到)
CVLT,用量或交易,based on the volume,These stock units were valued based on the volume weighted average price of our share price for the thirty days preceding the close date.,2025-05-05,0001169561-25-000034,收入確認附註
BB,用量或交易,usage-based,"The disclosure includes estimates of variable consideration, except when the variable consideration is a sales-based or usage-based royalty promised in exchange for a license of intellectual property.",2025-04-02,0001070235-25-000068,收入確認附註
TEAM,授權或永久,term license,"Data Center offerings are on-premises term license agreements for the Company’s Data Center products, which are software licensed for a specified period, and include support and maintenance services that are bundled with the license for the term of the license period.",2025-08-15,0001650372-25-000036,收入確認附註
4704.JP,查不到,,"倉內快取與補抓皆無 10-K 全文(多為外國私人發行人交 20-F,或非美國申報人)",,,
SAIC,用量或交易,usage-based,"36 Table of Contents SCIENCE APPLICATIONS INTERNATIONAL CORPORATION Many of our contracts include forms of variable consideration such as reimbursable costs, award and incentive fees, usage-based pricing, service-level penalties, performance bonuses, and other provisions that can either increase or decrease the transaction price.",2025-03-17,0001571123-25-000022,全文(附註內找不到)
ZM,查不到,,10-K 收入確認附註與全文內皆找不到收費模式語,2025-02-28,0001585521-25-000042,
OTEX.CN,查不到,,"倉內快取與補抓皆無 10-K 全文(多為外國私人發行人交 20-F,或非美國申報人)",,,
FICO,用量或交易,Usage-based,"This does not include: • Usage-based revenue that will be recognized in future periods from on-premises software subscriptions; • Consumption-based variable fees from SaaS software that will be recognized in the distinct service period during which it is earned; and • Revenue from variable considerations that will be recognized in accordance with the “right-to-invoice” practical expedient, such as fees from our professional services billed based on a time and materials basis.",2025-11-07,000081454725000030,收入確認附註
TENB,授權或永久,perpetual license,"77 Table of Contents We generate revenue from subscription arrangements for software and cloud-based solutions, perpetual licenses, maintenance associated with perpetual licenses, and professional services and other revenue.",2025-02-24,0001660280-25-000034,收入確認附註
NTNX,訂閱(未標明計量),subscription-based model,"In addition to our land and expand strategy described above, as part of our transition to a subscription-based model, we have enhanced our focus on renewals, which are typically associated with lower sales costs.",2022-09-21,000095017022018732,全文(附註內找不到)
FSLY,用量或交易,usage-based,"This pricing model has been in place for a limited amount of time, and we do not know the impact it will have on our usage-based pricing model over time.",2025-02-26,0001517413-25-000063,全文(附註內找不到)
PTC,用量或交易,based on volume,Contracts for which our commitment is variable or based on volumes with no fixed minimum quantities and contracts that can be canceled without payment penalties are not included in the purchase obligation amounts above.,2025-11-21,000119312525291326,全文(附註內找不到)
U,用量或交易,consumption-based,Our Cloud and Hosting service arrangements are based on a fixed fee or consumption-based model.,2023-02-27,000181080623000016,收入確認附註
IOT,查不到,,10-K 收入確認附註與全文內皆找不到收費模式語,2025-03-25,0001642896-25-000022,
TYL,用量或交易,Transaction-based,"For the year ended December 31, 2025 Enterprise Software Platform Technologies Totals Revenues Subscriptions: SaaS $ 691,288 $ 86,481 Transaction-based fees 318,143 490,291 Maintenance 422,886 22,728 Professional services 213,749 28,951 Software licenses and royalties 13,049 ( 233 ) Hardware and other 35,306 336 Total segment revenues 1,694,421 628,554 2,322,975 Less: Cost of revenues 725,718 431,657 Sales and marketing expense 101,243 19,931 General and administrative expense 45,483 53,057 Research and development expense 161,346 17,845 Segment operating income $ 660,631 $ 106,064 $ 766,695 F",2026-02-18,000086073126000016,收入確認附註
BMNR,用量或交易,consumption-based,Hosting revenue from customers and related parties is based on consumption-based contracts with our customers and related parties.,2022-12-09,000168316822008295,全文(附註內找不到)
TRMB,授權或永久,perpetual license,Software including perpetual licenses is recognized upon delivery and commencement of the license term.,2026-02-25,000086474926000015,收入確認附註
GWRE,用量或交易,based on the volume,"Under the terms of the ASR, the total number of shares delivered and average price paid per share was determined at the settlement date based on the volume weighted average price over the term of the ASR, less an agreed upon discount.",2025-09-11,0001528396-25-000221,收入確認附註
DOCU,用量或交易,transaction-based,"For example, in the second quarter of fiscal 2025, we began to offer our IAM platform on a user-based subscription with transaction-based add-ons.",2025-03-18,0001261333-25-000024,全文(附註內找不到)
HUBS,用量或交易,consumption-based,"In addition, our growth strategy involves a scalable pricing model (including freemium versions of our products and our recent seats-based and consumption-based pricing model changes) intended to provide opportunities to increase the value of our customer relationships over time, including as customers expand their use of our platform, or we sell to other parts of their organizations, cross-sell additional products and seats through touchless or low touch in product purchases, and upsell additional offerings and features.",2026-02-11,000119312526046646,全文(附註內找不到)
MANH,用量或交易,usage-based,We exclude sales and usage-based taxes from revenue.,2025-02-07,0000950170-25-016295,全文(附註內找不到)
NTCT,查不到,,10-K 收入確認附註與全文內皆找不到收費模式語,2025-05-15,0001628280-25-025982,
ATEN,用量或交易,consumption-based,"Product Form Factors Our products are offered in a variety of form factors and payment models, including physical appliances and perpetual and subscription-based software licenses, as well as pay-as-you-go licensing models and FlexPool, a flexible consumption-based software model.",2025-02-25,0001580808-25-000043,全文(附註內找不到)
HUT,用量或交易,consumption-based,"Usage revenue (overage and consumption-based services) is recorded as service revenue in the month the usage is incurred/service is consumed by the customer, based on a fixed agreed upon fee per unit consumed.",2026-02-25,000110465926019392,收入確認附註
IDCC,查不到,,10-K 收入確認附註與全文內皆找不到收費模式語,2025-02-06,0001405495-25-000011,
ZD,用量或交易,usage-based,"(ii) usage-based fees, and (iii) reselling various third-party solutions, primarily through the Company’s email security line of business.",2025-02-25,0001084048-25-000007,收入確認附註
AUR,查不到,,10-K 收入確認附註與全文內皆找不到收費模式語,2023-02-21,000182810823000020,
RIOT,查不到,,10-K 收入確認附註與全文內皆找不到收費模式語,2023-03-02,000155837023002704,
WULF,用量或交易,Transaction-based,"GAAP measure (i.e., net loss) for the periods indicated (in thousands): Year Ended December 31, 2025 2024 Net loss $ (661,416) $ (72,418) Adjustments to reconcile net loss to non-GAAP Adjusted EBITDA: Gain on sale of equity interest in investee — (22,602) Equity in net loss (income) of investee, net of tax 4,130 (3,363) Distributions from investee, related to Nautilus — 22,776 Income tax provision 76 — Other income (39,044) (3,927) Loss on extinguishment of debt — 6,300 Change in fair value of warrants and derivatives 429,793 — Interest expense 80,248 19,794 Loss on disposals of property, plan",2026-02-27,000108330126000031,全文(附註內找不到)
GTLB,席位,number of seats,"Even if customers choose to renew their current subscriptions with us, they may decline to purchase additional services or they may choose to downtier or otherwise decrease the number of seats in their subscription.",2025-03-21,0001628280-25-014344,全文(附註內找不到)
PCOR,授權或永久,software license fees,"Additionally, cost of revenue includes non-personnel-related expenses, such as third-party hosting costs, amortization of acquired technology intangible assets, amortization of capitalized software development costs related to the Company’s platform, software license fees, and allocated overhead.",2025-02-26,0001628280-25-008121,收入確認附註
DSGX,查不到,,"倉內快取與補抓皆無 10-K 全文(多為外國私人發行人交 20-F,或非美國申報人)",,,
QBTS,查不到,,10-K 收入確認附註與全文內皆找不到收費模式語,2023-04-18,000190798223000011,
ZETA,用量或交易,transaction based,The Company has recorded this transaction based on the preliminary purchase price allocation.,2025-02-26,0000950170-25-027338,收入確認附註
PATH,授權或永久,term license,Licenses revenue (including the term license portion of Flex Offerings ) is recognized when we transfer control of the respective license to the customer.,2025-03-24,0001734722-25-000007,全文(附註內找不到)
CORZ,用量或交易,consumption-based,The Digital Asset Hosted Mining business generates revenue through the sale of consumption-based contracts for its digital asset hosted mining services which are recurring in nature.,2026-03-02,000162828026013305,收入確認附註
SNAP,席位,per user,We count a DAU only when a user visits Snapchat through our applications or websites and only once per user per day.,2025-02-05,0001564408-25-000019,全文(附註內找不到)
OTEX,授權或永久,perpetual license,"In addition, increased competition and transitioning from perpetual license sales to subscription-based business model could put significant pricing pressures on our products, which could negatively impact our margins and profitability.",2025-08-07,0001002638-25-000053,全文(附註內找不到)
CIFR,用量或交易,transaction based,"The Company determined that the Luminant Lease Agreement and the Luminant Purchase and Sale Agreement should be combined for accounting purposes under ASC 842 (collectively, the “Combined Luminant Lease Agreement”) and that amounts exchanged under the combined contract should be allocated to the various components of the overall transaction based on relative fair values.",2026-02-24,000181998926000009,收入確認附註
CRCL,用量或交易,usage-based,"115 Transaction revenue is generated from usage-based, volume-based, or event-driven transactions.",2026-03-09,0001876042-26-000062,收入確認附註
ACIW,用量或交易,usage-based,Revenue that will be recognized in future periods from capacity overages that are accounted for as a usage-based royalty.,2025-02-27,0000935036-25-000006,收入確認附註
RNG,用量或交易,usage-based,"These arrangements have contractual terms typically ranging from one month to five years and include recurring fixed plan subscription fees, variable usage-based fees for usage in excess of plan limits, one-time fees, recurring license and other fees, derived from sales through our direct and indirect sales channels, including resellers and distributors, strategic partners and global service providers.",2025-02-26,0001384905-25-000014,收入確認附註
DBX,席位,based on users,Our autocomplete technology surfaces and prioritizes content based on users’ previous activity.,2025-02-21,0001467623-25-000011,全文(附註內找不到)
APPF,用量或交易,Usage-based,"Usage-based fees are charged either as a percentage of the transaction amount (e.g., for certain of our electronic payment services) or on a flat fee per transaction basis with no minimum usage commitments (e.g., for our tenant screening and risk mitigation services).",2025-02-06,0001433195-25-000013,收入確認附註
BSY,席位,based on the number of users,"We deliver our Bentley Infrastructure Cloud capabilities under our CSS, charged quarterly based on the number of users of various levels of functionality.",2025-02-26,0001031308-25-000002,全文(附註內找不到)
TTAN,席位,based on the number of users,"Our customer contracts are generally based on the number of users, mix of products, number of end customers and the amount of GTV.",2025-04-02,0000950170-25-048834,全文(附註內找不到)
BOX,席位,number of seats,"We cannot assure you that customers will renew their subscriptions upon expiration at the same or higher level of service, for the same number of seats or for the same duration of time, if at all.",2025-03-10,0000950170-25-036261,全文(附註內找不到)
MARA,查不到,,10-K 收入確認附註與全文內皆找不到收費模式語,2023-03-16,000149315223007879,
BILL,席位,based on the number of users,The Company charges its SMB and accounting firm customers subscription fees for access to its platform either based on the number of users or per customer account and the level of service.,2025-08-28,0001786352-25-000037,收入確認附註
YOU,席位,per user,"CLEAR1 contract structures vary by use case, but are typically multi-year agreements that drive revenue through transaction fees (charged per use or per user) in addition to an annual platform fee.",2025-02-26,0001856314-25-000008,全文(附註內找不到)
RDWR,查不到,,"倉內快取與補抓皆無 10-K 全文(多為外國私人發行人交 20-F,或非美國申報人)",,,
WK,席位,number of seats,"Since solution-based licensing offers our customers an unlimited number of seats for each solution purchased, we expect customers to add more seats over time.",2025-02-25,0001445305-25-000034,全文(附註內找不到)
CCC,用量或交易,based on transaction volume,"For contracts where fees are solely based on transaction volume, the amount invoiced corresponds directly with the value provided to the customer, and revenue is recognized when invoiced using the as-invoiced practical expedient.",2025-02-25,0000950170-25-026848,收入確認附註
QTWO,席位,per user,We consider various factors including the degree to which usage is interdependent or interrelated to past services and contractual price per user and their relationship to market terms.,2025-02-12,0001410384-25-000010,全文(附註內找不到)
DLB,用量或交易,consumption-based,Revenue Generation Dolby OptiView is a software as a service (SaaS) product licensed directly to enterprises via a consumption-based revenue model.,2025-11-18,0001308547-25-000007,全文(附註內找不到)
LIF,訂閱(未標明計量),subscription-based service,"We have also invested, and expect to continue to invest, significant resources in growing our subscription-based services to support increasing usage as well as new lines of business, products, services, product extensions and other initiatives to generate revenue.",2025-02-27,0001581760-25-000008,全文(附註內找不到)
CLSK,查不到,,10-K 收入確認附註與全文內皆找不到收費模式語,2022-12-15,000095017022026564,
PEGA,授權或永久,Perpetual license,"$ 828,332 55 % $ 785,029 55 % $ 763,558 57 % Other Americas 95,698 6 % 85,149 6 % 102,980 8 % United Kingdom (""U.K."") 157,830 11 % 158,014 11 % 115,793 9 % Europe (excluding U.K.), Middle East, and Africa 249,325 17 % 242,303 17 % 194,563 15 % Asia-Pacific 165,995 11 % 162,121 11 % 140,951 11 % $ 1,497,180 100 % $ 1,432,616 100 % $ 1,317,845 100 % Revenue streams (in thousands) 2024 2023 2022 Pega Cloud $ 558,734 $ 461,328 $ 384,271 Maintenance 323,304 331,856 317,564 Consulting 213,273 221,706 230,654 Revenue recognized over time 1,095,311 1,014,890 932,489 Subscription license 398,102 407,62",2025-02-12,0001013857-25-000024,收入確認附註
ATO.FP,查不到,,"倉內快取與補抓皆無 10-K 全文(多為外國私人發行人交 20-F,或非美國申報人)",,,
ADEA,席位,per-subscriber,"Customers typically pay us a monthly per-subscriber fee and include many of the leading MVPDs and virtual MVPDs such as Altice USA (including Optimum), AT&T (including DirecTV and DirecTV Stream), Charter, Comcast (including Sky), Cox, DISH Network (including Sling TV), Google (including YouTube TV), Verizon and Vodafone.",2025-02-19,0000950170-25-023148,全文(附註內找不到)
BRZE,查不到,,10-K 收入確認附註與全文內皆找不到收費模式語,2025-03-31,0001676238-25-000054,
SPSC,訂閱(未標明計量),subscription-based service,Revenue for subscription-based services is recognized on a ratable basis over the contract term beginning on the date that our service is made available to the customer.,2025-02-19,0001092699-25-000011,收入確認附註
ALRM,席位,per subscriber,"While we would generate revenue from ADT subscribers not on our platform using service offerings covered by any of our licensed patents from the per subscriber royalty fee charged to ADT under the patent license, these monthly fees will be less on a per subscriber basis than fees we receive from our SaaS solutions.",2025-02-20,0001459200-25-000004,全文(附註內找不到)
AGYS,用量或交易,per-transaction,We recognize certain subscription service revenue on a per-transaction basis.,2025-05-23,0000950170-25-076527,收入確認附註
SOUN,席位,per user,"Subscription revenues are derived from monthly fees based on fixed fees, usage-based revenue, revenue per query or revenue per user.",2025-03-11,0001628280-25-011821,收入確認附註
TDC,用量或交易,capacity-based,"Our Subscription Options Teradata offers subscription offerings that are flexibly priced, ranging from capacity-based to consumption-based pricing.",2026-02-27,000162828026012671,全文(附註內找不到)
FRSH,席位,based on the number of users,"We generally charge our customers for their use of our products based on the number of users they enable as ""agents"" under their customer account, as well as the features and functionality enabled.",2025-02-20,0001544522-25-000010,全文(附註內找不到)
KVYO,用量或交易,based on transaction volume,"The Company incurs fees based on transaction volume and dollars processed through its credit card processor which are 91 Table of Contents Klaviyo, Inc.",2025-02-19,0001835830-25-000014,全文(附註內找不到)
FIVN,用量或交易,usage-based,"We generate subscription revenue from our Intelligent CX Platform, and also generate usage-based telephony revenue.",2025-02-21,0001288847-25-000028,全文(附註內找不到)
RAMP,用量或交易,usage-based,"The Company has one primary business activity, its data collaboration platform, as described in the business description section of Note 1, ""Organization and Summary of Significant Accounting Policies."" The Company generates revenue from subscription fees from clients accessing our platform and from transactional usage-based fees from arrangements with certain publishers and addressable TV providers, and professional services fees.",2025-05-21,0000733269-25-000030,收入確認附註
NCNO,席位,seat-based,"As a result, we have shifted from a seat-based pricing model to a pricing framework that helps ensure value-based positioning and pricing of our products primarily based on the asset size of the FI.",2025-04-01,0001902733-25-000026,全文(附註內找不到)
INTA,席位,based on the number of users,We generally price our subscriptions based on the number of users adopting our solution and the modules deployed.,2025-08-20,0001193125-25-184080,全文(附註內找不到)
AVPT,授權或永久,term license,"Invoices for SaaS, term license and support and maintenance are generally issued annually in advance or when the license is made available for customer use.",2025-02-28,0001437749-25-005526,收入確認附註
PRGS,授權或永久,perpetual license,"Sales and Marketing Many of our products are sold as perpetual licenses, but certain products also use term licensing models, and our cloud-based offerings use a subscription-based model.",2025-01-21,0000876167-25-000010,全文(附註內找不到)
BLKB,用量或交易,transaction-based,"In addition, we derive a significant portion of our revenue from transaction-based payment processing fees that we collect from our customers through our Blackbaud Merchant Services solution, which enables our customers' donors to make donations and purchase goods and services using various payment options.",2025-02-21,0001280058-25-000010,全文(附註內找不到)
ALKT,用量或交易,usage-based,Revenues are recognized net of the most likely amount of sales credits and allowances and presented net of sales and usage-based taxes collected from clients on behalf of governmental authorities.,2025-02-28,0001529274-25-000031,收入確認附註
BL,席位,based on the number of users,"Since our customers generally pay fees based on the number of users on our platform within their organization, we believe the total number of users is an indicator of the growth of our business.",2025-02-21,0001666134-25-000003,全文(附註內找不到)
NN,查不到,,10-K 收入確認附註與全文內皆找不到收費模式語,2025-03-12,0001213900-25-023287,
APPN,席位,per-user,We generally sell our software on a per-user basis or through non-user-based single application licenses.,2025-02-19,0001441683-25-000017,全文(附註內找不到)
AI,用量或交易,usage-based,The Company excludes amounts related to performance obligations and usage-based royalties that are billed and recognized as they are delivered or billed and recognized in the same period.,2025-06-23,0001628280-25-032604,收入確認附註
LSPD,查不到,,"倉內快取與補抓皆無 10-K 全文(多為外國私人發行人交 20-F,或非美國申報人)",,,
VYX,用量或交易,transaction-based,"Further, we have product revenue derived from term-based software license arrangements that include customer termination rights and services revenue that is recurring or transaction-based business and we do not measure backlog information for these types of transactions.",2025-02-27,0000070866-25-000010,全文(附註內找不到)
PD,席位,per-user,"PagerDuty Incident Management is offered as four plan options offered on a per-user basis - Free, Professional, Business and Enterprise - to address increasingly complex requirements.",2025-03-17,0001568100-25-000023,全文(附註內找不到)
VERX,用量或交易,transaction-based,"Our flexible, tiered transaction-based pricing model also results in our customers growing their spend with us as they grow and continue to use our solutions.",2025-02-27,0001558370-25-001820,全文(附註內找不到)
ASAN,席位,seat-based,"Our core work management product is available in a tiered, seat-based model &#8211; Personal, Starter, Advanced, Enterprise, and Enterprise+ &#8211; each providing increasing levels of functionality and control to support growing organizational complexity.",2025-03-18,0001477720-25-000045,全文(附註內找不到)
AIP,授權或永久,perpetual right,"and Qualcomm France SARL (collectively, Qualcomm) and us and certain of our subsidiaries dated October 9, 2013, pursuant to which we sold to Qualcomm certain assets and intellectual property related to our FlexNoC product (the Purchase Agreement), we and our affiliates retained a non-exclusive, worldwide, perpetual right under patents acquired under the Purchase Agreement to, among other things, manufacture, license and distribute certain FlexNoC products and certain modifications thereto (the Retained Rights).",2025-02-18,0001667011-25-000010,全文(附註內找不到)
CXM,席位,per-user,Our platform includes products that are licensed on a per-user basis as well as products that are licensed based on different tiers of volume.,2025-03-21,0001569345-25-000019,全文(附註內找不到)
