ticker,cik,valid_from,valid_to,display_name,verdict,evidence
A,0001090872,2000-06-05,,Agilent Technologies,今日對照,"成分期由 2000-06-05 起一路未結束,代號今日仍屬 0001090872"
AAL,0000006201,2015-03-23,2024-09-23,,今日對照·已核實,"成分期 2015-03-23~2024-09-23 結束後,0000006201 未改過名(現名 American Airlines Group Inc.);視為同一實體一路持有"
AAP,0001158449,2015-07-09,2023-08-25,,今日對照·已核實,"成分期 2015-07-09~2023-08-25 結束後,0001158449 未改過名(現名 ADVANCE AUTO PARTS INC);視為同一實體一路持有"
AAPL,0000320193,1996-01-02,,Apple Inc.,今日對照,"成分期由 1996-01-02 起一路未結束,代號今日仍屬 0000320193"
ABBV,0001551152,2013-01-02,,AbbVie,今日對照,"成分期由 2013-01-02 起一路未結束,代號今日仍屬 0001551152"
ABNB,0001559720,2023-09-18,,Airbnb,今日對照,"成分期由 2023-09-18 起一路未結束,代號今日仍屬 0001559720"
ABT,0000001800,1996-01-02,,Abbott Laboratories,今日對照,"成分期由 1996-01-02 起一路未結束,代號今日仍屬 0000001800"
ACGL,0000947484,2022-11-01,,Arch Capital Group,今日對照,"成分期由 2022-11-01 起一路未結束,代號今日仍屬 0000947484"
ACN,0001467373,2011-07-06,,Accenture,今日對照,"成分期由 2011-07-06 起一路未結束,代號今日仍屬 0001467373"
ADBE,0000796343,1997-05-06,,Adobe Inc.,今日對照,"成分期由 1997-05-06 起一路未結束,代號今日仍屬 0000796343"
ADI,0000006281,1999-10-12,,Analog Devices,今日對照,"成分期由 1999-10-12 起一路未結束,代號今日仍屬 0000006281"
ADM,0000007084,1996-01-02,,Archer Daniels Midland,今日對照,"成分期由 1996-01-02 起一路未結束,代號今日仍屬 0000007084"
ADP,0000008670,1996-01-02,,Automatic Data Processing,今日對照,"成分期由 1996-01-02 起一路未結束,代號今日仍屬 0000008670"
ADSK,0000769397,1996-01-02,,Autodesk,今日對照,"成分期由 1996-01-02 起一路未結束,代號今日仍屬 0000769397"
AEE,0001002910,1996-01-02,,Ameren,今日對照,"成分期由 1996-01-02 起一路未結束,代號今日仍屬 0001002910"
AEP,0000004904,1996-01-02,,American Electric Power,今日對照,"成分期由 1996-01-02 起一路未結束,代號今日仍屬 0000004904"
AES,0000874761,1998-10-02,,AES Corporation,今日對照,"成分期由 1998-10-02 起一路未結束,代號今日仍屬 0000874761"
AET,,1996-01-02,2018-11-29,,佔位錨,"成分期 1996-01-02~2018-11-29 已結束,今日的代號→CIK 對照查無此代號;名稱表沒有代號一欄,單憑代號認不出當時屬誰"
AFL,0000004977,1999-05-28,,Aflac,今日對照,"成分期由 1999-05-28 起一路未結束,代號今日仍屬 0000004977"
AIG,0000005272,1996-01-02,,American International Group,今日對照,"成分期由 1996-01-02 起一路未結束,代號今日仍屬 0000005272"
AIV,0000922864,2003-03-14,2020-12-21,,今日對照·已核實,"成分期 2003-03-14~2020-12-21 結束後,0000922864 未改過名(現名 APARTMENT INVESTMENT & MANAGEMENT CO);視為同一實體一路持有"
AIZ,0001267238,2007-04-10,,Assurant,今日對照,"成分期由 2007-04-10 起一路未結束,代號今日仍屬 0001267238"
AJG,0000354190,2016-05-31,,Arthur J. Gallagher & Co.,今日對照,"成分期由 2016-05-31 起一路未結束,代號今日仍屬 0000354190"
AKAM,0001086222,2007-07-12,,Akamai Technologies,今日對照,"成分期由 2007-07-12 起一路未結束,代號今日仍屬 0001086222"
ALB,0000915913,2016-07-01,,Albemarle Corporation,今日對照,"成分期由 2016-07-01 起一路未結束,代號今日仍屬 0000915913"
ALGN,0001097149,2017-06-19,,Align Technology,今日對照,"成分期由 2017-06-19 起一路未結束,代號今日仍屬 0001097149"
ALK,0000766421,2016-05-13,2023-12-18,,今日對照·已核實,"成分期 2016-05-13~2023-12-18 結束後,0000766421 未改過名(現名 ALASKA AIR GROUP, INC.);視為同一實體一路持有"
ALL,0000899051,1996-01-02,,Allstate,今日對照,"成分期由 1996-01-02 起一路未結束,代號今日仍屬 0000899051"
ALLE,0001579241,2013-12-02,,Allegion,今日對照,"成分期由 2013-12-02 起一路未結束,代號今日仍屬 0001579241"
AMAT,0000006951,1996-01-02,,Applied Materials,今日對照,"成分期由 1996-01-02 起一路未結束,代號今日仍屬 0000006951"
AMCR,0001748790,2019-06-07,,Amcor,今日對照,"成分期由 2019-06-07 起一路未結束,代號今日仍屬 0001748790"
AMD,0000002488,2017-03-20,,Advanced Micro Devices,今日對照,"成分期由 2017-03-20 起一路未結束,代號今日仍屬 0000002488"
AME,0001037868,2013-09-23,,Ametek,今日對照,"成分期由 2013-09-23 起一路未結束,代號今日仍屬 0001037868"
AMG,0001004434,2014-07-01,2019-12-23,,今日對照·已核實,"成分期 2014-07-01~2019-12-23 結束後,0001004434 未改過名(現名 AFFILIATED MANAGERS GROUP, INC.);視為同一實體一路持有"
AMGN,0000318154,1996-01-02,,Amgen,今日對照,"成分期由 1996-01-02 起一路未結束,代號今日仍屬 0000318154"
AMP,0000820027,2005-10-03,,Ameriprise Financial,今日對照,"成分期由 2005-10-03 起一路未結束,代號今日仍屬 0000820027"
AMT,0001053507,2007-11-19,,American Tower,今日對照,"成分期由 2007-11-19 起一路未結束,代號今日仍屬 0001053507"
AMTM,0002011286,2024-09-30,2024-12-23,,今日對照·已核實,"成分期 2024-09-30~2024-12-23 結束後,0002011286 未改過名(現名 Amentum Holdings, Inc.);視為同一實體一路持有"
AMZN,0001018724,2005-11-21,,Amazon,今日對照,"成分期由 2005-11-21 起一路未結束,代號今日仍屬 0001018724"
AN,0000350698,2003-02-24,2017-08-08,,今日對照·已核實,"成分期 2003-02-24~2017-08-08 結束後,0000350698 未改過名(現名 AUTONATION, INC.);視為同一實體一路持有"
ANDV,,2007-09-27,2018-10-01,,佔位錨,"成分期 2007-09-27~2018-10-01 已結束,今日的代號→CIK 對照查無此代號;名稱表沒有代號一欄,單憑代號認不出當時屬誰"
ANET,0001596532,2018-08-28,,Arista Networks,今日對照,"成分期由 2018-08-28 起一路未結束,代號今日仍屬 0001596532"
AON,0000315293,1996-04-23,,Aon plc,今日對照,"成分期由 1996-04-23 起一路未結束,代號今日仍屬 0000315293"
AOS,0000091142,2017-07-26,,A. O. Smith,今日對照,"成分期由 2017-07-26 起一路未結束,代號今日仍屬 0000091142"
APA,0001841666,1997-07-28,,APA Corporation,今日對照,"成分期由 1997-07-28 起一路未結束,代號今日仍屬 0001841666"
APD,0000002969,1996-01-02,,Air Products,今日對照,"成分期由 1996-01-02 起一路未結束,代號今日仍屬 0000002969"
APH,0000820313,2008-09-30,,Amphenol,今日對照,"成分期由 2008-09-30 起一路未結束,代號今日仍屬 0000820313"
APO,0001858681,2024-12-23,,Apollo Global Management,今日對照,"成分期由 2024-12-23 起一路未結束,代號今日仍屬 0001858681"
APP,0001751008,2025-09-22,,AppLovin,今日對照,"成分期由 2025-09-22 起一路未結束,代號今日仍屬 0001751008"
APTV,0001521332,2012-12-24,,Aptiv,今日對照,"成分期由 2012-12-24 起一路未結束,代號今日仍屬 0001521332"
ARE,0001035443,2017-03-20,,Alexandria Real Estate Equities,今日對照,"成分期由 2017-03-20 起一路未結束,代號今日仍屬 0001035443"
ARES,0001176948,2025-12-11,,Ares Management,今日對照,"成分期由 2025-12-11 起一路未結束,代號今日仍屬 0001176948"
ATI,0001018963,1996-01-02,2015-07-02,,人手待辨,"今日持有人 0001018963 的申報由 1996-07-17 起,蓋不住成分期 1996-01-02~2015-07-02,它不可能是當時的持有人;它在成分期後才取得名稱(ATI INC);但名稱表上找不到一個同名、申報整段覆蓋成分期、而又在它取用該名稱之前已放低該名稱的候選,認不出當時屬誰;其第一份申報 1996-07-17 落在成分期之內,可能是期中成立的繼承實體,排除不了,暫時保留原錨"
ATO,0000731802,2019-02-15,,Atmos Energy,今日對照,"成分期由 2019-02-15 起一路未結束,代號今日仍屬 0000731802"
AVB,0000915912,2007-01-10,,,今日對照,"成分期由 2007-01-10 起一路未結束,代號今日仍屬 0000915912"
AVGO,0001730168,2014-05-08,,Broadcom,今日對照,"成分期由 2014-05-08 起一路未結束,代號今日仍屬 0001730168"
AVY,0000008818,1996-01-02,,Avery Dennison,今日對照,"成分期由 1996-01-02 起一路未結束,代號今日仍屬 0000008818"
AWK,0001410636,2016-03-04,,American Water Works,今日對照,"成分期由 2016-03-04 起一路未結束,代號今日仍屬 0001410636"
AXON,0001069183,2023-05-04,,Axon Enterprise,今日對照,"成分期由 2023-05-04 起一路未結束,代號今日仍屬 0001069183"
AXP,0000004962,1996-01-02,,American Express,今日對照,"成分期由 1996-01-02 起一路未結束,代號今日仍屬 0000004962"
AYI,0001144215,2016-05-03,2018-06-18,,同一實體改名·非回收,"0001144215 的申報由 2001-07-03 至 2026-07-06,一路貫穿成分期 2016-05-03~2018-06-18(期內名稱:ACUITY BRANDS INC);成分期後改名為「ACUITY INC. (DE)」是它自己改名,不是代號易主"
AZO,0000866787,1997-01-02,,AutoZone,今日對照,"成分期由 1997-01-02 起一路未結束,代號今日仍屬 0000866787"
BA,0000012927,1996-01-02,,Boeing,今日對照,"成分期由 1996-01-02 起一路未結束,代號今日仍屬 0000012927"
BAC,0000070858,1996-01-02,,Bank of America,今日對照,"成分期由 1996-01-02 起一路未結束,代號今日仍屬 0000070858"
BALL,0000009389,2022-05-10,,Ball Corporation,今日對照,"成分期由 2022-05-10 起一路未結束,代號今日仍屬 0000009389"
BAX,0000010456,1996-01-02,,Baxter International,今日對照,"成分期由 1996-01-02 起一路未結束,代號今日仍屬 0000010456"
BBT,0001108134,1997-12-04,2019-12-09,,人手待辨,"今日持有人 0001108134 的申報由 2000-03-10 起,蓋不住成分期 1997-12-04~2019-12-09,它不可能是當時的持有人;它在成分期後才取得名稱(Beacon Financial Corp);但名稱表上找不到一個同名、申報整段覆蓋成分期、而又在它取用該名稱之前已放低該名稱的候選,認不出當時屬誰;其第一份申報 2000-03-10 落在成分期之內,可能是期中成立的繼承實體,排除不了,暫時保留原錨"
BBWI,0000701985,2021-08-03,2024-10-01,,今日對照·已核實,"成分期 2021-08-03~2024-10-01 結束後,0000701985 未改過名(現名 Bath & Body Works, Inc.);視為同一實體一路持有"
BBY,0000764478,1999-06-30,,Best Buy,今日對照,"成分期由 1999-06-30 起一路未結束,代號今日仍屬 0000764478"
BDX,0000010795,1996-01-02,,Becton Dickinson,今日對照,"成分期由 1996-01-02 起一路未結束,代號今日仍屬 0000010795"
BEN,0000038777,1998-04-29,,Franklin Resources,今日對照,"成分期由 1998-04-29 起一路未結束,代號今日仍屬 0000038777"
BF-B,0000014693,1996-01-02,,Brown–Forman,今日對照,"成分期由 1996-01-02 起一路未結束,代號今日仍屬 0000014693"
BG,0001996862,2023-03-15,,Bunge Global,今日對照,"成分期由 2023-03-15 起一路未結束,代號今日仍屬 0001996862"
BHF,0001685040,2017-08-07,2019-04-02,,今日對照·已核實,"成分期 2017-08-07~2019-04-02 結束後,0001685040 未改過名(現名 Brighthouse Financial, Inc.);視為同一實體一路持有"
BIIB,0000875045,2003-11-13,,Biogen,今日對照,"成分期由 2003-11-13 起一路未結束,代號今日仍屬 0000875045"
BIO,0000012208,2020-06-22,2024-09-23,,今日對照·已核實,"成分期 2020-06-22~2024-09-23 結束後,0000012208 未改過名(現名 BIO-RAD LABORATORIES, INC.);視為同一實體一路持有"
BKNG,0001075531,2009-11-06,,Booking Holdings,今日對照,"成分期由 2009-11-06 起一路未結束,代號今日仍屬 0001075531"
BKR,0001701605,2019-10-18,,Baker Hughes,今日對照,"成分期由 2019-10-18 起一路未結束,代號今日仍屬 0001701605"
BLDR,0001316835,2023-12-18,,Builders FirstSource,今日對照,"成分期由 2023-12-18 起一路未結束,代號今日仍屬 0001316835"
BLK,0002012383,2011-04-04,,BlackRock,今日對照,"成分期由 2011-04-04 起一路未結束,代號今日仍屬 0002012383"
BMY,0000014272,1996-01-02,,Bristol Myers Squibb,今日對照,"成分期由 1996-01-02 起一路未結束,代號今日仍屬 0000014272"
BNY,0001390777,2026-05-21,,BNY Mellon,今日對照,"成分期由 2026-05-21 起一路未結束,代號今日仍屬 0001390777"
BR,0001383312,2018-06-18,,Broadridge Financial Solutions,今日對照,"成分期由 2018-06-18 起一路未結束,代號今日仍屬 0001383312"
BRK-B,0001067983,2010-02-16,,Berkshire Hathaway,今日對照,"成分期由 2010-02-16 起一路未結束,代號今日仍屬 0001067983"
BRO,0000079282,2021-09-20,,Brown & Brown,今日對照,"成分期由 2021-09-20 起一路未結束,代號今日仍屬 0000079282"
BSX,0000885725,1996-01-02,,Boston Scientific,今日對照,"成分期由 1996-01-02 起一路未結束,代號今日仍屬 0000885725"
BWA,0000908255,2011-12-19,2025-03-24,,今日對照·已核實,"成分期 2011-12-19~2025-03-24 結束後,0000908255 未改過名(現名 BORGWARNER INC);視為同一實體一路持有"
BX,0001393818,2023-09-18,,Blackstone Inc.,今日對照,"成分期由 2023-09-18 起一路未結束,代號今日仍屬 0001393818"
BXP,0001037540,2006-04-03,,"BXP, Inc.",今日對照,"成分期由 2006-04-03 起一路未結束,代號今日仍屬 0001037540"
C,0000831001,1996-01-02,,Citigroup,今日對照,"成分期由 1996-01-02 起一路未結束,代號今日仍屬 0000831001"
CAG,0000023217,1996-01-02,2026-06-30,,今日對照·已核實,"成分期 1996-01-02~2026-06-30 結束後,0000023217 未改過名(現名 CONAGRA BRANDS INC.);視為同一實體一路持有"
CAH,0000721371,1997-05-27,,Cardinal Health,今日對照,"成分期由 1997-05-27 起一路未結束,代號今日仍屬 0000721371"
CARR,0001783180,2020-04-03,,Carrier Global,今日對照,"成分期由 2020-04-03 起一路未結束,代號今日仍屬 0001783180"
CASY,0000726958,2026-04-09,,Casey's,今日對照,"成分期由 2026-04-09 起一路未結束,代號今日仍屬 0000726958"
CAT,0000018230,1996-01-02,,Caterpillar Inc.,今日對照,"成分期由 1996-01-02 起一路未結束,代號今日仍屬 0000018230"
CB,0000896159,1996-01-02,,Chubb Limited,今日對照,"成分期由 1996-01-02 起一路未結束,代號今日仍屬 0000896159"
CBOE,0001374310,2017-03-01,,Cboe Global Markets,今日對照,"成分期由 2017-03-01 起一路未結束,代號今日仍屬 0001374310"
CBRE,0001138118,2006-11-10,,CBRE Group,今日對照,"成分期由 2006-11-10 起一路未結束,代號今日仍屬 0001138118"
CCEP,0001650107,2016-01-04,2016-05-31,,同一實體改名·非回收,"0001650107 的申報由 2015-08-06 至 2026-08-24,一路貫穿成分期 2016-01-04~2016-05-31(期內名稱:COCA-COLA EUROPEAN PARTNERS LTD、COCA-COLA EUROPEAN PARTNERS plc);成分期後改名為「COCA-COLA EUROPACIFIC PARTNERS plc」是它自己改名,不是代號易主"
CCI,0001051470,2012-03-13,,Crown Castle,今日對照,"成分期由 2012-03-13 起一路未結束,代號今日仍屬 0001051470"
CCL,0000815097,1998-12-22,,Carnival Corporation,今日對照,"成分期由 1998-12-22 起一路未結束,代號今日仍屬 0000815097"
CDNS,0000813672,2017-09-18,,Cadence Design Systems,今日對照,"成分期由 2017-09-18 起一路未結束,代號今日仍屬 0000813672"
CDW,0001402057,2019-09-23,,CDW Corporation,今日對照,"成分期由 2019-09-23 起一路未結束,代號今日仍屬 0001402057"
CE,0001306830,2018-12-24,2025-03-24,,今日對照·已核實,"成分期 2018-12-24~2025-03-24 結束後,0001306830 未改過名(現名 Celanese Corp);視為同一實體一路持有"
CEG,0001868275,2022-02-02,,Constellation Energy,今日對照,"成分期由 2022-02-02 起一路未結束,代號今日仍屬 0001868275"
CF,0001324404,2008-08-27,,CF Industries,今日對照,"成分期由 2008-08-27 起一路未結束,代號今日仍屬 0001324404"
CFG,0000759944,2016-02-01,,Citizens Financial Group,今日對照,"成分期由 2016-02-01 起一路未結束,代號今日仍屬 0000759944"
CHD,0000313927,2015-12-29,,Church & Dwight,今日對照,"成分期由 2015-12-29 起一路未結束,代號今日仍屬 0000313927"
CHRW,0001043277,2007-03-02,,C.H. Robinson,今日對照,"成分期由 2007-03-02 起一路未結束,代號今日仍屬 0001043277"
CHTR,0001091667,2016-09-08,,Charter Communications,今日對照,"成分期由 2016-09-08 起一路未結束,代號今日仍屬 0001091667"
CI,0001739940,1996-01-02,,Cigna,今日對照,"成分期由 1996-01-02 起一路未結束,代號今日仍屬 0001739940"
CIEN,0000936395,2026-02-09,,Ciena,今日對照,"成分期由 2026-02-09 起一路未結束,代號今日仍屬 0000936395"
CINF,0000020286,1997-12-18,,Cincinnati Financial,今日對照,"成分期由 1997-12-18 起一路未結束,代號今日仍屬 0000020286"
CL,0000021665,1996-01-02,,Colgate-Palmolive,今日對照,"成分期由 1996-01-02 起一路未結束,代號今日仍屬 0000021665"
CLX,0000021076,1996-01-02,,Clorox,今日對照,"成分期由 1996-01-02 起一路未結束,代號今日仍屬 0000021076"
CMCSA,0001166691,1996-01-02,,Comcast,今日對照,"成分期由 1996-01-02 起一路未結束,代號今日仍屬 0001166691"
CME,0001156375,2006-08-11,,CME Group,今日對照,"成分期由 2006-08-11 起一路未結束,代號今日仍屬 0001156375"
CMG,0001058090,2011-04-28,,Chipotle Mexican Grill,今日對照,"成分期由 2011-04-28 起一路未結束,代號今日仍屬 0001058090"
CMI,0000026172,1996-01-02,,Cummins,今日對照,"成分期由 1996-01-02 起一路未結束,代號今日仍屬 0000026172"
CMS,0000811156,1999-05-03,,CMS Energy,今日對照,"成分期由 1999-05-03 起一路未結束,代號今日仍屬 0000811156"
CNC,0001071739,2016-03-30,,Centene Corporation,今日對照,"成分期由 2016-03-30 起一路未結束,代號今日仍屬 0001071739"
CNP,0001130310,1996-01-02,,CenterPoint Energy,今日對照,"成分期由 1996-01-02 起一路未結束,代號今日仍屬 0001130310"
CNX,0001070412,2006-06-28,2016-03-04,,同一實體改名·非回收,"0001070412 的申報由 1998-12-15 至 2026-08-17,一路貫穿成分期 2006-06-28~2016-03-04(期內名稱:CONSOL ENERGY INC、CONSOL Energy Inc);成分期後改名為「CNX Resources Corp」是它自己改名,不是代號易主"
COF,0000927628,1998-07-01,,Capital One,今日對照,"成分期由 1998-07-01 起一路未結束,代號今日仍屬 0000927628"
COHR,0000820318,2026-03-23,,Coherent Corp.,今日對照,"成分期由 2026-03-23 起一路未結束,代號今日仍屬 0000820318"
COIN,0001679788,2025-05-19,,Coinbase,今日對照,"成分期由 2025-05-19 起一路未結束,代號今日仍屬 0001679788"
COL,,2001-07-02,2018-11-27,,佔位錨,"成分期 2001-07-02~2018-11-27 已結束,今日的代號→CIK 對照查無此代號;名稱表沒有代號一欄,單憑代號認不出當時屬誰"
COO,0000711404,2016-09-23,,Cooper Companies (The),今日對照,"成分期由 2016-09-23 起一路未結束,代號今日仍屬 0000711404"
COP,0001163165,1996-01-02,,ConocoPhillips,今日對照,"成分期由 1996-01-02 起一路未結束,代號今日仍屬 0001163165"
COR,0001140859,2023-08-30,,Cencora,今日對照,"成分期由 2023-08-30 起一路未結束,代號今日仍屬 0001140859"
COST,0000909832,1996-01-02,,Costco,今日對照,"成分期由 1996-01-02 起一路未結束,代號今日仍屬 0000909832"
COTY,0001024305,2016-10-03,2020-09-21,,今日對照·已核實,"成分期 2016-10-03~2020-09-21 結束後,0001024305 未改過名(現名 COTY INC.);視為同一實體一路持有"
CPAY,0001175454,2024-03-25,,Corpay,今日對照,"成分期由 2024-03-25 起一路未結束,代號今日仍屬 0001175454"
CPB,0000016732,1996-01-02,2026-06-22,,今日對照·已核實,"成分期 1996-01-02~2026-06-22 結束後,0000016732 未改過名(現名 CAMPBELL'S Co);視為同一實體一路持有"
CPRI,0001530721,2016-01-04,2020-05-12,,今日對照·已核實,"成分期 2016-01-04~2020-05-12 結束後,0001530721 未改過名(現名 Capri Holdings Ltd);視為同一實體一路持有"
CPRT,0000900075,2018-07-02,,Copart,今日對照,"成分期由 2018-07-02 起一路未結束,代號今日仍屬 0000900075"
CPT,0000906345,2022-04-04,,Camden Property Trust,今日對照,"成分期由 2022-04-04 起一路未結束,代號今日仍屬 0000906345"
CRH,0000849395,2025-12-22,,CRH plc,今日對照,"成分期由 2025-12-22 起一路未結束,代號今日仍屬 0000849395"
CRL,0001100682,2021-05-14,,Charles River Laboratories,今日對照,"成分期由 2021-05-14 起一路未結束,代號今日仍屬 0001100682"
CRM,0001108524,2008-09-15,,Salesforce,今日對照,"成分期由 2008-09-15 起一路未結束,代號今日仍屬 0001108524"
CRWD,0001535527,2024-06-24,,CrowdStrike,今日對照,"成分期由 2024-06-24 起一路未結束,代號今日仍屬 0001535527"
CSCO,0000858877,1996-01-02,,Cisco,今日對照,"成分期由 1996-01-02 起一路未結束,代號今日仍屬 0000858877"
CSGP,0001057352,2022-09-19,,CoStar Group,今日對照,"成分期由 2022-09-19 起一路未結束,代號今日仍屬 0001057352"
CSX,0000277948,1996-01-02,,CSX Corporation,今日對照,"成分期由 1996-01-02 起一路未結束,代號今日仍屬 0000277948"
CTAS,0000723254,2001-03-01,,Cintas,今日對照,"成分期由 2001-03-01 起一路未結束,代號今日仍屬 0000723254"
CTSH,0001058290,2006-11-17,,Cognizant,今日對照,"成分期由 2006-11-17 起一路未結束,代號今日仍屬 0001058290"
CTVA,0001755672,2019-06-03,,Corteva,今日對照,"成分期由 2019-06-03 起一路未結束,代號今日仍屬 0001755672"
CVNA,0001690820,2025-12-22,,Carvana,今日對照,"成分期由 2025-12-22 起一路未結束,代號今日仍屬 0001690820"
CVS,0000064803,1996-01-02,,CVS Health,今日對照,"成分期由 1996-01-02 起一路未結束,代號今日仍屬 0000064803"
CVX,0000093410,1996-01-02,,Chevron Corporation,今日對照,"成分期由 1996-01-02 起一路未結束,代號今日仍屬 0000093410"
CZR,0001590895,2021-03-22,2025-09-22,,今日對照·已核實,"成分期 2021-03-22~2025-09-22 結束後,0001590895 未改過名(現名 Caesars Entertainment, Inc.);視為同一實體一路持有"
D,0000715957,1996-01-02,,Dominion Energy,今日對照,"成分期由 1996-01-02 起一路未結束,代號今日仍屬 0000715957"
DAL,0000027904,2013-09-11,,Delta Air Lines,今日對照,"成分期由 2013-09-11 起一路未結束,代號今日仍屬 0000027904"
DASH,0001792789,2025-03-24,,DoorDash,今日對照,"成分期由 2025-03-24 起一路未結束,代號今日仍屬 0001792789"
DD,0001666700,1996-01-02,2017-09-01,DuPont,人手待辨,"今日持有人 0001666700 的申報由 2016-03-01 起,蓋不住成分期 1996-01-02~2017-09-01,它不可能是當時的持有人;它在成分期後才取得名稱(DuPont de Nemours, Inc.);但名稱表上找不到一個同名、申報整段覆蓋成分期、而又在它取用該名稱之前已放低該名稱的候選,認不出當時屬誰;其第一份申報 2016-03-01 落在成分期之內,可能是期中成立的繼承實體,排除不了,暫時保留原錨"
DDOG,0001561550,2025-07-09,,Datadog,今日對照,"成分期由 2025-07-09 起一路未結束,代號今日仍屬 0001561550"
DE,0000315189,1996-01-02,,Deere & Company,今日對照,"成分期由 1996-01-02 起一路未結束,代號今日仍屬 0000315189"
DECK,0000910521,2024-03-18,,Deckers Brands,今日對照,"成分期由 2024-03-18 起一路未結束,代號今日仍屬 0000910521"
DELL,0001571996,2024-09-23,,Dell Technologies,今日對照,"成分期由 2024-09-23 起一路未結束,代號今日仍屬 0001571996"
DG,0000029534,2012-12-03,,Dollar General,今日對照,"成分期由 2012-12-03 起一路未結束,代號今日仍屬 0000029534"
DGX,0001022079,2002-12-12,,Quest Diagnostics,今日對照,"成分期由 2002-12-12 起一路未結束,代號今日仍屬 0001022079"
DHI,0000882184,2005-07-05,,D. R. Horton,今日對照,"成分期由 2005-07-05 起一路未結束,代號今日仍屬 0000882184"
DHR,0000313616,1998-11-18,,Danaher Corporation,今日對照,"成分期由 1998-11-18 起一路未結束,代號今日仍屬 0000313616"
DIS,0001744489,1996-01-02,,Walt Disney Company (The),今日對照,"成分期由 1996-01-02 起一路未結束,代號今日仍屬 0001744489"
DLR,0001297996,2016-05-18,,Digital Realty,今日對照,"成分期由 2016-05-18 起一路未結束,代號今日仍屬 0001297996"
DLTR,0000935703,2011-12-19,,Dollar Tree,今日對照,"成分期由 2011-12-19 起一路未結束,代號今日仍屬 0000935703"
DOC,0000765880,2024-03-04,,Healthpeak Properties,今日對照,"成分期由 2024-03-04 起一路未結束,代號今日仍屬 0000765880"
DOV,0000029905,1996-01-02,,Dover Corporation,今日對照,"成分期由 1996-01-02 起一路未結束,代號今日仍屬 0000029905"
DOW,0001751788,2019-04-02,,Dow Inc.,今日對照,"成分期由 2019-04-02 起一路未結束,代號今日仍屬 0001751788"
DPZ,0001286681,2020-05-12,,Domino's,今日對照,"成分期由 2020-05-12 起一路未結束,代號今日仍屬 0001286681"
DRI,0000940944,1996-01-02,,Darden Restaurants,今日對照,"成分期由 1996-01-02 起一路未結束,代號今日仍屬 0000940944"
DTE,0000936340,1996-01-02,,DTE Energy,今日對照,"成分期由 1996-01-02 起一路未結束,代號今日仍屬 0000936340"
DUK,0001326160,1996-01-02,,Duke Energy,今日對照,"成分期由 1996-01-02 起一路未結束,代號今日仍屬 0001326160"
DVA,0000927066,2008-07-31,,DaVita,今日對照,"成分期由 2008-07-31 起一路未結束,代號今日仍屬 0000927066"
DVN,0001090012,2000-08-30,,Devon Energy,今日對照,"成分期由 2000-08-30 起一路未結束,代號今日仍屬 0001090012"
DXC,,1996-01-02,2015-12-01,,人手待辨,"今日持有人 0001688568 的申報由 2016-11-02 起,蓋不住成分期 1996-01-02~2015-12-01,它不可能是當時的持有人;它在成分期後才取得名稱(DXC Technology Co、Everett SpinCo, Inc.);但名稱表上找不到一個同名、申報整段覆蓋成分期、而又在它取用該名稱之前已放低該名稱的候選,認不出當時屬誰;其第一份申報 2016-11-02 晚過成分期結束 2015-12-01,當時它並不存在,故此不留它作錨,改用佔位錨"
DXCM,0001093557,2020-05-12,,Dexcom,今日對照,"成分期由 2020-05-12 起一路未結束,代號今日仍屬 0001093557"
EA,,2002-07-22,,,佔位錨,"成分期仍未結束,但今日的代號→CIK 對照查無此代號"
EBAY,0001065088,2002-07-22,,eBay Inc.,今日對照,"成分期由 2002-07-22 起一路未結束,代號今日仍屬 0001065088"
ECHO,0001415404,2026-06-24,,EchoStar,今日對照,"成分期由 2026-06-24 起一路未結束,代號今日仍屬 0001415404"
ECL,0000031462,1996-01-02,,Ecolab,今日對照,"成分期由 1996-01-02 起一路未結束,代號今日仍屬 0000031462"
ED,0001047862,1996-01-02,,Consolidated Edison,今日對照,"成分期由 1996-01-02 起一路未結束,代號今日仍屬 0001047862"
EFX,0000033185,1997-06-19,,Equifax,今日對照,"成分期由 1997-06-19 起一路未結束,代號今日仍屬 0000033185"
EG,0001095073,2023-07-10,,Everest Group,今日對照,"成分期由 2023-07-10 起一路未結束,代號今日仍屬 0001095073"
EIX,0000827052,1996-01-02,,Edison International,今日對照,"成分期由 1996-01-02 起一路未結束,代號今日仍屬 0000827052"
EL,0001001250,2006-01-05,,Estée Lauder Companies (The),今日對照,"成分期由 2006-01-05 起一路未結束,代號今日仍屬 0001001250"
ELV,0001156039,2022-06-28,,Elevance Health,今日對照,"成分期由 2022-06-28 起一路未結束,代號今日仍屬 0001156039"
EME,0000105634,2025-09-22,,Emcor,今日對照,"成分期由 2025-09-22 起一路未結束,代號今日仍屬 0000105634"
EMN,0000915389,1996-01-02,2025-11-04,,今日對照·已核實,"成分期 1996-01-02~2025-11-04 結束後,0000915389 未改過名(現名 EASTMAN CHEMICAL CO);視為同一實體一路持有"
EMR,0000032604,1996-01-02,,Emerson Electric,今日對照,"成分期由 1996-01-02 起一路未結束,代號今日仍屬 0000032604"
ENPH,0001463101,2021-01-07,2025-09-22,,今日對照·已核實,"成分期 2021-01-07~2025-09-22 結束後,0001463101 未改過名(現名 Enphase Energy, Inc.);視為同一實體一路持有"
EOG,0000821189,2000-11-02,,EOG Resources,今日對照,"成分期由 2000-11-02 起一路未結束,代號今日仍屬 0000821189"
EPAM,0001352010,2021-12-14,2026-06-02,,今日對照·已核實,"成分期 2021-12-14~2026-06-02 結束後,0001352010 未改過名(現名 EPAM Systems, Inc.);視為同一實體一路持有"
EQIX,0001101239,2015-03-23,,Equinix,今日對照,"成分期由 2015-03-23 起一路未結束,代號今日仍屬 0001101239"
EQR,,2001-12-03,,,佔位錨,"成分期仍未結束,但今日的代號→CIK 對照查無此代號"
EQT,0000033213,2008-12-19,2018-11-13,EQT Corporation,今日對照·已核實,"成分期 2008-12-19~2018-11-13 結束後,0000033213 未改過名(現名 EQT Corp);視為同一實體一路持有"
ERIE,0000922621,2024-09-23,,Erie Indemnity,今日對照,"成分期由 2024-09-23 起一路未結束,代號今日仍屬 0000922621"
ES,0000072741,2009-03-17,,Eversource Energy,今日對照,"成分期由 2009-03-17 起一路未結束,代號今日仍屬 0000072741"
ESRX,,2003-09-26,2018-12-21,,佔位錨,"成分期 2003-09-26~2018-12-21 已結束,今日的代號→CIK 對照查無此代號;名稱表沒有代號一欄,單憑代號認不出當時屬誰"
ESS,0000920522,2014-04-02,,Essex Property Trust,今日對照,"成分期由 2014-04-02 起一路未結束,代號今日仍屬 0000920522"
ETN,0001551182,1996-01-02,,Eaton Corporation,今日對照,"成分期由 1996-01-02 起一路未結束,代號今日仍屬 0001551182"
ETR,0000065984,1996-01-02,,Entergy,今日對照,"成分期由 1996-01-02 起一路未結束,代號今日仍屬 0000065984"
ETSY,0001370637,2020-09-21,2024-09-23,,今日對照·已核實,"成分期 2020-09-21~2024-09-23 結束後,0001370637 未改過名(現名 ETSY INC);視為同一實體一路持有"
EVHC,,2016-12-02,2018-10-11,,佔位錨,"成分期 2016-12-02~2018-10-11 已結束,今日的代號→CIK 對照查無此代號;名稱表沒有代號一欄,單憑代號認不出當時屬誰"
EVRG,0001711269,2018-06-05,,Evergy,今日對照,"成分期由 2018-06-05 起一路未結束,代號今日仍屬 0001711269"
EW,0001099800,2011-04-01,,Edwards Lifesciences,今日對照,"成分期由 2011-04-01 起一路未結束,代號今日仍屬 0001099800"
EXC,0001109357,1996-01-02,,Exelon,今日對照,"成分期由 1996-01-02 起一路未結束,代號今日仍屬 0001109357"
EXE,0000895126,2025-03-24,,Expand Energy,今日對照,"成分期由 2025-03-24 起一路未結束,代號今日仍屬 0000895126"
EXPD,0000746515,2007-10-10,,Expeditors International,今日對照,"成分期由 2007-10-10 起一路未結束,代號今日仍屬 0000746515"
EXPE,0001324424,2007-10-02,,Expedia Group,今日對照,"成分期由 2007-10-02 起一路未結束,代號今日仍屬 0001324424"
EXR,0001289490,2016-01-19,,Extra Space Storage,今日對照,"成分期由 2016-01-19 起一路未結束,代號今日仍屬 0001289490"
F,0000037996,1996-01-02,,Ford Motor Company,今日對照,"成分期由 1996-01-02 起一路未結束,代號今日仍屬 0000037996"
FANG,0001539838,2018-12-03,,Diamondback Energy,今日對照,"成分期由 2018-12-03 起一路未結束,代號今日仍屬 0001539838"
FAST,0000815556,2008-09-15,,Fastenal,今日對照,"成分期由 2008-09-15 起一路未結束,代號今日仍屬 0000815556"
FCPT,0001650132,2015-11-10,2015-11-17,,今日對照·已核實,"成分期 2015-11-10~2015-11-17 結束後,0001650132 未改過名(現名 Four Corners Property Trust, Inc.);視為同一實體一路持有"
FCX,0000831259,1996-01-02,,Freeport-McMoRan,今日對照,"成分期由 1996-01-02 起一路未結束,代號今日仍屬 0000831259"
FDS,0001013237,2021-12-20,,FactSet,今日對照,"成分期由 2021-12-20 起一路未結束,代號今日仍屬 0001013237"
FDX,0001048911,1996-01-02,,FedEx,今日對照,"成分期由 1996-01-02 起一路未結束,代號今日仍屬 0001048911"
FDXF,0002082247,2026-06-01,,FedEx Freight,今日對照,"成分期由 2026-06-01 起一路未結束,代號今日仍屬 0002082247"
FE,0001031296,1996-01-02,,FirstEnergy,今日對照,"成分期由 1996-01-02 起一路未結束,代號今日仍屬 0001031296"
FERG,0002011641,2026-08-05,,Ferguson Enterprises,今日對照,"成分期由 2026-08-05 起一路未結束,代號今日仍屬 0002011641"
FFIV,0001048695,2010-12-20,,"F5, Inc.",今日對照,"成分期由 2010-12-20 起一路未結束,代號今日仍屬 0001048695"
FICO,0000814547,2023-03-20,,Fair Isaac,今日對照,"成分期由 2023-03-20 起一路未結束,代號今日仍屬 0000814547"
FIS,0001136893,2006-11-10,,Fidelity National Information Services,今日對照,"成分期由 2006-11-10 起一路未結束,代號今日仍屬 0001136893"
FISV,0000798354,2001-04-02,2023-06-07,Fiserv,今日對照·已核實,"成分期 2001-04-02~2023-06-07 結束後,0000798354 未改過名(現名 FISERV INC);視為同一實體一路持有"
FITB,0000035527,1996-03-08,,Fifth Third Bancorp,今日對照,"成分期由 1996-03-08 起一路未結束,代號今日仍屬 0000035527"
FIX,0001035983,2025-12-22,,Comfort Systems USA,今日對照,"成分期由 2025-12-22 起一路未結束,代號今日仍屬 0001035983"
FLEX,0000866374,2026-06-22,,Flex Ltd.,今日對照,"成分期由 2026-06-22 起一路未結束,代號今日仍屬 0000866374"
FLR,0001124198,2000-12-22,2019-06-03,,今日對照·已核實,"成分期 2000-12-22~2019-06-03 結束後,0001124198 未改過名(現名 FLUOR CORP);視為同一實體一路持有"
FLS,0000030625,2008-10-02,2021-03-22,,今日對照·已核實,"成分期 2008-10-02~2021-03-22 結束後,0000030625 未改過名(現名 FLOWSERVE CORP);視為同一實體一路持有"
FMC,0000037785,2009-08-19,2025-03-24,,今日對照·已核實,"成分期 2009-08-19~2025-03-24 結束後,0000037785 未改過名(現名 FMC CORP);視為同一實體一路持有"
FOSL,0000883569,2012-04-04,2016-01-05,,今日對照·已核實,"成分期 2012-04-04~2016-01-05 結束後,0000883569 未改過名(現名 Fossil Group, Inc.);視為同一實體一路持有"
FOXA,0001754301,2004-12-20,,Fox Corporation (Class A),今日對照,"成分期由 2004-12-20 起一路未結束,代號今日仍屬 0001754301"
FRT,0000034903,2016-02-01,,Federal Realty Investment Trust,今日對照,"成分期由 2016-02-01 起一路未結束,代號今日仍屬 0000034903"
FSLR,0001274494,2009-10-16,2017-03-20,First Solar,今日對照·已核實,"成分期 2009-10-16~2017-03-20 結束後,0001274494 未改過名(現名 FIRST SOLAR, INC.);視為同一實體一路持有"
FTI,0001681459,2009-06-05,2021-02-12,,今日對照·已核實,"成分期 2009-06-05~2021-02-12 結束後,0001681459 未改過名(現名 TechnipFMC plc);視為同一實體一路持有"
FTNT,0001262039,2018-10-11,,Fortinet,今日對照,"成分期由 2018-10-11 起一路未結束,代號今日仍屬 0001262039"
FTV,0001659166,2016-07-05,,Fortive,今日對照,"成分期由 2016-07-05 起一路未結束,代號今日仍屬 0001659166"
GD,0000040533,1996-01-02,,General Dynamics,今日對照,"成分期由 1996-01-02 起一路未結束,代號今日仍屬 0000040533"
GDDY,0001609711,2024-06-24,,GoDaddy,今日對照,"成分期由 2024-06-24 起一路未結束,代號今日仍屬 0001609711"
GE,0000040545,1996-01-02,,GE Aerospace,今日對照,"成分期由 1996-01-02 起一路未結束,代號今日仍屬 0000040545"
GEHC,0001932393,2023-01-04,,GE HealthCare,今日對照,"成分期由 2023-01-04 起一路未結束,代號今日仍屬 0001932393"
GEN,0000849399,2022-11-08,,Gen Digital,今日對照,"成分期由 2022-11-08 起一路未結束,代號今日仍屬 0000849399"
GEV,0001996810,2024-04-02,,GE Vernova,今日對照,"成分期由 2024-04-02 起一路未結束,代號今日仍屬 0001996810"
GILD,0000882095,2004-07-01,,Gilead Sciences,今日對照,"成分期由 2004-07-01 起一路未結束,代號今日仍屬 0000882095"
GIS,0000040704,1996-01-02,,General Mills,今日對照,"成分期由 1996-01-02 起一路未結束,代號今日仍屬 0000040704"
GL,0000320335,2019-08-08,,Globe Life,今日對照,"成分期由 2019-08-08 起一路未結束,代號今日仍屬 0000320335"
GLW,0000024741,1996-01-02,,Corning Inc.,今日對照,"成分期由 1996-01-02 起一路未結束,代號今日仍屬 0000024741"
GM,0001467858,2013-06-07,,General Motors,今日對照,"成分期由 2013-06-07 起一路未結束,代號今日仍屬 0001467858"
GME,0001326380,2007-12-14,2016-04-25,,今日對照·已核實,"成分期 2007-12-14~2016-04-25 結束後,0001326380 未改過名(現名 GameStop Corp.);視為同一實體一路持有"
GNRC,0001474735,2021-03-22,,Generac,今日對照,"成分期由 2021-03-22 起一路未結束,代號今日仍屬 0001474735"
GNW,0001276520,2005-12-02,2015-11-18,,今日對照·已核實,"成分期 2005-12-02~2015-11-18 結束後,0001276520 未改過名(現名 GENWORTH FINANCIAL INC);視為同一實體一路持有"
GOOGL,0001652044,2006-04-03,,Alphabet Inc. (Class A),今日對照,"成分期由 2006-04-03 起一路未結束,代號今日仍屬 0001652044"
GPC,0000040987,1996-01-02,,Genuine Parts Company,今日對照,"成分期由 1996-01-02 起一路未結束,代號今日仍屬 0000040987"
GPN,0001123360,2016-04-25,,Global Payments,今日對照,"成分期由 2016-04-25 起一路未結束,代號今日仍屬 0001123360"
GRMN,0001121788,2012-12-12,,Garmin,今日對照,"成分期由 2012-12-12 起一路未結束,代號今日仍屬 0001121788"
GS,0000886982,2002-07-22,,Goldman Sachs,今日對照,"成分期由 2002-07-22 起一路未結束,代號今日仍屬 0000886982"
GT,0000042582,1996-01-02,2019-02-27,,今日對照·已核實,"成分期 1996-01-02~2019-02-27 結束後,0000042582 未改過名(現名 GOODYEAR TIRE & RUBBER CO /OH/);視為同一實體一路持有"
GWW,0000277135,1996-01-02,,W. W. Grainger,今日對照,"成分期由 1996-01-02 起一路未結束,代號今日仍屬 0000277135"
HAL,0000045012,1996-01-02,,Halliburton,今日對照,"成分期由 1996-01-02 起一路未結束,代號今日仍屬 0000045012"
HAS,0000046080,1996-01-02,,Hasbro,今日對照,"成分期由 1996-01-02 起一路未結束,代號今日仍屬 0000046080"
HBAN,0000049196,1997-08-06,,Huntington Bancshares,今日對照,"成分期由 1997-08-06 起一路未結束,代號今日仍屬 0000049196"
HCA,0000860730,2015-01-27,,HCA Healthcare,今日對照,"成分期由 2015-01-27 起一路未結束,代號今日仍屬 0000860730"
HD,0000354950,1996-01-02,,Home Depot (The),今日對照,"成分期由 1996-01-02 起一路未結束,代號今日仍屬 0000354950"
HIG,0000874766,1996-01-02,,Hartford (The),今日對照,"成分期由 1996-01-02 起一路未結束,代號今日仍屬 0000874766"
HII,0001501585,2018-01-03,,Huntington Ingalls Industries,今日對照,"成分期由 2018-01-03 起一路未結束,代號今日仍屬 0001501585"
HLT,0001585689,2017-06-19,,Hilton Worldwide,今日對照,"成分期由 2017-06-19 起一路未結束,代號今日仍屬 0001585689"
HOG,0000793952,2000-01-31,2020-06-22,,今日對照·已核實,"成分期 2000-01-31~2020-06-22 結束後,0000793952 未改過名(現名 HARLEY-DAVIDSON, INC.);視為同一實體一路持有"
HON,0000773840,1996-01-02,,Honeywell Technologies,今日對照,"成分期由 1996-01-02 起一路未結束,代號今日仍屬 0000773840"
HONA,0002089271,2026-06-29,,Honeywell Aerospace,今日對照,"成分期由 2026-06-29 起一路未結束,代號今日仍屬 0002089271"
HOOD,0001783879,2025-09-22,,Robinhood Markets,今日對照,"成分期由 2025-09-22 起一路未結束,代號今日仍屬 0001783879"
HOT,,2000-11-17,2016-09-23,,佔位錨,"成分期 2000-11-17~2016-09-23 已結束,今日的代號→CIK 對照查無此代號;名稱表沒有代號一欄,單憑代號認不出當時屬誰"
HP,0000046765,2010-03-01,2020-05-22,,今日對照·已核實,"成分期 2010-03-01~2020-05-22 結束後,0000046765 未改過名(現名 Helmerich & Payne, Inc.);視為同一實體一路持有"
HPE,0001645590,2015-11-02,,Hewlett Packard Enterprise,今日對照,"成分期由 2015-11-02 起一路未結束,代號今日仍屬 0001645590"
HPQ,0000047217,1996-01-02,,HP Inc.,今日對照,"成分期由 1996-01-02 起一路未結束,代號今日仍屬 0000047217"
HRB,0000012659,1996-01-02,2020-09-21,,今日對照·已核實,"成分期 1996-01-02~2020-09-21 結束後,0000012659 未改過名(現名 H&R BLOCK INC);視為同一實體一路持有"
HRL,0000048465,2009-03-04,,Hormel Foods,今日對照,"成分期由 2009-03-04 起一路未結束,代號今日仍屬 0000048465"
HSIC,0001000228,2015-03-18,,Henry Schein,今日對照,"成分期由 2015-03-18 起一路未結束,代號今日仍屬 0001000228"
HST,0001070750,2007-03-20,,Host Hotels & Resorts,今日對照,"成分期由 2007-03-20 起一路未結束,代號今日仍屬 0001070750"
HSY,0000047111,1996-01-02,,Hershey Company (The),今日對照,"成分期由 1996-01-02 起一路未結束,代號今日仍屬 0000047111"
HUBB,0000048898,2023-10-18,,Hubbell Incorporated,今日對照,"成分期由 2023-10-18 起一路未結束,代號今日仍屬 0000048898"
HUM,0000049071,1996-01-02,,Humana,今日對照,"成分期由 1996-01-02 起一路未結束,代號今日仍屬 0000049071"
HWM,0000004281,2020-04-06,,Howmet Aerospace,今日對照,"成分期由 2020-04-06 起一路未結束,代號今日仍屬 0000004281"
IBKR,0001381197,2025-08-28,,Interactive Brokers,今日對照,"成分期由 2025-08-28 起一路未結束,代號今日仍屬 0001381197"
IBM,0000051143,1996-01-02,,IBM,今日對照,"成分期由 1996-01-02 起一路未結束,代號今日仍屬 0000051143"
ICE,0001571949,2007-09-26,,Intercontinental Exchange,今日對照,"成分期由 2007-09-26 起一路未結束,代號今日仍屬 0001571949"
IDXX,0000874716,2017-01-05,,Idexx Laboratories,今日對照,"成分期由 2017-01-05 起一路未結束,代號今日仍屬 0000874716"
IEX,0000832101,2019-08-09,,IDEX Corporation,今日對照,"成分期由 2019-08-09 起一路未結束,代號今日仍屬 0000832101"
IFF,0000051253,1996-01-02,,International Flavors & Fragrances,今日對照,"成分期由 1996-01-02 起一路未結束,代號今日仍屬 0000051253"
ILMN,0001110803,2015-11-19,2024-06-24,,今日對照·已核實,"成分期 2015-11-19~2024-06-24 結束後,0001110803 未改過名(現名 ILLUMINA, INC.);視為同一實體一路持有"
INCY,0000879169,2017-02-28,,Incyte,今日對照,"成分期由 2017-02-28 起一路未結束,代號今日仍屬 0000879169"
INTC,0000050863,1996-01-02,,Intel,今日對照,"成分期由 1996-01-02 起一路未結束,代號今日仍屬 0000050863"
INTU,0000896878,2000-12-11,,Intuit,今日對照,"成分期由 2000-12-11 起一路未結束,代號今日仍屬 0000896878"
INVH,0001687229,2022-09-19,,Invitation Homes,今日對照,"成分期由 2022-09-19 起一路未結束,代號今日仍屬 0001687229"
IP,0000051434,1996-01-02,,International Paper,今日對照,"成分期由 1996-01-02 起一路未結束,代號今日仍屬 0000051434"
IPGP,0001111928,2018-03-07,2022-06-21,,今日對照·已核實,"成分期 2018-03-07~2022-06-21 結束後,0001111928 未改過名(現名 IPG PHOTONICS CORP);視為同一實體一路持有"
IQV,0001478242,2017-08-29,,IQVIA,今日對照,"成分期由 2017-08-29 起一路未結束,代號今日仍屬 0001478242"
IR,0001699150,2010-11-17,,Ingersoll Rand,今日對照,"成分期由 2010-11-17 起一路未結束,代號今日仍屬 0001699150"
IRM,0001020569,2009-01-06,,Iron Mountain,今日對照,"成分期由 2009-01-06 起一路未結束,代號今日仍屬 0001020569"
ISRG,0001035267,2008-06-02,,Intuitive Surgical,今日對照,"成分期由 2008-06-02 起一路未結束,代號今日仍屬 0001035267"
IT,0000749251,2017-04-05,,Gartner,今日對照,"成分期由 2017-04-05 起一路未結束,代號今日仍屬 0000749251"
ITW,0000049826,1996-01-02,,Illinois Tool Works,今日對照,"成分期由 1996-01-02 起一路未結束,代號今日仍屬 0000049826"
IVZ,0000914208,2008-08-21,,Invesco,今日對照,"成分期由 2008-08-21 起一路未結束,代號今日仍屬 0000914208"
J,0000052988,2019-12-10,,Jacobs Solutions,今日對照,"成分期由 2019-12-10 起一路未結束,代號今日仍屬 0000052988"
JBHT,0000728535,2015-07-01,,J.B. Hunt,今日對照,"成分期由 2015-07-01 起一路未結束,代號今日仍屬 0000728535"
JBL,0000898293,2023-12-18,,Jabil,今日對照,"成分期由 2023-12-18 起一路未結束,代號今日仍屬 0000898293"
JCI,0000833444,1996-01-02,,Johnson Controls,今日對照,"成分期由 1996-01-02 起一路未結束,代號今日仍屬 0000833444"
JEF,0000096223,2007-08-27,2019-09-26,,同一實體改名·非回收,"0000096223 的申報由 1994-03-23 至 2026-08-28,一路貫穿成分期 2007-08-27~2019-09-26(期內名稱:Jefferies Financial Group Inc.、LEUCADIA NATIONAL CORP);成分期後改名為「Jefferies Financial Group Inc.」是它自己改名,不是代號易主"
JKHY,0000779152,2018-11-13,,Jack Henry & Associates,今日對照,"成分期由 2018-11-13 起一路未結束,代號今日仍屬 0000779152"
JNJ,0000200406,1996-01-02,,Johnson & Johnson,今日對照,"成分期由 1996-01-02 起一路未結束,代號今日仍屬 0000200406"
JPM,0000019617,1996-01-02,,JPMorgan Chase,今日對照,"成分期由 1996-01-02 起一路未結束,代號今日仍屬 0000019617"
KDP,0001418135,2008-10-07,2018-07-02,Keurig Dr Pepper,今日對照·已核實,"成分期 2008-10-07~2018-07-02 結束後,0001418135 未改過名(現名 Keurig Dr Pepper Inc.);視為同一實體一路持有"
KEY,0000091576,1996-01-02,,KeyCorp,今日對照,"成分期由 1996-01-02 起一路未結束,代號今日仍屬 0000091576"
KEYS,0001601046,2018-11-06,,Keysight Technologies,今日對照,"成分期由 2018-11-06 起一路未結束,代號今日仍屬 0001601046"
KHC,0001637459,2015-07-06,,Kraft Heinz,今日對照,"成分期由 2015-07-06 起一路未結束,代號今日仍屬 0001637459"
KIM,0000879101,2006-04-03,,Kimco Realty,今日對照,"成分期由 2006-04-03 起一路未結束,代號今日仍屬 0000879101"
KKR,0001404912,2024-06-24,,KKR & Co.,今日對照,"成分期由 2024-06-24 起一路未結束,代號今日仍屬 0001404912"
KLAC,0000319201,1997-09-15,,KLA Corporation,今日對照,"成分期由 1997-09-15 起一路未結束,代號今日仍屬 0000319201"
KMB,0000055785,1996-01-02,,Kimberly-Clark,今日對照,"成分期由 1996-01-02 起一路未結束,代號今日仍屬 0000055785"
KMI,0001506307,2012-05-25,,Kinder Morgan,今日對照,"成分期由 2012-05-25 起一路未結束,代號今日仍屬 0001506307"
KMX,0001170010,2010-06-28,2025-10-31,,今日對照·已核實,"成分期 2010-06-28~2025-10-31 結束後,0001170010 未改過名(現名 CARMAX INC);視為同一實體一路持有"
KO,0000021344,1996-01-02,,Coca-Cola Company (The),今日對照,"成分期由 1996-01-02 起一路未結束,代號今日仍屬 0000021344"
KR,0000056873,1996-01-02,,Kroger,今日對照,"成分期由 1996-01-02 起一路未結束,代號今日仍屬 0000056873"
KSS,0000885639,1998-08-14,2020-09-21,,今日對照·已核實,"成分期 1998-08-14~2020-09-21 結束後,0000885639 未改過名(現名 KOHLS Corp);視為同一實體一路持有"
KVUE,0001944048,2023-08-25,,Kenvue,今日對照,"成分期由 2023-08-25 起一路未結束,代號今日仍屬 0001944048"
L,0000060086,1996-01-02,,Loews Corporation,今日對照,"成分期由 1996-01-02 起一路未結束,代號今日仍屬 0000060086"
LDOS,0001336920,2019-08-09,,Leidos,今日對照,"成分期由 2019-08-09 起一路未結束,代號今日仍屬 0001336920"
LEG,0000058492,1999-10-18,2021-12-20,,今日對照·已核實,"成分期 1999-10-18~2021-12-20 結束後,0000058492 未改過名(現名 LEGGETT & PLATT INC);視為同一實體一路持有"
LEN,0000920760,2005-10-04,,Lennar,今日對照,"成分期由 2005-10-04 起一路未結束,代號今日仍屬 0000920760"
LH,0000920148,2004-11-01,,Labcorp,今日對照,"成分期由 2004-11-01 起一路未結束,代號今日仍屬 0000920148"
LHX,0000202058,2019-06-01,,L3Harris,今日對照,"成分期由 2019-06-01 起一路未結束,代號今日仍屬 0000202058"
LII,0001069202,2024-12-23,,Lennox International,今日對照,"成分期由 2024-12-23 起一路未結束,代號今日仍屬 0001069202"
LIN,0001707925,2018-11-06,,Linde plc,今日對照,"成分期由 2018-11-06 起一路未結束,代號今日仍屬 0001707925"
LITE,0001633978,2026-03-23,,Lumentum,今日對照,"成分期由 2026-03-23 起一路未結束,代號今日仍屬 0001633978"
LKQ,0001065696,2016-05-23,2025-12-22,,同一實體改名·非回收,"0001065696 的申報由 2003-07-28 至 2026-08-06,一路貫穿成分期 2016-05-23~2025-12-22(期內名稱:LKQ CORP);成分期後改名為「LKQ CORP」是它自己改名,不是代號易主"
LLY,0000059478,1996-01-02,,Lilly (Eli),今日對照,"成分期由 1996-01-02 起一路未結束,代號今日仍屬 0000059478"
LMT,0000936468,1996-01-02,,Lockheed Martin,今日對照,"成分期由 1996-01-02 起一路未結束,代號今日仍屬 0000936468"
LNC,0000059558,1996-01-02,2023-09-18,,今日對照·已核實,"成分期 1996-01-02~2023-09-18 結束後,0000059558 未改過名(現名 LINCOLN NATIONAL CORP);視為同一實體一路持有"
LNT,0000352541,2016-07-01,,Alliant Energy,今日對照,"成分期由 2016-07-01 起一路未結束,代號今日仍屬 0000352541"
LOW,0000060667,1996-01-02,,Lowe's,今日對照,"成分期由 1996-01-02 起一路未結束,代號今日仍屬 0000060667"
LRCX,0000707549,2012-06-05,,Lam Research,今日對照,"成分期由 2012-06-05 起一路未結束,代號今日仍屬 0000707549"
LULU,0001397187,2023-10-18,,Lululemon Athletica,今日對照,"成分期由 2023-10-18 起一路未結束,代號今日仍屬 0001397187"
LUMN,0000018926,2020-09-18,2023-03-20,,今日對照·已核實,"成分期 2020-09-18~2023-03-20 結束後,0000018926 未改過名(現名 Lumen Technologies, Inc.);視為同一實體一路持有"
LUV,0000092380,1996-01-02,,Southwest Airlines,今日對照,"成分期由 1996-01-02 起一路未結束,代號今日仍屬 0000092380"
LVS,0001300514,2019-10-03,,Las Vegas Sands,今日對照,"成分期由 2019-10-03 起一路未結束,代號今日仍屬 0001300514"
LW,0001679273,2018-12-03,2026-03-23,,今日對照·已核實,"成分期 2018-12-03~2026-03-23 結束後,0001679273 未改過名(現名 Lamb Weston Holdings, Inc.);視為同一實體一路持有"
LYB,0001489393,2012-09-05,,LyondellBasell,今日對照,"成分期由 2012-09-05 起一路未結束,代號今日仍屬 0001489393"
LYV,0001335258,2019-12-23,,Live Nation Entertainment,今日對照,"成分期由 2019-12-23 起一路未結束,代號今日仍屬 0001335258"
M,0000794367,1996-01-02,2020-04-06,,今日對照·已核實,"成分期 1996-01-02~2020-04-06 結束後,0000794367 未改過名(現名 Macy's, Inc.);視為同一實體一路持有"
MA,0001141391,2008-07-18,,Mastercard,今日對照,"成分期由 2008-07-18 起一路未結束,代號今日仍屬 0001141391"
MAA,0000912595,2016-12-02,,Mid-America Apartment Communities,今日對照,"成分期由 2016-12-02 起一路未結束,代號今日仍屬 0000912595"
MAC,0000912242,2013-05-09,2019-12-23,,今日對照·已核實,"成分期 2013-05-09~2019-12-23 結束後,0000912242 未改過名(現名 MACERICH CO);視為同一實體一路持有"
MAR,0001048286,1998-05-21,,Marriott International,今日對照,"成分期由 1998-05-21 起一路未結束,代號今日仍屬 0001048286"
MAS,0000062996,1996-01-02,,Masco,今日對照,"成分期由 1996-01-02 起一路未結束,代號今日仍屬 0000062996"
MAT,0000063276,1996-01-02,2019-06-07,,今日對照·已核實,"成分期 1996-01-02~2019-06-07 結束後,0000063276 未改過名(現名 MATTEL INC /DE/);視為同一實體一路持有"
MCD,0000063908,1996-01-02,,McDonald's,今日對照,"成分期由 1996-01-02 起一路未結束,代號今日仍屬 0000063908"
MCHP,0000827054,2007-09-07,,Microchip Technology,今日對照,"成分期由 2007-09-07 起一路未結束,代號今日仍屬 0000827054"
MCK,0000927653,1999-01-13,,McKesson Corporation,今日對照,"成分期由 1999-01-13 起一路未結束,代號今日仍屬 0000927653"
MCO,0001059556,1996-01-02,,Moody's Corporation,今日對照,"成分期由 1996-01-02 起一路未結束,代號今日仍屬 0001059556"
MDLZ,0001103982,2007-04-02,,Mondelez International,今日對照,"成分期由 2007-04-02 起一路未結束,代號今日仍屬 0001103982"
MDT,0001613103,1996-01-02,,Medtronic,今日對照,"成分期由 1996-01-02 起一路未結束,代號今日仍屬 0001613103"
MET,0001099219,2000-12-11,,MetLife,今日對照,"成分期由 2000-12-11 起一路未結束,代號今日仍屬 0001099219"
META,0001326801,2022-06-09,,Meta Platforms,今日對照,"成分期由 2022-06-09 起一路未結束,代號今日仍屬 0001326801"
MGM,0000789570,2017-07-26,,MGM Resorts,今日對照,"成分期由 2017-07-26 起一路未結束,代號今日仍屬 0000789570"
MHK,0000851968,2013-12-23,2025-12-22,,今日對照·已核實,"成分期 2013-12-23~2025-12-22 結束後,0000851968 未改過名(現名 MOHAWK INDUSTRIES INC);視為同一實體一路持有"
MKC,0000063754,2003-03-21,,McCormick & Company,今日對照,"成分期由 2003-03-21 起一路未結束,代號今日仍屬 0000063754"
MKTX,0001278021,2019-07-01,2025-09-22,,同一實體改名·非回收,"0001278021 的申報由 2004-02-11 至 2026-08-14,一路貫穿成分期 2019-07-01~2025-09-22(期內名稱:MARKETAXESS HOLDINGS INC);成分期後改名為「MARKETAXESS HOLDINGS INC」是它自己改名,不是代號易主"
MLM,0000916076,2014-07-02,,Martin Marietta Materials,今日對照,"成分期由 2014-07-02 起一路未結束,代號今日仍屬 0000916076"
MMM,0000066740,1996-01-02,,3M,今日對照,"成分期由 1996-01-02 起一路未結束,代號今日仍屬 0000066740"
MNST,0000865752,2012-06-29,,Monster Beverage,今日對照,"成分期由 2012-06-29 起一路未結束,代號今日仍屬 0000865752"
MO,0000764180,1996-01-02,,Altria,今日對照,"成分期由 1996-01-02 起一路未結束,代號今日仍屬 0000764180"
MOH,0001179929,2022-03-02,2026-03-23,,今日對照·已核實,"成分期 2022-03-02~2026-03-23 結束後,0001179929 未改過名(現名 MOLINA HEALTHCARE, INC.);視為同一實體一路持有"
MOS,0001285785,2011-09-26,,Mosaic Company (The),今日對照,"成分期由 2011-09-26 起一路未結束,代號今日仍屬 0001285785"
MPC,0001510295,2011-07-01,,Marathon Petroleum,今日對照,"成分期由 2011-07-01 起一路未結束,代號今日仍屬 0001510295"
MPWR,0001280452,2021-02-12,,Monolithic Power Systems,今日對照,"成分期由 2021-02-12 起一路未結束,代號今日仍屬 0001280452"
MRK,0000310158,1996-01-02,,Merck & Co.,今日對照,"成分期由 1996-01-02 起一路未結束,代號今日仍屬 0000310158"
MRNA,0001682852,2021-07-21,,Moderna,今日對照,"成分期由 2021-07-21 起一路未結束,代號今日仍屬 0001682852"
MRSH,0000062709,2026-01-14,,Marsh McLennan,今日對照,"成分期由 2026-01-14 起一路未結束,代號今日仍屬 0000062709"
MRVL,0001835632,2026-06-22,,Marvell Technology,今日對照,"成分期由 2026-06-22 起一路未結束,代號今日仍屬 0001835632"
MS,0000895421,1996-01-02,,Morgan Stanley,今日對照,"成分期由 1996-01-02 起一路未結束,代號今日仍屬 0000895421"
MSCI,0001408198,2018-04-04,,MSCI,今日對照,"成分期由 2018-04-04 起一路未結束,代號今日仍屬 0001408198"
MSFT,0000789019,1996-01-02,,Microsoft,今日對照,"成分期由 1996-01-02 起一路未結束,代號今日仍屬 0000789019"
MSI,0000068505,1996-01-02,,Motorola Solutions,今日對照,"成分期由 1996-01-02 起一路未結束,代號今日仍屬 0000068505"
MTB,0000036270,2004-02-27,,M&T Bank,今日對照,"成分期由 2004-02-27 起一路未結束,代號今日仍屬 0000036270"
MTCH,0000891103,2021-09-20,2026-03-23,,今日對照·已核實,"成分期 2021-09-20~2026-03-23 結束後,0000891103 未改過名(現名 Match Group, Inc.);視為同一實體一路持有"
MTD,0001037646,2016-09-06,,Mettler Toledo,今日對照,"成分期由 2016-09-06 起一路未結束,代號今日仍屬 0001037646"
MU,0000723125,1996-01-02,,Micron Technology,今日對照,"成分期由 1996-01-02 起一路未結束,代號今日仍屬 0000723125"
MUR,0000717423,2005-08-15,2017-07-26,,同一實體改名·非回收,"0000717423 的申報由 1994-02-04 至 2026-08-24,一路貫穿成分期 2005-08-15~2017-07-26(期內名稱:MURPHY OIL CORP /DE);成分期後改名為「MURPHY OIL CORP」是它自己改名,不是代號易主"
NAVI,0001593538,2014-05-01,2018-06-05,,今日對照·已核實,"成分期 2014-05-01~2018-06-05 結束後,0001593538 未改過名(現名 NAVIENT CORP);視為同一實體一路持有"
NBR,0001163739,2000-10-18,2015-03-23,,今日對照·已核實,"成分期 2000-10-18~2015-03-23 結束後,0001163739 未改過名(現名 NABORS INDUSTRIES LTD);視為同一實體一路持有"
NCLH,0001513761,2017-10-13,,Norwegian Cruise Line Holdings,今日對照,"成分期由 2017-10-13 起一路未結束,代號今日仍屬 0001513761"
NDAQ,0001120193,2008-10-22,,"Nasdaq, Inc.",今日對照,"成分期由 2008-10-22 起一路未結束,代號今日仍屬 0001120193"
NDSN,0000072331,2022-02-15,,Nordson Corporation,今日對照,"成分期由 2022-02-15 起一路未結束,代號今日仍屬 0000072331"
NEE,0000753308,1996-01-02,,NextEra Energy,今日對照,"成分期由 1996-01-02 起一路未結束,代號今日仍屬 0000753308"
NEM,0001164727,1996-01-02,,Newmont,今日對照,"成分期由 1996-01-02 起一路未結束,代號今日仍屬 0001164727"
NFLX,0001065280,2010-12-20,,Netflix,今日對照,"成分期由 2010-12-20 起一路未結束,代號今日仍屬 0001065280"
NI,0001111711,2000-11-02,,NiSource,今日對照,"成分期由 2000-11-02 起一路未結束,代號今日仍屬 0001111711"
NKE,0000320187,1996-01-02,,"Nike, Inc.",今日對照,"成分期由 1996-01-02 起一路未結束,代號今日仍屬 0000320187"
NKTR,0000906709,2018-03-19,2019-10-03,,今日對照·已核實,"成分期 2018-03-19~2019-10-03 結束後,0000906709 未改過名(現名 NEKTAR THERAPEUTICS);視為同一實體一路持有"
NOC,0001133421,1996-01-02,,Northrop Grumman,今日對照,"成分期由 1996-01-02 起一路未結束,代號今日仍屬 0001133421"
NOV,0001021860,2005-03-14,2021-09-20,,今日對照·已核實,"成分期 2005-03-14~2021-09-20 結束後,0001021860 未改過名(現名 NOV Inc.);視為同一實體一路持有"
NOW,0001373715,2019-11-21,,ServiceNow,今日對照,"成分期由 2019-11-21 起一路未結束,代號今日仍屬 0001373715"
NRG,0001013871,2010-01-29,,NRG Energy,今日對照,"成分期由 2010-01-29 起一路未結束,代號今日仍屬 0001013871"
NSC,0000702165,1996-01-02,,Norfolk Southern,今日對照,"成分期由 1996-01-02 起一路未結束,代號今日仍屬 0000702165"
NTAP,0001002047,1999-06-25,,NetApp,今日對照,"成分期由 1999-06-25 起一路未結束,代號今日仍屬 0001002047"
NTRS,0000073124,1998-01-30,,Northern Trust,今日對照,"成分期由 1998-01-30 起一路未結束,代號今日仍屬 0000073124"
NUE,0000073309,1996-01-02,,Nucor,今日對照,"成分期由 1996-01-02 起一路未結束,代號今日仍屬 0000073309"
NVDA,0001045810,2001-11-30,,Nvidia,今日對照,"成分期由 2001-11-30 起一路未結束,代號今日仍屬 0001045810"
NVR,0000906163,2019-09-26,,"NVR, Inc.",今日對照,"成分期由 2019-09-26 起一路未結束,代號今日仍屬 0000906163"
NWL,0000814453,1996-01-02,2023-09-18,,今日對照·已核實,"成分期 1996-01-02~2023-09-18 結束後,0000814453 未改過名(現名 NEWELL BRANDS INC.);視為同一實體一路持有"
NWSA,0001564708,2013-07-01,,News Corp (Class A),今日對照,"成分期由 2013-07-01 起一路未結束,代號今日仍屬 0001564708"
NXPI,0001413447,2021-03-22,,NXP Semiconductors,今日對照,"成分期由 2021-03-22 起一路未結束,代號今日仍屬 0001413447"
O,0000726728,2015-04-07,,Realty Income,今日對照,"成分期由 2015-04-07 起一路未結束,代號今日仍屬 0000726728"
ODFL,0000878927,2019-12-09,,Old Dominion,今日對照,"成分期由 2019-12-09 起一路未結束,代號今日仍屬 0000878927"
OGN,0001821825,2021-06-04,2023-10-18,,今日對照·已核實,"成分期 2021-06-04~2023-10-18 結束後,0001821825 未改過名(現名 Organon & Co.);視為同一實體一路持有"
OI,0000812074,2009-01-02,2016-12-02,,同一實體改名·非回收,"0000812074 的申報由 1994-01-07 至 2026-08-14,一路貫穿成分期 2009-01-02~2016-12-02(期內名稱:OWENS ILLINOIS INC /DE/);成分期後改名為「O-I Glass, Inc. /DE/」是它自己改名,不是代號易主"
OKE,0001039684,2010-03-15,,Oneok,今日對照,"成分期由 2010-03-15 起一路未結束,代號今日仍屬 0001039684"
OMC,0000029989,1997-12-24,,Omnicom Group,今日對照,"成分期由 1997-12-24 起一路未結束,代號今日仍屬 0000029989"
ON,0001097864,2022-06-21,,ON Semiconductor,今日對照,"成分期由 2022-06-21 起一路未結束,代號今日仍屬 0001097864"
ORCL,0001341439,1996-01-02,,Oracle Corporation,今日對照,"成分期由 1996-01-02 起一路未結束,代號今日仍屬 0001341439"
ORLY,0000898173,2009-03-27,,O'Reilly Automotive,今日對照,"成分期由 2009-03-27 起一路未結束,代號今日仍屬 0000898173"
OTIS,0001781335,2020-04-03,,Otis Worldwide,今日對照,"成分期由 2020-04-03 起一路未結束,代號今日仍屬 0001781335"
OXY,0000797468,1996-01-02,,Occidental Petroleum,今日對照,"成分期由 1996-01-02 起一路未結束,代號今日仍屬 0000797468"
PANW,0001327567,2023-06-20,,Palo Alto Networks,今日對照,"成分期由 2023-06-20 起一路未結束,代號今日仍屬 0001327567"
PARA,0001826011,2022-02-17,2025-08-08,,今日對照·已核實,"成分期 2022-02-17~2025-08-08 結束後,0001826011 未改過名(現名 Banzai International, Inc.);視為同一實體一路持有"
PAYC,0001590955,2020-01-28,2026-03-23,,今日對照·已核實,"成分期 2020-01-28~2026-03-23 結束後,0001590955 未改過名(現名 Paycom Software, Inc.);視為同一實體一路持有"
PAYX,0000723531,1998-10-01,,Paychex,今日對照,"成分期由 1998-10-01 起一路未結束,代號今日仍屬 0000723531"
PBI,0000078814,1996-01-02,2017-03-01,,今日對照·已核實,"成分期 1996-01-02~2017-03-01 結束後,0000078814 未改過名(現名 PITNEY BOWES INC /DE/);視為同一實體一路持有"
PCAR,0000075362,1996-01-02,,Paccar,今日對照,"成分期由 1996-01-02 起一路未結束,代號今日仍屬 0000075362"
PCG,0001004980,1996-01-02,2019-01-18,PG&E Corporation,人手待辨,"今日持有人 0001004980 的申報由 1996-02-21 起,蓋不住成分期 1996-01-02~2019-01-18,它不可能是當時的持有人;它在成分期後才取得名稱(PG&E Corp);但名稱表上找不到一個同名、申報整段覆蓋成分期、而又在它取用該名稱之前已放低該名稱的候選,認不出當時屬誰;其第一份申報 1996-02-21 落在成分期之內,可能是期中成立的繼承實體,排除不了,暫時保留原錨"
PEG,0000788784,1996-01-02,,Public Service Enterprise Group,今日對照,"成分期由 1996-01-02 起一路未結束,代號今日仍屬 0000788784"
PENN,0000921738,2021-03-22,2022-09-19,,今日對照·已核實,"成分期 2021-03-22~2022-09-19 結束後,0000921738 未改過名(現名 PENN Entertainment, Inc.);視為同一實體一路持有"
PEP,0000077476,1996-01-02,,PepsiCo,今日對照,"成分期由 1996-01-02 起一路未結束,代號今日仍屬 0000077476"
PFE,0000078003,1996-01-02,,Pfizer,今日對照,"成分期由 1996-01-02 起一路未結束,代號今日仍屬 0000078003"
PFG,0001126328,2002-07-22,,Principal Financial Group,今日對照,"成分期由 2002-07-22 起一路未結束,代號今日仍屬 0001126328"
PG,0000080424,1996-01-02,,Procter & Gamble,今日對照,"成分期由 1996-01-02 起一路未結束,代號今日仍屬 0000080424"
PGR,0000080661,1997-08-04,,Progressive Corporation,今日對照,"成分期由 1997-08-04 起一路未結束,代號今日仍屬 0000080661"
PH,0000076334,1996-01-02,,Parker Hannifin,今日對照,"成分期由 1996-01-02 起一路未結束,代號今日仍屬 0000076334"
PHM,0000822416,1996-01-02,,PulteGroup,今日對照,"成分期由 1996-01-02 起一路未結束,代號今日仍屬 0000822416"
PKG,0000075677,2017-07-26,,Packaging Corporation of America,今日對照,"成分期由 2017-07-26 起一路未結束,代號今日仍屬 0000075677"
PLD,0001045609,2003-07-17,,Prologis,今日對照,"成分期由 2003-07-17 起一路未結束,代號今日仍屬 0001045609"
PLTR,0001321655,2024-09-23,,Palantir Technologies,今日對照,"成分期由 2024-09-23 起一路未結束,代號今日仍屬 0001321655"
PM,0001413329,2008-03-31,,Philip Morris International,今日對照,"成分期由 2008-03-31 起一路未結束,代號今日仍屬 0001413329"
PNC,0000713676,1996-01-02,,PNC Financial Services,今日對照,"成分期由 1996-01-02 起一路未結束,代號今日仍屬 0000713676"
PNR,0000077360,2012-10-01,,Pentair,今日對照,"成分期由 2012-10-01 起一路未結束,代號今日仍屬 0000077360"
PNW,0000764622,1999-10-04,,Pinnacle West Capital,今日對照,"成分期由 1999-10-04 起一路未結束,代號今日仍屬 0000764622"
PODD,0001145197,2023-03-15,,Insulet Corporation,今日對照,"成分期由 2023-03-15 起一路未結束,代號今日仍屬 0001145197"
POOL,0000945841,2020-10-07,2026-06-22,,今日對照·已核實,"成分期 2020-10-07~2026-06-22 結束後,0000945841 未改過名(現名 POOL CORP);視為同一實體一路持有"
PPG,0000079879,1996-01-02,,PPG Industries,今日對照,"成分期由 1996-01-02 起一路未結束,代號今日仍屬 0000079879"
PPL,0000922224,1996-01-02,,PPL Corporation,今日對照,"成分期由 1996-01-02 起一路未結束,代號今日仍屬 0000922224"
PRGO,0001585364,2011-12-19,2021-09-20,,今日對照·已核實,"成分期 2011-12-19~2021-09-20 結束後,0001585364 未改過名(現名 PERRIGO Co plc);視為同一實體一路持有"
PRU,0001137774,2002-07-22,,Prudential Financial,今日對照,"成分期由 2002-07-22 起一路未結束,代號今日仍屬 0001137774"
PSA,0001393311,2005-08-19,,Public Storage,今日對照,"成分期由 2005-08-19 起一路未結束,代號今日仍屬 0001393311"
PSKY,0002041610,2025-08-08,,Paramount Skydance Corporation,今日對照,"成分期由 2025-08-08 起一路未結束,代號今日仍屬 0002041610"
PSX,0001534701,2012-05-01,,Phillips 66,今日對照,"成分期由 2012-05-01 起一路未結束,代號今日仍屬 0001534701"
PTC,0000857005,2021-04-20,,PTC Inc.,今日對照,"成分期由 2021-04-20 起一路未結束,代號今日仍屬 0000857005"
PVH,0000078239,2013-02-14,2022-09-19,,今日對照·已核實,"成分期 2013-02-14~2022-09-19 結束後,0000078239 未改過名(現名 PVH CORP. /DE/);視為同一實體一路持有"
PWR,0001050915,2009-07-01,,Quanta Services,今日對照,"成分期由 2009-07-01 起一路未結束,代號今日仍屬 0001050915"
PYPL,0001633917,2015-07-20,,PayPal,今日對照,"成分期由 2015-07-20 起一路未結束,代號今日仍屬 0001633917"
Q,0002058873,2025-11-03,,Qnity Electronics,今日對照,"成分期由 2025-11-03 起一路未結束,代號今日仍屬 0002058873"
QCOM,0000804328,1999-07-22,,Qualcomm,今日對照,"成分期由 1999-07-22 起一路未結束,代號今日仍屬 0000804328"
QRVO,0001604778,2015-06-12,2024-12-23,,今日對照·已核實,"成分期 2015-06-12~2024-12-23 結束後,0001604778 未改過名(現名 Qorvo, Inc.);視為同一實體一路持有"
R,0000085961,1996-01-02,2017-06-19,,今日對照·已核實,"成分期 1996-01-02~2017-06-19 結束後,0000085961 未改過名(現名 RYDER SYSTEM INC);視為同一實體一路持有"
RCL,0000884887,2014-12-05,,Royal Caribbean Group,今日對照,"成分期由 2014-12-05 起一路未結束,代號今日仍屬 0000884887"
RDDT,0001713445,2026-08-18,,Reddit,今日對照,"成分期由 2026-08-18 起一路未結束,代號今日仍屬 0001713445"
REG,0000910606,2017-03-02,,Regency Centers,今日對照,"成分期由 2017-03-02 起一路未結束,代號今日仍屬 0000910606"
REGN,0000872589,2013-05-01,,Regeneron Pharmaceuticals,今日對照,"成分期由 2013-05-01 起一路未結束,代號今日仍屬 0000872589"
RF,0001281761,1998-08-28,,Regions Financial Corporation,今日對照,"成分期由 1998-08-28 起一路未結束,代號今日仍屬 0001281761"
RHI,0000315213,2000-12-05,2024-06-24,,今日對照·已核實,"成分期 2000-12-05~2024-06-24 結束後,0000315213 未改過名(現名 ROBERT HALF INC.);視為同一實體一路持有"
RIG,0001451505,2013-10-29,2017-07-26,,今日對照·已核實,"成分期 2013-10-29~2017-07-26 結束後,0001451505 未改過名(現名 Transocean Ltd.);視為同一實體一路持有"
RJF,0000720005,2017-03-20,,Raymond James Financial,今日對照,"成分期由 2017-03-20 起一路未結束,代號今日仍屬 0000720005"
RL,0001037038,2007-02-02,,Ralph Lauren Corporation,今日對照,"成分期由 2007-02-02 起一路未結束,代號今日仍屬 0001037038"
RMD,0000943819,2017-07-26,,ResMed|,今日對照,"成分期由 2017-07-26 起一路未結束,代號今日仍屬 0000943819"
ROK,0001024478,1996-01-02,,Rockwell Automation,今日對照,"成分期由 1996-01-02 起一路未結束,代號今日仍屬 0001024478"
ROL,0000084839,2018-10-01,,"Rollins, Inc.",今日對照,"成分期由 2018-10-01 起一路未結束,代號今日仍屬 0000084839"
ROP,0000882835,2009-12-23,,Roper Technologies,今日對照,"成分期由 2009-12-23 起一路未結束,代號今日仍屬 0000882835"
ROST,0000745732,2009-12-21,,Ross Stores,今日對照,"成分期由 2009-12-21 起一路未結束,代號今日仍屬 0000745732"
RRC,0000315852,2007-12-21,2018-06-18,,今日對照·已核實,"成分期 2007-12-21~2018-06-18 結束後,0000315852 未改過名(現名 RANGE RESOURCES CORP);視為同一實體一路持有"
RSG,0001060391,2008-12-05,,Republic Services,今日對照,"成分期由 2008-12-05 起一路未結束,代號今日仍屬 0001060391"
RTX,0000101829,2020-04-03,,RTX Corporation,今日對照,"成分期由 2020-04-03 起一路未結束,代號今日仍屬 0000101829"
RVTY,0000031791,2023-05-16,,Revvity,今日對照,"成分期由 2023-05-16 起一路未結束,代號今日仍屬 0000031791"
SBAC,0001034054,2017-09-01,,SBA Communications,今日對照,"成分期由 2017-09-01 起一路未結束,代號今日仍屬 0001034054"
SBUX,0000829224,2000-06-08,,Starbucks,今日對照,"成分期由 2000-06-08 起一路未結束,代號今日仍屬 0000829224"
SCG,,2009-01-02,2019-01-02,,佔位錨,"成分期 2009-01-02~2019-01-02 已結束,今日的代號→CIK 對照查無此代號;名稱表沒有代號一欄,單憑代號認不出當時屬誰"
SCHW,0000316709,1997-06-02,,Charles Schwab Corporation,今日對照,"成分期由 1997-06-02 起一路未結束,代號今日仍屬 0000316709"
SEDG,0001419612,2021-12-20,2023-12-18,,今日對照·已核實,"成分期 2021-12-20~2023-12-18 結束後,0001419612 未改過名(現名 SOLAREDGE TECHNOLOGIES, INC.);視為同一實體一路持有"
SHW,0000089800,1996-01-02,,Sherwin-Williams,今日對照,"成分期由 1996-01-02 起一路未結束,代號今日仍屬 0000089800"
SIG,0000832988,2015-07-29,2018-03-19,,今日對照·已核實,"成分期 2015-07-29~2018-03-19 結束後,0000832988 未改過名(現名 SIGNET JEWELERS LTD);視為同一實體一路持有"
SJM,0000091419,2008-11-06,,J.M. Smucker Company (The),今日對照,"成分期由 2008-11-06 起一路未結束,代號今日仍屬 0000091419"
SLB,0000087347,1996-01-02,,Schlumberger,今日對照,"成分期由 1996-01-02 起一路未結束,代號今日仍屬 0000087347"
SLG,0001040971,2015-03-23,2021-03-22,,今日對照·已核實,"成分期 2015-03-23~2021-03-22 結束後,0001040971 未改過名(現名 SL GREEN REALTY CORP);視為同一實體一路持有"
SMCI,0001375365,2024-03-18,,Supermicro,今日對照,"成分期由 2024-03-18 起一路未結束,代號今日仍屬 0001375365"
SNA,0000091440,1996-01-02,,Snap-on,今日對照,"成分期由 1996-01-02 起一路未結束,代號今日仍屬 0000091440"
SNDK,0002023554,2025-11-28,,Sandisk,今日對照,"成分期由 2025-11-28 起一路未結束,代號今日仍屬 0002023554"
SNPS,0000883241,2017-03-16,,Synopsys,今日對照,"成分期由 2017-03-16 起一路未結束,代號今日仍屬 0000883241"
SO,0000092122,1996-01-02,,Southern Company,今日對照,"成分期由 1996-01-02 起一路未結束,代號今日仍屬 0000092122"
SOLS,0002064953,2025-10-30,2025-12-22,,今日對照·已核實,"成分期 2025-10-30~2025-12-22 結束後,0002064953 未改過名(現名 Solstice Advanced Materials Inc.);視為同一實體一路持有"
SOLV,0001964738,2024-04-01,,Solventum,今日對照,"成分期由 2024-04-01 起一路未結束,代號今日仍屬 0001964738"
SPG,0001063761,2002-06-26,,Simon Property Group,今日對照,"成分期由 2002-06-26 起一路未結束,代號今日仍屬 0001063761"
SPGI,0000064040,1996-01-02,,S&P Global,今日對照,"成分期由 1996-01-02 起一路未結束,代號今日仍屬 0000064040"
SRE,0001032208,1998-06-29,,Sempra,今日對照,"成分期由 1998-06-29 起一路未結束,代號今日仍屬 0001032208"
STE,0001757898,2019-12-23,,Steris,今日對照,"成分期由 2019-12-23 起一路未結束,代號今日仍屬 0001757898"
STLD,0001022671,2022-12-22,,Steel Dynamics,今日對照,"成分期由 2022-12-22 起一路未結束,代號今日仍屬 0001022671"
STT,0000093751,1997-08-18,,State Street Corporation,今日對照,"成分期由 1997-08-18 起一路未結束,代號今日仍屬 0000093751"
STX,0001137789,2012-07-02,,Seagate Technology,今日對照,"成分期由 2012-07-02 起一路未結束,代號今日仍屬 0001137789"
STZ,0000016918,2005-07-05,,Constellation Brands,今日對照,"成分期由 2005-07-05 起一路未結束,代號今日仍屬 0000016918"
SW,0002005951,2024-07-08,,Smurfit Westrock,今日對照,"成分期由 2024-07-08 起一路未結束,代號今日仍屬 0002005951"
SWK,0000093556,1996-01-02,,Stanley Black & Decker,今日對照,"成分期由 1996-01-02 起一路未結束,代號今日仍屬 0000093556"
SWKS,0000004127,2015-03-12,,Skyworks Solutions,今日對照,"成分期由 2015-03-12 起一路未結束,代號今日仍屬 0000004127"
SYF,0001601712,2015-11-18,,Synchrony Financial,今日對照,"成分期由 2015-11-18 起一路未結束,代號今日仍屬 0001601712"
SYK,0000310764,2000-12-12,,Stryker Corporation,今日對照,"成分期由 2000-12-12 起一路未結束,代號今日仍屬 0000310764"
SYY,0000096021,1996-01-02,,Sysco,今日對照,"成分期由 1996-01-02 起一路未結束,代號今日仍屬 0000096021"
T,0000732717,1996-01-02,,AT&T,今日對照,"成分期由 1996-01-02 起一路未結束,代號今日仍屬 0000732717"
TAP,0000024545,1996-01-02,,Molson Coors Beverage Company,今日對照,"成分期由 1996-01-02 起一路未結束,代號今日仍屬 0000024545"
TDC,0000816761,2007-10-01,2017-06-19,,同一實體改名·非回收,"0000816761 的申報由 2007-05-10 至 2026-08-18,一路貫穿成分期 2007-10-01~2017-06-19(期內名稱:TERADATA CORP /DE/);成分期後改名為「TERADATA CORP /DE/」是它自己改名,不是代號易主"
TDG,0001260221,2016-06-03,,TransDigm Group,今日對照,"成分期由 2016-06-03 起一路未結束,代號今日仍屬 0001260221"
TDY,0001094285,2020-06-22,,Teledyne Technologies,今日對照,"成分期由 2020-06-22 起一路未結束,代號今日仍屬 0001094285"
TECH,0000842023,2021-08-30,,Bio-Techne,今日對照,"成分期由 2021-08-30 起一路未結束,代號今日仍屬 0000842023"
TEL,0001385157,2011-10-17,,TE Connectivity,今日對照,"成分期由 2011-10-17 起一路未結束,代號今日仍屬 0001385157"
TER,0000097210,2020-09-21,,Teradyne,今日對照,"成分期由 2020-09-21 起一路未結束,代號今日仍屬 0000097210"
TFC,0000092230,2019-12-09,,Truist Financial,今日對照,"成分期由 2019-12-09 起一路未結束,代號今日仍屬 0000092230"
TFX,0000096943,2019-01-18,2025-03-24,,今日對照·已核實,"成分期 2019-01-18~2025-03-24 結束後,0000096943 未改過名(現名 TELEFLEX INC);視為同一實體一路持有"
TGT,0000027419,1996-01-02,,Target Corporation,今日對照,"成分期由 1996-01-02 起一路未結束,代號今日仍屬 0000027419"
THC,0000070318,1996-01-02,2016-04-18,,今日對照·已核實,"成分期 1996-01-02~2016-04-18 結束後,0000070318 未改過名(現名 TENET HEALTHCARE CORP);視為同一實體一路持有"
TJX,0000109198,1996-01-02,,TJX Companies,今日對照,"成分期由 1996-01-02 起一路未結束,代號今日仍屬 0000109198"
TKO,0001973266,2025-03-24,,TKO Group Holdings,今日對照,"成分期由 2025-03-24 起一路未結束,代號今日仍屬 0001973266"
TMO,0000097745,1997-01-02,,Thermo Fisher Scientific,今日對照,"成分期由 1997-01-02 起一路未結束,代號今日仍屬 0000097745"
TMUS,0001283699,2019-07-15,,T-Mobile US,今日對照,"成分期由 2019-07-15 起一路未結束,代號今日仍屬 0001283699"
TPL,0001811074,2024-11-26,,Texas Pacific Land Corporation,今日對照,"成分期由 2024-11-26 起一路未結束,代號今日仍屬 0001811074"
TPR,0001116132,2004-09-01,,"Tapestry, Inc.",今日對照,"成分期由 2004-09-01 起一路未結束,代號今日仍屬 0001116132"
TRGP,0001389170,2022-10-12,,Targa Resources,今日對照,"成分期由 2022-10-12 起一路未結束,代號今日仍屬 0001389170"
TRIP,0001526520,2011-12-21,2019-12-23,,今日對照·已核實,"成分期 2011-12-21~2019-12-23 結束後,0001526520 未改過名(現名 TripAdvisor, Inc.);視為同一實體一路持有"
TRMB,0000864749,2021-01-21,,Trimble Inc.,今日對照,"成分期由 2021-01-21 起一路未結束,代號今日仍屬 0000864749"
TROW,0001113169,1999-10-13,,T. Rowe Price,今日對照,"成分期由 1999-10-13 起一路未結束,代號今日仍屬 0001113169"
TRV,0000086312,1996-01-02,,Travelers Companies (The),今日對照,"成分期由 1996-01-02 起一路未結束,代號今日仍屬 0000086312"
TSCO,0000916365,2014-01-24,,Tractor Supply,今日對照,"成分期由 2014-01-24 起一路未結束,代號今日仍屬 0000916365"
TSLA,0001318605,2020-12-21,,"Tesla, Inc.",今日對照,"成分期由 2020-12-21 起一路未結束,代號今日仍屬 0001318605"
TSN,0000100493,2005-08-11,,Tyson Foods,今日對照,"成分期由 2005-08-11 起一路未結束,代號今日仍屬 0000100493"
TT,0001466258,2020-03-03,,Trane Technologies,今日對照,"成分期由 2020-03-03 起一路未結束,代號今日仍屬 0001466258"
TTD,0001671933,2025-07-18,,Trade Desk (The),今日對照,"成分期由 2025-07-18 起一路未結束,代號今日仍屬 0001671933"
TTWO,0000946581,2018-03-19,,Take-Two Interactive,今日對照,"成分期由 2018-03-19 起一路未結束,代號今日仍屬 0000946581"
TWX,,1996-01-02,2018-06-15,,佔位錨,"成分期 1996-01-02~2018-06-15 已結束,今日的代號→CIK 對照查無此代號;名稱表沒有代號一欄,單憑代號認不出當時屬誰"
TXN,0000097476,1996-01-02,,Texas Instruments,今日對照,"成分期由 1996-01-02 起一路未結束,代號今日仍屬 0000097476"
TXT,0000217346,1996-01-02,,Textron,今日對照,"成分期由 1996-01-02 起一路未結束,代號今日仍屬 0000217346"
TYL,0000860731,2020-06-22,,Tyler Technologies,今日對照,"成分期由 2020-06-22 起一路未結束,代號今日仍屬 0000860731"
UAA,0001336917,2014-05-01,2022-06-21,,今日對照·已核實,"成分期 2014-05-01~2022-06-21 結束後,0001336917 未改過名(現名 Under Armour, Inc.);視為同一實體一路持有"
UAL,0000100517,2015-09-03,,United Airlines Holdings,今日對照,"成分期由 2015-09-03 起一路未結束,代號今日仍屬 0000100517"
UBER,0001543151,2023-12-18,,Uber,今日對照,"成分期由 2023-12-18 起一路未結束,代號今日仍屬 0001543151"
UDR,0000074208,2016-03-07,,"UDR, Inc.",今日對照,"成分期由 2016-03-07 起一路未結束,代號今日仍屬 0000074208"
UHS,0000352915,2014-09-22,,Universal Health Services,今日對照,"成分期由 2014-09-22 起一路未結束,代號今日仍屬 0000352915"
ULTA,0001403568,2016-04-18,,Ulta Beauty,今日對照,"成分期由 2016-04-18 起一路未結束,代號今日仍屬 0001403568"
UNH,0000731766,1996-01-02,,UnitedHealth Group,今日對照,"成分期由 1996-01-02 起一路未結束,代號今日仍屬 0000731766"
UNM,0000005513,1996-01-02,2021-09-20,,今日對照·已核實,"成分期 1996-01-02~2021-09-20 結束後,0000005513 未改過名(現名 Unum Group);視為同一實體一路持有"
UNP,0000100885,1996-01-02,,Union Pacific Corporation,今日對照,"成分期由 1996-01-02 起一路未結束,代號今日仍屬 0000100885"
UPS,0001090727,2002-07-22,,United Parcel Service,今日對照,"成分期由 2002-07-22 起一路未結束,代號今日仍屬 0001090727"
URBN,0000912615,2010-02-08,2017-03-20,,今日對照·已核實,"成分期 2010-02-08~2017-03-20 結束後,0000912615 未改過名(現名 URBAN OUTFITTERS INC);視為同一實體一路持有"
URI,0001067701,2014-09-22,,United Rentals,今日對照,"成分期由 2014-09-22 起一路未結束,代號今日仍屬 0001067701"
USB,0000036104,1996-01-02,,U.S. Bancorp,今日對照,"成分期由 1996-01-02 起一路未結束,代號今日仍屬 0000036104"
V,0001403161,2009-12-21,,Visa Inc.,今日對照,"成分期由 2009-12-21 起一路未結束,代號今日仍屬 0001403161"
VEEV,0001393052,2026-05-07,,Veeva Systems,今日對照,"成分期由 2026-05-07 起一路未結束,代號今日仍屬 0001393052"
VFC,0000103379,1996-01-02,2024-04-01,,今日對照·已核實,"成分期 1996-01-02~2024-04-01 結束後,0000103379 未改過名(現名 V F CORP);視為同一實體一路持有"
VICI,0001705696,2022-06-08,,Vici Properties,今日對照,"成分期由 2022-06-08 起一路未結束,代號今日仍屬 0001705696"
VLO,0001035002,2004-04-29,,Valero Energy,今日對照,"成分期由 2004-04-29 起一路未結束,代號今日仍屬 0001035002"
VLTO,0001967680,2023-10-02,,Veralto,今日對照,"成分期由 2023-10-02 起一路未結束,代號今日仍屬 0001967680"
VMC,0001396009,1999-07-01,,Vulcan Materials Company,今日對照,"成分期由 1999-07-01 起一路未結束,代號今日仍屬 0001396009"
VMRK,0000906107,2001-12-03,,Vivmark Residential,今日對照,"成分期由 2001-12-03 起一路未結束,代號今日仍屬 0000906107"
VNO,0000899689,2005-08-12,2023-01-04,,今日對照·已核實,"成分期 2005-08-12~2023-01-04 結束後,0000899689 未改過名(現名 VORNADO REALTY TRUST);視為同一實體一路持有"
VNT,0001786842,2020-10-12,2021-03-22,,今日對照·已核實,"成分期 2020-10-12~2021-03-22 結束後,0001786842 未改過名(現名 Vontier Corp);視為同一實體一路持有"
VRSK,0001442145,2015-10-08,,Verisk Analytics,今日對照,"成分期由 2015-10-08 起一路未結束,代號今日仍屬 0001442145"
VRSN,0001014473,2006-02-01,,Verisign,今日對照,"成分期由 2006-02-01 起一路未結束,代號今日仍屬 0001014473"
VRT,0001674101,2026-03-23,,Vertiv,今日對照,"成分期由 2026-03-23 起一路未結束,代號今日仍屬 0001674101"
VRTX,0000875320,2013-09-23,,Vertex Pharmaceuticals,今日對照,"成分期由 2013-09-23 起一路未結束,代號今日仍屬 0000875320"
VST,0001692819,2024-05-08,,Vistra Corp.,今日對照,"成分期由 2024-05-08 起一路未結束,代號今日仍屬 0001692819"
VTR,0000740260,2009-03-04,,Ventas,今日對照,"成分期由 2009-03-04 起一路未結束,代號今日仍屬 0000740260"
VTRS,0001792044,2020-11-17,,Viatris,今日對照,"成分期由 2020-11-17 起一路未結束,代號今日仍屬 0001792044"
VZ,0000732712,1996-01-02,,Verizon,今日對照,"成分期由 1996-01-02 起一路未結束,代號今日仍屬 0000732712"
WAB,0000943452,2019-02-27,,Wabtec,今日對照,"成分期由 2019-02-27 起一路未結束,代號今日仍屬 0000943452"
WAT,0001000697,2002-01-02,,Waters Corporation,今日對照,"成分期由 2002-01-02 起一路未結束,代號今日仍屬 0001000697"
WBD,0001437107,2022-04-11,,Warner Bros. Discovery,今日對照,"成分期由 2022-04-11 起一路未結束,代號今日仍屬 0001437107"
WDAY,0001327811,2024-12-23,,"Workday, Inc.",今日對照,"成分期由 2024-12-23 起一路未結束,代號今日仍屬 0001327811"
WDC,0000106040,2009-07-01,,Western Digital,今日對照,"成分期由 2009-07-01 起一路未結束,代號今日仍屬 0000106040"
WEC,0000783325,2008-10-31,,WEC Energy Group,今日對照,"成分期由 2008-10-31 起一路未結束,代號今日仍屬 0000783325"
WELL,0000766704,2009-01-30,,Welltower,今日對照,"成分期由 2009-01-30 起一路未結束,代號今日仍屬 0000766704"
WFC,0000072971,1996-01-02,,Wells Fargo,今日對照,"成分期由 1996-01-02 起一路未結束,代號今日仍屬 0000072971"
WHR,0000106640,1996-01-02,2024-03-18,,今日對照·已核實,"成分期 1996-01-02~2024-03-18 結束後,0000106640 未改過名(現名 WHIRLPOOL CORP /DE/);視為同一實體一路持有"
WM,0000823768,1998-07-17,,Waste Management,今日對照,"成分期由 1998-07-17 起一路未結束,代號今日仍屬 0000823768"
WMB,0000107263,1996-01-02,,Williams Companies,今日對照,"成分期由 1996-01-02 起一路未結束,代號今日仍屬 0000107263"
WMT,0000104169,1996-01-02,,Walmart,今日對照,"成分期由 1996-01-02 起一路未結束,代號今日仍屬 0000104169"
WRB,0000011544,2019-12-05,,W. R. Berkley Corporation,今日對照,"成分期由 2019-12-05 起一路未結束,代號今日仍屬 0000011544"
WSM,0000719955,2025-03-24,,"Williams-Sonoma, Inc.",今日對照,"成分期由 2025-03-24 起一路未結束,代號今日仍屬 0000719955"
WST,0000105770,2020-05-22,,West Pharmaceutical Services,今日對照,"成分期由 2020-05-22 起一路未結束,代號今日仍屬 0000105770"
WTW,0001140536,2022-01-10,,Willis Towers Watson,今日對照,"成分期由 2022-01-10 起一路未結束,代號今日仍屬 0001140536"
WU,0001365135,2006-10-02,2021-12-20,,今日對照·已核實,"成分期 2006-10-02~2021-12-20 結束後,0001365135 未改過名(現名 Western Union CO);視為同一實體一路持有"
WY,0000106535,1996-01-02,,Weyerhaeuser,今日對照,"成分期由 1996-01-02 起一路未結束,代號今日仍屬 0000106535"
WYNN,0001174922,2008-11-14,,Wynn Resorts,今日對照,"成分期由 2008-11-14 起一路未結束,代號今日仍屬 0001174922"
XEL,0000072903,1996-01-02,,Xcel Energy,今日對照,"成分期由 1996-01-02 起一路未結束,代號今日仍屬 0000072903"
XOM,0002115436,1996-01-02,,ExxonMobil,今日對照,"成分期由 1996-01-02 起一路未結束,代號今日仍屬 0002115436"
XRAY,0000818479,2008-11-14,2024-04-02,,今日對照·已核實,"成分期 2008-11-14~2024-04-02 結束後,0000818479 未改過名(現名 DENTSPLY SIRONA Inc.);視為同一實體一路持有"
XRX,0001770450,1996-01-02,2021-03-22,,今日對照·已核實,"成分期 1996-01-02~2021-03-22 結束後,0001770450 未改過名(現名 Xerox Holdings Corp);視為同一實體一路持有"
XYL,0001524472,2011-11-01,,Xylem Inc.,今日對照,"成分期由 2011-11-01 起一路未結束,代號今日仍屬 0001524472"
XYZ,0001512673,2025-07-23,,"Block, Inc.",今日對照,"成分期由 2025-07-23 起一路未結束,代號今日仍屬 0001512673"
YUM,0001041061,1997-10-07,,Yum! Brands,今日對照,"成分期由 1997-10-07 起一路未結束,代號今日仍屬 0001041061"
ZBH,0001136869,2001-08-07,,Zimmer Biomet,今日對照,"成分期由 2001-08-07 起一路未結束,代號今日仍屬 0001136869"
ZBRA,0000877212,2019-12-23,,Zebra Technologies,今日對照,"成分期由 2019-12-23 起一路未結束,代號今日仍屬 0000877212"
ZION,0000109380,2001-06-25,2024-03-18,,今日對照·已核實,"成分期 2001-06-25~2024-03-18 結束後,0000109380 未改過名(現名 ZIONS BANCORPORATION, NATIONAL ASSOCIATION /UT/);視為同一實體一路持有"
ZTS,0001555280,2013-06-24,,Zoetis,今日對照,"成分期由 2013-06-24 起一路未結束,代號今日仍屬 0001555280"
