"編號","名稱","類別","白話一句","公式或做法","所需輸入","免費可算","預測力證據出處","OSAP 訊號名","Karst 適用度"
"A01","戈登增長股息折現模型(Gordon Growth DDM)","絕對估值","假設公司以後每年派息、而且派息以固定速度愈派愈多,把這條無盡的收錢流折算成今日的錢,加起來就是這隻股票應該值多少。","V0 = D1 ÷ (r − g);D1 為下一年股息、r 為股權要求回報、g 為永續增長率","損益表(股息)、折現率、市價","可","Gordon & Shapiro (1956), Management Science 3(1): 102–110, DOI 10.1287/mnsc.3.1.102(模型出處,非回報預測證據);更早源頭 Williams (1938)《The Theory of Investment Value》","—(OSAP 無)","低——只對派息穩定的成熟公司有意義;g 逼近 r 時數值爆炸,標普 500 有大批不派息公司算不出"
"A02","兩段式股息折現模型","絕對估值","先假設公司高速增長幾年,之後轉為慢速永續增長,分兩段計算清楚再相加。","高增長期逐年折現,加期末以戈登公式計終值再折現;Damodaran ddm2st.xls","損益表(股息)、分析員預測、折現率、市價","部分(增長率要分析員預測或自行估計)","CFA Program《Equity Asset Valuation》第 4 版(ISBN 9781119628194)Discounted Dividend Valuation 一節;無獨立橫斷面回報證據","—(OSAP 無)","低——增長率假設主導結果,量化後訊號多數來自假設而非公司本身"
"A03","三段式股息折現模型","絕對估值","把公司一生分成高增長、過渡、成熟三段計算,比兩段貼近現實,但要多估計一組數字。","三段各自折現後相加;Damodaran ddm3st.xls","損益表(股息)、分析員預測、折現率、市價","部分","Damodaran 免費試算表頁 pages.stern.nyu.edu/~adamodar/New_Home_Page/spreadsh.htm;CFA Program 同節","—(OSAP 無)","低——參數愈多愈難橫斷面標準化"
"A04","H 模型","絕對估值","一個簡化做法:假設增長率由高位直線滑落至永續水平,不必逐年砌表。","P0 = D0(1+gn)÷(ke−gn) + D0·H·(ga−gn)÷(ke−gn);增長率由 ga 在 2H 期內直線下滑至 gn","損益表(股息)、分析員預測、折現率、市價","部分","Fuller & Hsia (1984), Financial Analysts Journal 40(5): 49–56, DOI 10.2469/faj.v40.n5.49","—(OSAP 無)","低——與其他 DDM 一樣受派息限制"
"A05","股權自由現金流折現(FCFE,單段)","絕對估值","不看派息,改看公司還完債、投完資之後真正剩給股東的現金有多少,再折算成今日價值。","FCFE = 淨利 + 折舊攤銷 − 資本開支 − 營運資金變動 + 淨借款;以股權成本折現","損益表、資產負債表、現金流量表、折現率、市價","可","Damodaran《Investment Valuation》第 4 版(2024/25, ISBN 9781394254606);CFA Program Free Cash Flow Valuation 一節","—(OSAP 無)","中——不派息的公司一樣算得到,覆蓋比 DDM 闊;但終值假設仍然主導"
"A06","股權自由現金流折現(FCFE,兩段或三段)","絕對估值","同上,但把未來分成高增長與成熟兩三段計算。","分段折現加終值;Damodaran fcfe2st.xls / fcfe3st.xls / fcfeginzu.xls","損益表、資產負債表、現金流量表、分析員預測、折現率、市價","部分","Damodaran 免費試算表頁;CFA Program 同節","—(OSAP 無)","中"
"A07","公司自由現金流折現(FCFF,企業 DCF)","絕對估值","先計算整盤生意每年賺到多少現金(不分股東還是債主),用綜合資金成本折現得出企業價值,再減淨負債得出股權價值。這就是一般人所講的 DCF。","FCFF = EBIT(1−稅率) + 折舊攤銷 − 資本開支 − 營運資金變動;以 WACC 折現;企業價值減淨負債等於股權價值;Damodaran fcff2st.xls / fcffginzu.xlsx","損益表、資產負債表、現金流量表、折現率(WACC)、市價","可(WACC 可用 Damodaran 行業表配 FRED 無風險利率近似)","Koller, Goedhart & Wessels《Valuation》第 8 版(2025-05, ISBN 9781394279418);Damodaran《Investment Valuation》第 4 版;CFA Program","—(OSAP 無)","中——D-033 第八類點名的正主;算得到,但終值往往佔價值七成以上,訊號品質繫於增長假設"
"A08","FCFF 變動邊際版(高增長或虧損公司)","絕對估值","為仍在虧損、或者利潤率仍在爬升的公司而設的 DCF:不假設今日的利潤率就是永遠的利潤率。","以目標營業邊際與收入路徑推算 FCFF;Damodaran fcffgen.xls / fcffneg.xls","損益表、資產負債表、現金流量表、分析員預測、折現率","部分","Damodaran 免費試算表頁;younggrowth.pdf(虧損期不能用市盈率與 EBITDA 倍數,改用收入倍數)","—(OSAP 無)","低——假設密度最高的一款,不宜量化成橫斷面因子"
"A09","調整現值法(APV)","絕對估值","把生意本身的價值,與借錢所節省的稅款分開計算再相加;槓桿會變動的公司,這樣比 WACC 法準確。","APV = 全股權融資下的企業價值 + 稅盾現值 − 財務困難成本現值;Damodaran apv.xls","損益表、資產負債表、現金流量表、折現率、市價","可","Myers (1974)「Interactions of Corporate Financing and Investment Decisions」, Journal of Finance 29(1): 1–25, DOI 10.1111/j.1540-6261.1974.tb00021.x;Luehrman (1997), Harvard Business Review reprint 97306","—(OSAP 無)","低——與 FCFF 結果相近,額外資訊有限;CFA 課程沒有 APV 獨立章節"
"A10","剩餘收益模型(RIM,Ohlson 1995)","絕對估值","公司的價值等於帳面淨值,加上以後每年「賺得比股東要求回報多出來那一截」的現值。用會計數字直接砌估值,不必估計自由現金流。","V0 = B0 + Σ (ROEt − r)·Bt−1 ÷ (1+r)^t;線性資訊動態 x^a(t+1) = ω·x^a(t) + OI(t)","損益表、資產負債表、折現率、市價","可(純會計輸入,是免費數據下最容易落地的絕對估值)","Ohlson (1995), Contemporary Accounting Research 11(2): 661–687, DOI 10.1111/j.1911-3846.1995.tb00461.x(理論文章,無回報數字);回報證據見 C01","—(OSAP:AnalystValue 為其分析員預測版本)","高——絕對估值裡最適合量化的一款:只需帳面淨值與 ROE,終值權重遠低於 DCF"
"A11","Feltham-Ohlson 營運與金融活動分拆","絕對估值","把公司分成「做生意那一半」與「持有現金和負債那一半」分開估值,因為金融資產本身已按市價入帳,不會再創造剩餘收益。","在 RIM 基礎上分拆營運資產與金融資產,只對營運資產計算剩餘收益;參數 ω12 > 0 代表會計保守、淨營運資產被低估","損益表、資產負債表、折現率","可","Feltham & Ohlson (1995), Contemporary Accounting Research 11(2): 689–731, DOI 10.1111/j.1911-3846.1995.tb00462.x(理論文章)","—(OSAP:EBM 與 BPEBM 為近親)","中——比 A10 精細,但要分辨營運與金融科目,免費財報的標準化程度未必分得清"
"A12","異常盈利增長模型(AEG / Ohlson-Juettner-Nauroth)","絕對估值","不看帳面淨值,改為看「明年盈利比今年多出來那一截,超出正常應有增長多少」,由此反推估值。","AEG(t) = 盈利(t) + (ρ−1)·股息(t−1) − 盈利(t−1);V0 = E1÷r + Σ AEG 折現值","損益表、分析員預測、折現率、市價","部分(需要下一年盈利預測)","Ohlson & Juettner-Nauroth (2005), Review of Accounting Studies 10(2-3): 349–365, DOI 10.1007/s11142-005-1535-3;Penman《Financial Statement Analysis and Security Valuation》第 5 版(2013, ISBN 9780078025310)第 6 章","—(OSAP 無)","中——不需要帳面淨值,對輕資產公司比 RIM 合適;但要盈利預測"
"A13","經濟增加值(EVA,經濟利潤)","絕對估值","公司今年賺到的錢,扣除「動用股東和債主的本金所應付的租金」之後,還剩下多少。剩下正數才算真正創造價值。","EVA = (資本回報率 − 資金成本) × 投入資本;等價於 NOPAT − WACC × 投入資本","損益表、資產負債表、折現率","可","Stewart (1994), Journal of Applied Corporate Finance 7(2): 71–84;實證裁決 Biddle, Bowen & Wallace (1997), Journal of Accounting and Economics 24(3): 301–336, DOI 10.1016/S0165-4101(98)00010-X——資訊含量排序為盈利 > 剩餘收益 > EVA > 營運現金流;佐證 Fernández (2002) IESE RP-453:582 家美企市場增值變動與 EVA 的十年相關系數僅 16%,其中 210 家為負","—(OSAP:roic 屬 Placebo,原文不顯著)","低——實證證據方向偏負面(打不贏單純盈利),列入目錄以正視聽,不建議進首批"
"A14","隱含資本成本(反推 DCF)","絕對估值","反過來做:用今日市價與分析員預測,倒推出市場其實預期這隻股票每年回報多少。預期回報高即代表便宜。","解出令 V0 等於市價的 r;四大估計式:Claus-Thomas (2001) JF 56(5), DOI 10.1111/0022-1082.00384;Gebhardt-Lee-Swaminathan (2001) JAR 39(1), DOI 10.1111/1475-679X.00007;Ohlson-Juettner-Nauroth (2005);Easton (2004) TAR 79(1), DOI 10.2308/accr.2004.79.1.73","損益表、資產負債表、分析員預測、市價","部分(需要歷史分析員預測,免費來源缺歷史)","反證:Easton & Monahan (2005), The Accounting Review 80(2): 501–538, DOI 10.2308/accr.2005.80.2.501——七個隱含回報代理「none of them has a positive association with realized returns」;Lee, So & Wang (2021), Review of Financial Studies 34(4): 1907–1951, DOI 10.1093/rfs/hhaa066——隱含回報類代理適合時序應用,橫斷面應用要用特徵類代理","—(OSAP 無)","低——概念完整,但作橫斷面選股的證據已被反覆證偽;免費來源亦無歷史共識,回測會前視"
"A15","實質選擇權估值(擴張、延遲、放棄)","絕對估值","把「將來可以選擇做或不做」本身當成有價值的東西計算——例如一塊未開發的礦,即使今日開採虧本,將來油價上升就有價值。","以 Black-Scholes 或二元樹替專案的彈性定價;Damodaran expand.xls / delay.xls / abandon.xls / natres.xls","損益表、資產負債表、折現率、市價、波幅","難(要逐個專案的標的資產與波幅,無法橫斷面量產)","Damodaran「The Promise and Peril of Real Options」(pages.stern.nyu.edu/~adamodar/pdfiles/papers/realopt.pdf);CFA 課程無此章節","—(OSAP 無)","低——不可能對 1,209 個代號逐一量產,只適合個案使用"
"A16","股權作為看漲期權(財困公司)","絕對估值","一間資不抵債的公司,股票其實類似一張彩票:債主取回一切之前股東分毫不得,但資產一旦翻身股東就全數受惠。用期權公式替這張彩票定價。","以公司資產價值為標的、負債面值為行使價,用 Black-Scholes 計算股權價值;Damodaran equity.xls","資產負債表、市價、波幅、折現率","可(以市值與波幅近似資產價值)","Merton (1974), Journal of Finance 29(2): 449–470, DOI 10.1111/j.1540-6261.1974.tb03058.x;Damodaran realopt.pdf p.56–59、Eurotunnel 案例 p.63;⚠ 用作選股要反讀:Campbell, Hilscher & Szilagyi (2008) 證實高違約風險股回報反而低","—(OSAP 無)","中——本身是 D10 距離違約的另一面,建議直接做 D10,不重複"
"A17","淨資產值與清算價值","絕對估值","把公司所有資產逐項按市價變賣、還清所有債務,剩下多少就是多少。適合資產型公司。","調整後資產市值減負債","資產負債表、市價","可(帳面值算得到;真正市價要重估,免費來源沒有)","CFA Program《Equity Asset Valuation》資產基礎估值章;Graham & Dodd《Security Analysis》;淨流動資產版本的實證見 Oppenheimer (1986), Financial Analysts Journal 42(6): 40–47——1970–1983 年化 28.3% 對基準 10.7%","—(OSAP:AM 資產市值比為近親)","中——帳面版本即 B14,重估版本免費數據做不到"
"A18","總派付折現(股息加回購)","絕對估值","美股大公司回購多於派息,只看股息會低估回報;把回購一併當成派給股東的錢來折現。","以(股息加淨回購)取代 DDM 中的股息","損益表、資產負債表、現金流量表、折現率、市價","可","Boudoukh, Michaely, Richardson & Roberts (2007), Journal of Finance 62(2): 877–915, DOI 10.1111/j.1540-6261.2007.01226.x","—(OSAP:NetPayoutYield、PayoutYield)","高——比率版本(B13)已有 OSAP 實證且量級可觀,建議直接做比率版本"
"B01","追蹤市盈率(P/E,盈利價格比 E/P)","相對估值","股價是每股盈利的多少倍。倍數低即市場對這盤生意的出價便宜。倒轉來看,就是每一元股價買到多少盈利。","E/P = 過去十二個月每股盈利 ÷ 股價","損益表、市價","可","Basu (1977), Journal of Finance 32(3): 663–682, DOI 10.1111/j.1540-6261.1977.tb01979.x(樣本 1956-09 至 1971-08;⚠ 坊間流傳的 16.3% 對 9.3% 找不到可追溯出處);Basu (1983), JFE 12(1): 129–156;Fama & French (1992) 報 E/P 組合由 0.93% 單調升至 1.72%/月;Hou-Xue-Zhang (2020) 滯後 E/P 四個變體全部複製成功;OSAP 記錄原文月均 0.58%","EP","高——輸入最少、覆蓋最闊、現代複製通得過;但虧損公司算不出,標普 500 每年約 6% 成分要留白"
"B02","前瞻市盈率(Forward P/E)","相對估值","用分析員估計的下一年盈利計算市盈率,而不是用已經過去的盈利。","前瞻 E/P = 未來十二個月每股盈利預測 ÷ 股價","分析員預測、市價","部分(yfinance 有現值,沒有歷史快照)","Elgers, Lo & Pfeiffer (2001), The Accounting Review 76(4): 613–632, DOI 10.2308/accr.2001.76.4.613;⚠ Hou-Xue-Zhang (2020) 同一套程序下:前瞻 E/P 只有一個月持有期(Efp1)複製成功,六個月與十二個月(Efp6、Efp12)複製失敗;滯後 E/P 則四個變體全部成功","sfe、FEPS","低——現代證據顯示滯後版勝過前瞻版;加上免費來源沒有歷史共識、共識值會被回溯修訂,回測極易前視。建議用 B01 不用 B02"
"B03","PEG 比率","相對估值","市盈率除以增長率:貴或不貴,要看它增長得多快。增長快的公司市盈率高,不一定就是昂貴。","PEG = 市盈率 ÷ 盈利增長率(百分數)","損益表、分析員預測、市價","部分","⚠ 沒有經同行評審的選股證據:OSAP 全表沒有 PEG 訊號(已逐欄核對);Hou-Xue-Zhang 的 447 個異象裡亦沒有 PEG;Easton (2004) 用 PEG 作隱含回報估計式而非選股篩網;Easton (2002) 直接測排序那一篇(DOI 10.2139/ssrn.301837)從未在期刊發表","—(OSAP 無)","低——業界極常用,但屬「無證據支持」而非「證據不足」,列出以正視聽"
"B04","市帳率(P/B)與帳面市值比(B/M)","相對估值","股價相對公司帳面淨值的多少倍。這是學術界最經典的「價值」量度。","B/M = 普通股帳面權益 ÷ 市值","資產負債表、市價","可","Fama & French (1992), Journal of Finance 47(2): 427–465, DOI 10.1111/j.1540-6261.1992.tb04398.x——樣本 1963-07 至 1990-12,最低至最高帳面市值比組合由 0.30% 升至 1.83%/月,差 1.53%/月;⚠ 常見誤引更正:t=5.71 是對數帳面市值比單變數 Fama-MacBeth 斜率 0.50%/月 的 t 值,不是那 1.53% 價差的 t 值;LSV (1994) 五年年化價差 7.8%;OSAP BMdec 全樣本 0.720%/月、t=6.53","BM、BMdec","高——輸入最少、歷史最長、OSAP 有現成對照;首批必做"
"B05","市有形帳面值比(P/TBV)","相對估值","與市帳率相同,但先剔除商譽與無形資產,因為這些由收購產生的數字不一定變賣得到現金。","(帳面權益 − 商譽 − 無形資產) ÷ 市值","資產負債表、市價","可(視乎免費來源有沒有拆出無形資產)","Damodaran「Valuing Financial Service Firms」(finfirm09.pdf) p.27:債務定義模糊令銀行的企業價值類倍數失效,股權類倍數較適合;沒有獨立橫斷面實證","—(OSAP 無)","中——銀行股專用,標普 500 金融板塊適用;見 B18"
"B06","市銷率(P/S)與銷售價格比(S/P)","相對估值","股價相對公司一年賣出多少貨。虧損公司計不出市盈率,但一定有收入。","S/P = 每股收入 ÷ 股價","損益表、市價","可","Barbee, Mukherji & Raines (1996), Financial Analysts Journal 52(2): 56–60, DOI 10.2469/faj.v52.n2.1980——1979–91,銷售價格比的解釋力強於帳面市值比與市值(⚠ 原文報迴歸解釋力,沒有多空價差);Hou-Xue-Zhang (2020) Sp 複製成功;OSAP 全樣本 0.798%/月、t=5.89","SP","高——虧損公司一樣算得到,補上 B01 的缺口;首批建議"
"B07","市現金流比(P/CF)","相對估值","股價相對公司實際收到的現金,而不是會計上的盈利。現金比盈利難以粉飾。","CF/P = (淨利 + 折舊攤銷) ÷ 市值,或營運現金流 ÷ 市值","損益表、現金流量表、市價","可","Lakonishok, Shleifer & Vishny (1994), Journal of Finance 49(5): 1541–1578, DOI 10.1111/j.1540-6261.1994.tb04772.x——組合 1968-04 起每年構建,現金流價格比五年年化價差 8.8%,原文明言按現金流價格比排序本身比按帳面市值比排序更有效;⚠ 現代打折:Hou-Xue-Zhang Cp 只有 0.49%/月 (t=2.47),原文直指遠低於 LSV 的 9.9%/年;Ocp 0.77%/月 (t=3.5);OSAP 全樣本 0.423%/月、t=2.85","CF、cfp","高——首批建議,但量級要按現代複製值(約 0.4–0.8%/月)而非原文設定"
"B08","自由現金流孳息(FCF Yield)","相對估值","公司投入維持生意所需的資金之後,每年真正剩下的現金佔股價多少個百分比。","自由現金流 ÷ 市值;自由現金流 = 營運現金流 − 資本開支","現金流量表、市價","可","⚠ 作為價格倍數在學術上是空的:OSAP 全表沒有自由現金流孳息訊號,Hou-Xue-Zhang 的 447 個變數裡亦沒有;經得起複製的是把現金流放在分母為資產那一側,即 D17 現金基礎營運獲利(Ball et al. 2016,Hou-Xue-Zhang Cop 0.63%/月 t=3.44、q 因子 alpha 0.69% t=4.77)","—(OSAP 無)","低——業界極常用但學術上是空格;要做就做 D17,兩者不要混為一談"
"B09","EV/EBITDA(企業倍數)","相對估值","不理會公司借了多少債,只看整盤生意值多少,相對於未計利息、稅項、折舊、攤銷的盈利有多少倍。跨資本結構比較時比市盈率公道。","企業價值 = 市值 + 債務 + 優先股 − 現金;倍數 = 企業價值 ÷ EBITDA;因子取倒數","損益表、資產負債表、市價","可","Loughran & Wellman (2011), Journal of Financial and Quantitative Analysis 46(6): 1629–1650, DOI 10.1017/S0022109011000445——企業倍數因子年化溢價 5.28%(⚠ 樣本期 1963–2009 未核實);Hou-Xue-Zhang (2020) Em 落在複製成功那一組;OSAP 原文 0.95%/月、t=6.54,全樣本 0.674%/月、t=5.69","EntMult","高——證據最紮實的估值倍數之一,而且現代複製通得過;首批必做"
"B10","EV/EBIT","相對估值","與上一項相同,但把折舊攤銷計算在內,因為機器始終要更換,不計折舊會高估重資產公司。","企業價值 ÷ EBIT;因子取倒數","損益表、資產負債表、市價","可","Greenblatt 魔法公式的估值一半(見 D23);Davydov, Tikkanen & Äijö (2016) 芬蘭 1991–2013:單靠 EBIT/企業價值 一個比率年化 20.57%,高於完整魔法公式的 19.26%;沒有獨立 OSAP 訊號","—(OSAP 無)","中——與 B09 高度相關,建議二選一;但上述芬蘭證據顯示估值那一半才是魔法公式的真正動力"
"B11","EV/Sales","相對估值","整盤生意值多少倍的年度收入。仍在虧損並且消耗現金的公司,只剩下這個算得到。","企業價值 ÷ 收入;因子取倒數","損益表、資產負債表、市價","可","⚠ 沒有獨立學術證據:Crossref 書目檢索零篇,Hou-Xue-Zhang 的 447 個變數裡沒有企業價值對收入比,最接近的只有 Sp(分母是市值)與 Em;它只曾以市銷率或 EV/EBITDA 的身份寄生在複合價值因子裡出現","—(OSAP 無)","低——覆蓋闊但等同未經檢驗的東西落場,列作候補"
"B12","股息率","相對估值","公司一年派發的股息,佔股價多少個百分比。","每股年度股息 ÷ 股價","損益表、市價","可","時序證據 Fama & French (1988), JFE 22(1): 3–25——月度只解釋不足 5% 變異,二至四年期解釋逾 25%;⚠ 反駁 Welch & Goyal (2008), RFS 21(4): 1455–1508——逐字「predicted poorly both in-sample and out-of-sample for 30 years now」;⚠ 橫斷面 Hou-Xue-Zhang 逐字:「Dividend yield (Dp) and payout yield (Op) are also insignificant in both annual sorts and all monthly sorts」;OSAP DivYieldST 是「預測下月派息」的短線變體,口徑不同","DivYieldST","低——作為橫斷面選股訊號在現代美股已失效,而且原因是機制性的(回購取代派息)。要用就用 B13"
"B13","淨派付孳息(Net Payout Yield)","相對估值","股息加回購,再減去新發行的股份,才是公司真正回饋股東的錢佔股價多少。美股回購普遍,這個比純股息率有用。","(股息 + 回購 − 發行) ÷ 市值","損益表、資產負債表、現金流量表、市價","可","Boudoukh, Michaely, Richardson & Roberts (2007), Journal of Finance 62(2): 877–915——淨派付孳息所含的橫斷面預期回報資訊逐字「exceeding that of dividend yields」;Hou-Xue-Zhang:Nop(淨派付)複製成功,而 Op 與 Dp 失敗;OSAP 全樣本 0.813%/月、t=5.33","NetPayoutYield","高——三者之中唯一在現代樣本站得住的那個;輸入全部在三張報表之內;首批建議"
"B14","資產市值比(Assets-to-Market)","相對估值","公司全部資產的帳面值,相對它的市值有多少倍。可視為帳面市值比的槓桿加強版。","總資產 ÷ 市值","資產負債表、市價","可","Fama & French (1992), Journal of Finance 47(2);OSAP 原文 t=5.69,全樣本 0.502%/月、t=3.55","AM","中——與 B04 相關度高"
"B15","企業帳面市值比分拆(EBM 與 BPEBM)","相對估值","把帳面市值比拆成兩截:做生意那一半便宜與否,以及借貸那一半影響多少,分開來看。","EBM = 企業帳面值 ÷ 企業市值;BPEBM 為帳面市值比減 EBM 的槓桿殘差","資產負債表、市價","可","Penman, Richardson & Tuna (2007), Journal of Accounting Research 45(2);OSAP EBM 原文 0.12%/月、t=3.00,全樣本 0.233%/月、t=3.93","EBM、BPEBM","中——比單純帳面市值比多一層資訊,OSAP 有現成對照"
"B16","週期調整市盈率(個股 CAPE)","相對估值","不用單一年度盈利,改用過去十年經通脹調整的平均盈利計算市盈率,避免在景氣高峰誤以為股票便宜。","股價 ÷ 過去十年平均實質每股盈利","損益表(十年)、市價","難(免費來源的歷史深度不足十年)","Campbell & Shiller (1988) 屬指數層(時序)證據;個股層橫斷面證據未查到","—(OSAP 無)","低——免費財報的歷史深度是硬限制,標普 500 全體十年盈利取不齊"
"B17","行業特定:P/FFO(房地產信託)","相對估值","房託持有的物業每年在帳面折舊,但實際樓價往往不跌反升,所以淨利根本失真;行業改用「營運資金」這個口徑計算倍數。","Nareit 1999 版逐字定義:FFO = 淨利(按公認會計原則計) 剔除債務重組與物業出售的損益,加回折舊與攤銷,並就未合併合夥與合營作調整;倍數 = 股價 ÷ 每股 FFO","損益表、現金流量表、市價","部分(要拆出房地產折舊,免費來源未必分得出)","Nareit FFO 白皮書(已取得 1999-06-22 版逐字定義;⚠ 2018 Restatement 的逐字措辭與版本日期未核實,官網路徑失效);Damodaran 行業估值章","—(OSAP 無)","中——標普 500 有約三十隻房託,不處理則該板塊的估值因子全部失真"
"B18","行業特定:P/TBV 配 ROTE(銀行)","相對估值","銀行所經營的「貨品」本身就是資金,盈利受撥備政策左右極大,所以看市價相對有形資產淨值,再配合有形股本回報率一併判斷。","市價對有形帳面值比,配有形股本回報率 = 淨利 ÷ 有形股本,兩者一併看","損益表、資產負債表、市價","可","Damodaran, finfirm09.pdf——p.7 逐字「Debt is to a bank what steel is to a manufacturing company」;債務定義模糊令銀行資金成本算出來只有 4% 或更低,企業價值類倍數在數學上無意義;p.27 明言股權類倍數較適合金融業;2009-02 實證:銀行市帳率與股東權益回報率相關系數大於 0.70(即市帳率的配對變數是股東權益回報率)","—(OSAP 無)","中——標普 500 金融板塊約六十餘隻;另注意銀行資產按市值計價,其股東權益回報率與工業股的並非同一種量,不宜放進同一條橫斷面排序"
"B19","行業特定:EV/EBITDAX 與 EV/儲量(能源)","相對估值","石油公司的價值主要在地底,不在帳面;所以要剔除勘探費用,或者直接用已探明儲量計算。","EBITDAX = EBITDA + 勘探費用(加回的理由是拉平兩種石油會計法);或企業價值 ÷ 已探明儲量","損益表、資產負債表、市價、儲量披露","難(儲量在 10-K 附註,免費結構化來源沒有)","EBITDAX 定義有業界來源;⚠ 企業價值對已探明儲量、對日產量兩者無權威定義來源(未核實);Damodaran multiples.pdf 警告:行業專用倍數算不到其他行業,會令整個板塊相對大市長期高估或低估","—(OSAP 無)","低——儲量數據免費來源取不到"
"B20","行業特定:EV/ARR 與 Rule of 40(軟件)","相對估值","訂閱制軟件公司一邊虧損一邊擴張是常態,所以看年度經常性收入的倍數,再用「增長率加利潤率是否達到四十」判斷健康程度。","企業價值 ÷ 年度經常性收入;Rule of 40 = 收入增長率 + 利潤率 ≥ 40%","損益表、資產負債表、市價","部分(年度經常性收入不是公認會計原則科目,只能用收入近似)","Rule of 40 源頭:Brad Feld (2015-02-03)「The Rule of 40% For a Healthy SaaS Company」,逐字「your growth rate + your profit should add up to 40%」,適用門檻年收入 5,000 萬美元以上(業界出處,非同行評審);⚠ 企業價值對年度經常性收入的權威定義未核實","—(OSAP 無)","低——年度經常性收入不是財報科目,免費來源只能用收入近似"
"B21","行業特定:風險調整淨現值(rNPV,生物科技)","相對估值","藥廠的價值是一堆尚未上市的藥物,每一隻都有失敗機會;把每隻藥的未來收入乘以成功機率再折現。","逐個在研藥物:峰值銷售 × 累計成功機率 減成本,折現後加總","專案層披露、折現率","難(逐隻藥的臨床階段與成功機率,免費結構化來源沒有)","成功機率兩份權威來源互相矛盾:Wong, Siah & Lo (2019), Biostatistics 20(2): 273–286, DOI 10.1093/biostatistics/kxx069——第一期至獲批 13.8%;BIO/QLS/Informa (2021)——同一口徑 7.9%。⚠ 選用哪一份本身就是一個要落檔的假設","—(OSAP 無)","低——無法量產"
"B22","行業迴歸隱含倍數殘差","相對估值","不是把你與行業平均比較貴或便宜,而是用一條迴歸算出「以你的增長、風險、盈利能力,應該值多少倍」,再看實際市價偏離多少。","按年在行業內做橫斷面迴歸,以市值對會計科目迴歸,殘差即錯價","損益表、資產負債表、市價","可","方法基礎見 C05 Rhodes-Kropf 等 (2005);不分行業的版本見 C04 Bartram-Grinblatt (2018);理論依據 Damodaran relvalAIMR.pdf 命題三逐字:「It is impossible to properly compare firms on a multiple, if we do not know the nature of the relationship between fundamentals and the multiple」——即單變數倍數排序在其框架下是明文不成立的做法","—(OSAP 無)","高——相對估值裡最有前景的一條,直接連上 C04 與 C05 兩條錯價訊號"
"C01","Frankel-Lee 內在價值比(V/P)","學術錯價訊號","用剩餘收益模型配合分析員預測,算出這隻股票應該值多少,再除以實際市價。比值高即市場低估。","V 由剩餘收益模型配分析員共識預測算出;訊號 = V ÷ P。Hou-Xue-Zhang 附錄 A.2.27 有完整可實作規格:Vf = B + Σ (E[ROE(t+k)]−r)·B(t+k−1)/(1+r)^k,r 固定 12%","損益表、資產負債表、分析員預測、折現率、市價","部分(需要歷史分析員共識,免費來源缺)","Frankel & Lee (1998), Journal of Accounting and Economics 25(3): 283–319, DOI 10.1016/S0165-4101(98)00026-3(⚠ 原文三年期對沖回報的確切百分比未核實,全文封鎖);Hou-Xue-Zhang (2020) 1967–2016 複製:分析員版 Vfp 0.47%/月 t=2.18、歷史 ROE 版 Vhp 0.38%/月 t=2.05;OSAP 全樣本 0.278%/月、t=1.59","AnalystValue","中——概念正是 D-033 第八類所指的東西,而歷史 ROE 版不需分析員預測仍有 t=2.05,是可行的替代路徑;但量級遠低於原文"
"C02","Frankel-Lee 分析員樂觀度(AOP)","學術錯價訊號","比較「由分析員預測撐起的估值」與「由歷史數字撐起的估值」,差距大即代表分析員過分樂觀。","(分析員版 V − 歷史版 V) ÷ P","損益表、資產負債表、分析員預測、市價","部分","Frankel & Lee (1998), JAE 25(3): 283–319;OSAP 原文 0.275%/月,全樣本 0.160%/月、t=1.49","AOP","低——訊號弱,而且需要歷史分析員預測"
"C03","Lee-Myers-Swaminathan 內在價值(道指)","學術錯價訊號","把剩餘收益模型套用在指數成分之上,判斷整個市場昂貴還是便宜,而不是逐隻股票判斷。","以剩餘收益模型對指數成分加總得出指數內在價值,再與指數市價比較;折現率用時變無風險利率加固定風險溢價(作者明指是成功關鍵)","損益表、資產負債表、分析員預測、折現率、市價","部分","Lee, Myers & Swaminathan (1999), Journal of Finance 54(5): 1693–1741, DOI 10.1111/0022-1082.00164——道指成分 1963-05 至 1996-06,V/P 在 1、3、6、9、12、18 個月各期均 1% 顯著,迴歸 R² 3.1%–20.5%,平均斜率 0.033;同期帳面價格比、盈利價格比、股息價格比幾乎無預測力","—(OSAP 無)","低——屬時序擇時訊號,不是橫斷面選股,與「因子只管選股」的既有裁決不符"
"C04","Bartram-Grinblatt 不可知基本面分析","學術錯價訊號","不預設任何理論:每個月用全市場公司的財報數字跑一條迴歸,算出「同類財報應該值多少市值」,實際市值偏離就當作錯價,買偏低的、沽偏高的。偏離會在其後大約三年之內收斂。","每月橫斷面以市值對 28 項會計科目(資產負債表 16 項、損益表 11 項、現金流量表 1 項)做最小平方迴歸,殘差即錯價訊號;另有 Theil-Sen 穩健迴歸版本","損益表、資產負債表、現金流量表、市價","可(28 項科目全部在三張標準報表之內)","Bartram & Grinblatt (2018), Journal of Financial Economics 128(1): 125–147, DOI 10.1016/j.jfineco.2016.11.008——樣本 1987-03 至 2012-12(310 個月),知情時點數據。最高減最低五分位次月回報:等權 0.42%/月(年化 5.0%)、市值加權 0.55%(6.6%);Theil-Sen 訊號等權年化 8.2%、市值加權 5.8%,最後十二年 12.1%/9.5%;Fama-MacBeth 全部設定顯著,含毛利率、應計、盈利孳息等全套控制後最小 t=2.82,傳統控制下 t=4.37;作者總結風險調整後 4%–10%/年;夏普 0.63–1.01(最小平方)、最高 1.63(Theil-Sen);訊號衰減至零需 34 個月;極端五分位年換手 262%。後續:Bartram & Grinblatt (2021), JFE 139(1): 234–259","—(OSAP 無)","最高——四大類之中最適合 Karst 的一條:只需三張報表、不需分析員預測、原文明文指出對大型股一樣有效,而且方法本身就是一條可直接橫斷面化的因子。⚠ 年換手 262% 要計入交易成本"
"C05","Rhodes-Kropf 錯價三分解","學術錯價訊號","把市帳率拆成三截:這間公司相對同業貴了多少、整個行業相對長期水平貴了多少、以及行業長期本身值多少。第一截才是真正的個股錯價。","市值減帳面 = [市值 − 行業當年價值] + [行業當年價值 − 行業長期價值] + [行業長期價值 − 帳面];估值迴歸 m = α0 + α1·b + α2·ln|淨利| + α3·I(淨利<0)·ln|淨利| + α4·槓桿,市值與帳面取對數,按 12 個 Fama-French 行業逐年估","損益表、資產負債表、市價","可","Rhodes-Kropf, Robinson & Viswanathan (2005), Journal of Financial Economics 77(3): 561–603, DOI 10.1016/j.jfineco.2004.06.015——1978–2001,行業迴歸平均 R² 80%–94%(原文是併購研究);回報證據 Golubov & Konstantinidi (2019)「Where Is the Risk in Value?」, Journal of Finance 74(6): 3135–3186, DOI 10.1111/jofi.12836——1975-07 至 2013-06,公司特有錯價十分位多空 0.85%/月(夏普 0.90),帳面市值比本身 0.75%/月,而行業誤差與長期價值對帳面只有約 0.12%/月且不顯著","—(OSAP 無)","高——與 C04 同族可共用同一條迴歸管線;Golubov-Konstantinidi 已證實「價值溢酬幾乎全部來自公司特有錯價那一格」,即這條分解比單純帳面市值比更值得做"
"C06","Ou-Penman Pr 綜合分","學術錯價訊號","把幾十個財報比率一次過餵入統計模型,得出「明年盈利上升的機會率」,機會率高就買入。","以 68 個會計描述變數做邏輯迴歸,輸出 Pr;買 Pr 大於 0.60、沽 Pr 小於 0.40","損益表、資產負債表、現金流量表","可","Ou & Penman (1989), Journal of Accounting and Economics 11(4): 295–329, DOI 10.1016/0165-4101(89)90017-7(⚠ 常被誤引為 JAR);二手來源報 24 個月市場調整回報 14.53%,但 Holthausen & Larcker 複製只得 2.23%–3.74%;68 個描述變數已獨立核實,最終邏輯迴歸選入的變數數目未核實","—(OSAP 無)","中——是 C04 的前身;複製差距巨大(14.53% 對 2.2%),要當作低置信度處理"
"C07","Lev-Thiagarajan 與 Abarbanell-Bushee 基本面訊號","學術錯價訊號","把分析員實際會看的十二個訊號(存貨增長快過收入、毛利率轉差之類)逐個計分再加總。","12 個訊號:存貨、應收帳、資本開支、研發、毛利率、銷售及管理費用、呆帳撥備、有效稅率、訂單積壓、勞動力、後進先出盈利、審計保留意見","損益表、資產負債表(其中四項需附註)","部分(訂單積壓、呆帳撥備、後進先出盈利、審計意見四項要附註,免費來源沒有;其餘八項可算)","Lev & Thiagarajan (1993), Journal of Accounting Research 31(2): 190–215, DOI 10.2307/2491270;Abarbanell & Bushee (1998), The Accounting Review 73(1): 19–45——十二個月累計異常回報 13.2%(⚠ t 值未核實,數字來自二手綜述);OSAP 記錄各訊號 t 值(1974–1988):資本開支變動 2.91、銷售對存貨增長 2.37、銷售對管理費用 2.07、毛利率 1.86","ChInvIA(部分)","中——訊號直觀,但十二項之中四項要附註;實際可做的是八項的子集"
"C08","Sloan 應計項目","學術錯價訊號","公司帳面賺到的錢,有多少是真正收到現金,有多少只是會計上的應收應付。靠會計數字撐起來的盈利,往往下一年就會現形。","應計 = (流動資產變動 − 現金變動) − (流動負債變動 − 短期債務變動 − 應付稅項變動) − 折舊,除以期初總資產;訊號取負號","資產負債表、損益表","可","Sloan (1996), The Accounting Review 71(3): 289–315——1962–1991,40,679 個公司年(紐交所/美交所);規模調整對沖回報第一年 10.4%(t=4.71)、第二年 4.8%(t=3.15)、第三年 2.9%(t=1.64);30 年中 28 年為正;⚠ 現代打折:Hou-Xue-Zhang 營運應計市值加權 −0.27%/月(t=−2.19)、等權 −0.44%(t=−3.4),原文直指「只有原始估計的一半」;OSAP 全樣本 0.383%/月、t=6.07","Accruals","高——最經典的會計錯價訊號,輸入全在兩張報表之內,現代複製仍然通得過(但量級減半);首批必做"
"C09","百分比應計(Percent Accruals)","學術錯價訊號","與上一項相同,但用盈利本身作分母而不是總資產,對細價股與虧損公司較為穩定。","應計 ÷ 盈利","損益表、資產負債表","可","Hafzalla, Lundholm & Van Winkle (2011), The Accounting Review 86(1): 209–236, DOI 10.2308/accr.00000011——摘要逐字:百分比應計「yields significantly larger annual hedge returns than the traditional accruals measure, and does so mostly by improving the long position in low-accrual stocks」(⚠ 確切百分比未核實);OSAP 複製 1989–2008:PctAcc 0.97%/月 t=3.29、PctTotAcc 0.71%/月 t=3.29;全樣本 PctAcc 0.394%/月、t=4.77","PctAcc、PctTotAcc","高——OSAP 全樣本比 C08 更穩定,建議與 C08 一併做;⚠ 分母用絕對值是後人慣例,原文只說按盈利縮放"
"C10","總應計與可靠度分拆","學術錯價訊號","Sloan 應計的擴大版本:連長期資產與融資科目一併計算在內,並按各截的可靠程度分開處理。","總應計 = 營運資金變動 + 非流動營運項變動 + 金融項變動,各自除以平均總資產","資產負債表","可","Richardson, Sloan, Soliman & Tuna (2005), Journal of Accounting and Economics 39(3): 437–485, DOI 10.1016/j.jacceco.2005.04.005——1962–2001,108,617 個公司年。持續性迴歸:總應計 −0.082 (t=−16.13)、營運資金 −0.116 (t=−15.05)、非流動營運 −0.047 (t=−12.39)、金融項 +0.015 (t=2.86,即融資那一截才是可靠的);規模調整年度對沖回報:總應計 13.3%、營運資金 12.8%、非流動營運 16.5%、淨營運資產 18.0%、金融項 −8.2%;⚠ 現代打折:Hou-Xue-Zhang 市值加權只有 −0.22%/月 (t=−1.63);OSAP 全樣本 0.274%/月、t=3.28","TotalAccruals","高——分拆本身有資訊價值(融資那一截方向相反),但市值加權下現代複製已不顯著,量級要按 OSAP 而非原文"
"C11","異常應計(修正 Jones 模型)","學術錯價訊號","先用行業平均算出「以你的收入與資產規模,正常應該有多少應計」,超出的部分就當作人為谷高盈利。","Jones (1991):總應計/前期資產 = α1(1/前期資產) + α2(收入變動/前期資產) + α3(固定資產/前期資產) + ε;修正版在事件期把收入變動改為(收入變動 − 應收變動),參數仍由未修正模型估計。實務用逐年二位 SIC 行業橫斷面版本","損益表、資產負債表","可(但需要完整的行業年度橫斷面)","Jones (1991), Journal of Accounting Research 29(2), DOI 10.2307/2491047;Dechow, Sloan & Sweeney (1995), The Accounting Review 70(2): 193–225;Xie (2001), TAR 76(3);⚠ OSAP 原文 0.917%/月 t=8.43,但全樣本已跌至 0.151%/月、t=1.67(不顯著)","AbnormalAccruals","中——典型的公布後衰減案例;而且是殘差型因子,必須有完整行業年度橫斷面才算得出"
"C12","淨營運資產(NOA)","學術錯價訊號","公司的資產負債表膨脹了多少。帳面膨脹得快,通常代表過去的盈利是會計堆出來的,不是現金賺回來的。","淨營運資產 = (營運資產 − 營運負債) ÷ 上期總資產;營運資產 = 總資產 − 現金及短期投資;營運負債 = 總資產 − 短期債務 − 長期債務 − 少數股東權益 − 優先股 − 普通股權益","資產負債表","可","Hirshleifer, Hou, Teoh & Zhang (2004), Journal of Accounting and Economics 38: 297–331, DOI 10.1016/j.jacceco.2004.10.002——1964-07 至 2002-12(462 個月),141,254 個公司年;等權、經規模與帳面市值比與動量調整,第一至第十分位差:第一年 1.24%/月 (t=10.31)、第二年 0.83% (t=7.66)、第三年 0.57% (t=5.44);OSAP 複製 1.48%/月 t=8.45,全樣本 0.743%/月、t=6.11","NOA","高——量級大、t 值高、輸入只需資產負債表,而且效應延續三年;首批建議"
"C13","淨營運資產變動(dNOA)","學術錯價訊號","與上一項相同,但看一年之內膨脹了多少,而不是膨脹到多大。","淨營運資產的按年變動 ÷ 上期總資產","資產負債表","可","Hirshleifer et al. (2004), JAE 38;OSAP 原文 t=8.85,全樣本 0.744%/月、t=8.43","dNoa","高——OSAP 全樣本 t 值屬最高的一批;首批建議"
"C14","長期淨營運資產增長","學術錯價訊號","公司的長期資產擴張得多快;擴張太快的公司,往後盈利通常回落。","長期淨營運資產的按年增長","資產負債表","可","Fairfield, Whisenant & Yohn (2003), The Accounting Review 78(1): 353–371, DOI 10.2308/accr.2003.78.1.353——摘要:應計與長期淨營運資產增長對次年資產回報率有等同的負向關係,市場對兩者等同地高估,即 Sloan 的應計異象是一個更廣泛的增長異象的特例(⚠ 樣本期與對沖回報未核實);OSAP 原文 0.61%/月,全樣本 0.173%/月、t=2.88","GrLTNOA","中——概念重要(它把應計異象收編為增長異象的一格),但量級偏低"
"C15","資產增長","學術錯價訊號","公司總資產一年之內大了多少。膨脹得快的公司往後回報通常較差,擴張過度是常見毛病。","總資產按年百分比變動(t−2 至 t−1 財年);訊號取負號","資產負債表","可","Cooper, Gulen & Schill (2008), Journal of Finance 63(4): 1609–1651, DOI 10.1111/j.1540-6261.2008.01370.x——1968–2003(35 年);第十減第一分位等權 −1.73%/月 (t=−8.45)、市值加權 −1.05%/月 (t=−5.04);三因子 alpha 等權 −1.63% (t=−8.33)、市值加權 −0.70% (t=−3.84);作者稱風險調整後利差市值加權 8%/年、等權 20%/年,年度市值加權夏普 1.07(對比帳面市值比 0.37、規模 0.13、動量 0.73);Hou-Xue-Zhang 複製通過:−0.44%/月 (t=−2.89);OSAP 全樣本 0.905%/月、t=7.44","AssetGrowth","高——輸入最簡單(只需連續兩年總資產)、量級屬最大的一批、現代複製通得過;首批必做"
"C16","投資對收入比","學術錯價訊號","公司投資的金額相對它收入的比例;相對於過去幾年的自身水平投得太多,通常不是好事。","本期比率 ÷ 過去三年平均 減 1,其中比率 = 資本開支 ÷ 當年銷售","損益表、現金流量表","可(需要四年歷史)","Titman, Wei & Xie (2004), Journal of Financial and Quantitative Analysis 39(4): 677–700, DOI 10.1017/S0022109000003173——財務資料 1969–1995、回報檢定 1973-07 至 1996-06;特徵調整 0.168%/月 (t=2.91) 約 2.0%/年,四因子 alpha 0.192%/月 (t=3.25) 約 2.3%/年,效應延續至第五年;高現金流公司 alpha 0.256%/月、低現金流僅 0.059%(不顯著),支持「帝國建造」解釋;Hou-Xue-Zhang 複製通過 −0.30%/月 (t=−2.13)","Investment","中——量級細但現代複製通得過,而且延續五年;需要四年歷史"
"C17","資本開支增長(兩年或三年)","學術錯價訊號","公司購置機器廠房的開支,相對過去兩三年的平均上升了多少。","當期資本開支 ÷ 過去二至三年平均 減 1;訊號取負號","現金流量表","可(需要三至四年歷史)","Anderson & Garcia-Feijoo (2006), Journal of Finance 61(1): 171–194;OSAP 原文 0.57%/月、t=5.05,全樣本 0.371%/月、t=6.26","grcapx、grcapx3y","高——OSAP 全樣本比原文更穩定;但需要三四年歷史,受免費來源深度限制"
"C18","存貨增長","學術錯價訊號","貨倉存貨一年之內多了多少。存貨上升得快,通常代表貨品賣不出去。","存貨按年變動 ÷ 平均總資產;訊號取負號","資產負債表","可","Thomas & Zhang (2002), Review of Accounting Studies 7(2-3): 163–187, DOI 10.1023/A:1020221918065——1970–1997,39,315 個公司年;十二個月規模調整對沖回報:存貨變動 11.39%(28 年中 27 年為正),高於總應計的 9.28%(28 年中 22 年為正);作者結論是存貨變動才是應計異象的真正動力;Belo & Lin (2012), Review of Financial Studies 25(1): 278–313;OSAP 原文 0.89%/月 t=6.64,全樣本 0.684%/月、t=7.94","InvGrowth","高——輸入只需存貨一項,而且有證據指它才是應計異象的核心;首批建議"
"C19","淨外部融資(XFIN)","學術錯價訊號","公司一年之內淨向外界取得多少資金(發股加借債,減回購減還債)。取得資金多的公司,往後回報通常較差。","淨外部融資 = 股權融資 + 債務融資,除以平均總資產;股權 = 發股 − 回購 − 現金股息;債務 = 長債發行 − 長債償還 + 短債變動。全部取自現金流量表融資部分;訊號取負號","現金流量表、資產負債表","可","Bradshaw, Richardson & Sloan (2006), Journal of Accounting and Economics 42(1-2): 53–85, DOI 10.1016/j.jacceco.2006.03.004——1971–2000,99,329 個公司年;規模調整年度對沖回報 15.5% (t=5.70)、股權那半 11.2% (t=3.82)、債務那半 8.1% (t=6.91),30 年中 27 年為正;單因子 alpha 17.8%;OSAP 全樣本 1.162%/月、t=5.88","XFIN","高——OSAP 全樣本量級屬全表最大的一批,輸入全部在現金流量表融資段;首批建議"
"C20","淨股份發行(一年)","學術錯價訊號","公司一年之內流通股數淨增加了多少。發行新股攤薄股東權益,通常發生在管理層認為股價偏貴的時候。","經拆股調整的流通股數按年變動;訊號取負號","股數(價格數據線已有)","可(不需財報,只需股數歷史)","Pontiff & Woodgate (2008), Journal of Finance 63(2): 921–945, DOI 10.1111/j.1540-6261.2008.01335.x——1970–2003(1970 年前不顯著);摘要逐字:股份發行的預測力「is more statistically significant than the individual predictive ability of size, book-to-market, or momentum」;OSAP 記錄原文單變數 Fama-MacBeth t=7.08(⚠ 回報幅度未核實),全樣本 0.540%/月、t=6.14","ShareIss1Y","高——唯一完全不需要財務報表的錯價訊號(只需股數歷史),因此不受免費財報深度限制;首批建議"
"C21","複合股權發行(五年)","學術錯價訊號","五年間股數的淨變動,連同股價升幅一併觀察,藉此分辨市值上升是因為經營得好,還是因為印發了更多股份。","五年市值對數增長 減 五年累計股東回報","市價、股數","可(需要五年價格與市值歷史,不需財報)","Daniel & Titman (2006), Journal of Finance 61(4): 1605–1643, DOI 10.1111/j.1540-6261.2006.00884.x——1968-07 至 2003-12;Fama-MacBeth(月度,乘 100):複合發行單獨 −0.658 (t=−4.39);與無形回報同時放入仍各自顯著(無形 −0.331 t=−3.71、發行 −0.514 t=−4.16);OSAP 全樣本 0.289%/月、t=3.07","CompEquIss","中——同樣不需財報,但需要五年價格歷史"
"C22","盈利意外(SUE)與業績公布後漂移","學術錯價訊號","公司公布的盈利比市場預期好多少;好過預期的股票在其後幾個月會繼續慢慢上升,市場消化得太慢。","SUE = (本季每股盈利 − 去年同季) ÷ 過去八季未預期盈利的標準差","損益表(季度)、財報公布日期","可(用季度損益表即可,不必分析員預測)","Bernard & Thomas (1989), Journal of Accounting Research 27(Supplement): 1–36, DOI 10.2307/2491062(⚠ 原文數字未核實,全文封鎖);可核實的替代 Chan, Jegadeesh & Lakonishok (1996), Journal of Finance 51(5): 1681–1713, DOI 10.1111/j.1540-6261.1996.tb05222.x——1977-01 至 1993-01,六個月持有期第十減第一分位:SUE 6.8%、分析員修訂 7.7%、價格動量 8.8%;OSAP 原文 2.975%/月,全樣本 0.661%/月、t=9.12;另 EarnSupBig(Hou 2007, RFS)專測大型股,全樣本 0.421%/月、t=3.79","EarningsSurprise、EarnSupBig","最高——OSAP 全樣本 t=9.12 屬全表最高的一批,季度損益表版本不需分析員預測,而且另有專測大型股的變體。⚠ 必須有財報公布日期才不會前視"
"C23","收入意外","學術錯價訊號","與上一項相同,但看收入而不是盈利;收入比盈利更難用會計手法調校。","(本季收入 − 去年同季) ÷ 過去八季標準差","損益表(季度)、財報公布日期","可","Jegadeesh & Livnat (2006), Journal of Accounting and Economics 41(1-2);OSAP 全樣本 0.586%/月、t=8.43","RevenueSurprise","高——與 C22 同族,輸入同樣只需季度損益表;首批建議"
"C24","分析員預測修訂","學術錯價訊號","分析員最近有沒有調高或調低盈利預測。被調高的股票通常還會再升一段。","過去六個月本年度共識預測月度變動的移動平均,除以上月股價","分析員預測","部分(yfinance 有現值,沒有歷史)","Chan, Jegadeesh & Lakonishok (1996), Journal of Finance 51(5): 1681–1713——六個月持有期第十減第一分位 7.7%;OSAP AnalystRevision 原文 0.461%/月 t=3.17,全樣本 0.635%/月、t=8.99","AnalystRevision、REV6","中——訊號極強,但免費來源沒有歷史共識,而且共識值會被回溯修訂;這是數據問題不是訊號問題"
"C25","分析員預測分歧","學術錯價訊號","分析員之間對這隻股票的看法有多不一致。愈是各執一詞,往後回報通常愈差。","本年度每股盈利預測的標準差 ÷ 預測平均值的絕對值;預測平均為零者撥入最高組;股價低於 5 美元剔除","分析員預測","部分","Diether, Malloy & Scherbina (2002), Journal of Finance 57(5): 2113–2141, DOI 10.1111/0022-1082.00490——1983-02 至 2000-12,等權五分位低減高 0.79%/月 (t=2.88,年化 9.48%);⚠ 68.4% 的價差來自空頭那一邊;最細規模五分位 1.37%/月 (t=5.98),最大規模五分位只有 0.29%/月 (t=0.94,不顯著)","ForecastDispersion","低——免費來源不提供逐個分析員預測的散佈;更關鍵是原文自己顯示它在最大規模組完全失效,而標普 500 正是最大規模組"
"C26","長期增長預測","學術錯價訊號","分析員估計這間公司未來五年每年增長多少。估得愈高,往後實際回報通常愈低,因為期望過高會落空。","五年每股盈利增長共識;訊號取負號","分析員預測","部分","La Porta (1996), Journal of Finance 51(5): 1715–1742;OSAP 原文 t=4.90,全樣本 0.138%/月、t=0.62","fgr5yrLag","低——OSAP 全樣本已完全失效(t=0.62),屬典型的公布後衰減"
"C27","Stambaugh-Yuan 錯價綜合分","學術錯價訊號","不倚賴單一訊號:把十一條各自獨立的異常訊號逐隻股票排名再取平均,砌成一個「這隻股票錯價程度有多高」的總分。","十一條組件:淨股份發行、複合股權發行、應計、淨營運資產、資產增長、投資對資產、財困機率、O 分、動量、毛利率、資產回報率。每條按月排名,排名最高者對應平均異常回報最低那一端;總分 = 各排名百分位的算術平均(0–100,高即高估);要求十一條之中至少五條非缺失;股價須不低於 5 美元;年度財報須在財年結束後至少四個月方可使用。2017 年版再分兩簇:管理層可直接影響的六條與表現相關的五條","損益表、資產負債表、現金流量表、市價(不需分析員預測)","可(十一條組件多數在本目錄之內)","Stambaugh, Yu & Yuan (2012), Journal of Financial Economics 104(2): 288–302, DOI 10.1016/j.jfineco.2011.12.001——1965-08 至 2008-01,等權組合 0.77%/月 (t=6.91)、三因子調整後 0.87%/月 (t=9.38);Stambaugh, Yu & Yuan (2015), Journal of Finance 70(5): 1903–1948——以個股排名平均法合成的十分位價差三因子調整 1.48%/月,對比先合成回報再平均的 0.86%/月,差 62 個基點 (t=5.22);Stambaugh & Yuan (2017), Review of Financial Studies 30(4): 1270–1315, DOI 10.1093/rfs/hhw107——1967-01 至 2013-12(564 個月),管理簇 0.62%/月、表現簇 0.70%/月,兩簇相關系數 0.00","—(OSAP 沒有綜合分;組件多數有)","高——正是 Karst 多因子合成(橫斷面排名加權)的現成範本,而且作者已公開完整計分規則;建議在算齊組件之後合成。⚠ 大部分超額回報來自空頭那一邊"
"C28","股票久期","學術錯價訊號","一隻股票的價值有多少要在很遠的將來才兌現。愈遠的愈類似長債,對折現率愈敏感。","以剩餘收益模型的現金流分佈計算加權平均年期","損益表、資產負債表、市價","可","Dechow, Sloan & Soliman (2004), Review of Accounting Studies 9: 197–228;OSAP 原文 0.50%/月、t=4.37","EquityDuration","中"
"C29","應計項目配帳面市值比","學術錯價訊號","在便宜的股票之中,再剔除應計項目偏高的一批,兩個訊號疊在一起使用。","帳面市值比與應計項目雙重排序","損益表、資產負債表、市價","可","Bartov & Kim (2004), Review of Quantitative Finance and Accounting;OSAP 原文 0.206%/月 t=5.50,全樣本 1.298%/月、t=6.53","AccrualsBM","高——OSAP 全樣本量級屬全表最大;是「兩條簡單因子疊加勝過單獨使用」的實例"
"C30","應稅收入對帳面收入","學術錯價訊號","公司呈報給稅局的利潤,與呈報給股東的利潤相差多遠。相差愈遠,通常代表帳面利潤有水分。","分子 = 當期海外稅 + 當期聯邦稅(缺失則用總稅項減遞延稅);分母 = 法定稅率 × 淨利;淨利為負而分子為正者設為 1","損益表(需稅項附註)","難(當期與遞延、聯邦與海外的稅項拆分在附註,免費來源沒有)","Lev & Nissim (2004), The Accounting Review 79(4): 1039–1074, DOI 10.2308/accr.2004.79.4.1039——1973–2000;OSAP 記錄原文多變數迴歸 t=3.851,並註明它在 1973–1992 有效、1993–2000 只有剔除 1998 年方成立;⚠ 原文的頭條檢定是迴歸而非對沖組合,沒有百分比回報","—(OSAP 無)","低——需要稅項附註,免費結構化來源取不到"
"C31","組織資本","學術錯價訊號","一間公司多年累積下來的制度、流程與客戶關係,會計上當成年度開支即時扣掉,不入資產負債表;把這些開支像機器一樣資本化,就能量出這筆看不見的資產。","本期存量 = (1 − 折舊率) × 上期存量 + 銷售及管理費用 ÷ 消費物價指數;初始存量 = 首年費用 ÷ (增長率 + 折舊率);折舊率 15%、增長率 10%;除以帳面資產;在 17 個 Fama-French 行業之內分五分位、市值加權、每年六月再平衡","損益表、外部消費物價指數、行業編碼","可(銷售及管理費用是標準損益表科目)","Eisfeldt & Papanikolaou (2013), Journal of Finance 68(4): 1365–1406, DOI 10.1111/jofi.12034——1970-06 至 2008-12;高減低 4.7%/年,資本資產定價模型 alpha 5.6%,三因子 alpha 5.93% (t=3.61),四因子 alpha 4.18% (t=2.55);對折舊率由 10% 至 50% 均穩健;OSAP 全樣本 0.386%/月、t=2.85","OrgCap","中——輸入只需銷售及管理費用與一個外部物價指數;但要行業內排序,而且累積存量需要多年歷史(受免費來源深度限制)"
"C32","研發對市值比","學術錯價訊號","公司投入研發的金額,相對它的市值有多大。研發開支會即時壓低帳面盈利,令重研發公司在傳統估值指標下看起來昂貴,市場因此長期低估它們。","研發開支 ÷ 市值;每年四月底構建組合","損益表、市價","可","Chan, Lakonishok & Sougiannis (2001), Journal of Finance 56(6): 2431–2456, DOI 10.1111/0022-1082.00411——組合每年四月底構建,1975–1995;經規模與帳面市值比調整、三年年化:研發對市值最高五分位 6.12%/年,極端五分位價差 7.83%/年;對照研發對銷售比只得 3.25%/年;OSAP 0.8875%/月","RD","高——輸入只需研發開支與市值兩項;而且它正正修正「重研發公司在市盈率與市帳率下看似昂貴」這個系統性偏差,對標普 500 的科技與醫藥權重尤其相關"
"D01","Piotroski F 分","財務質素評分","用九條是非題替一間公司的財務健康打分,九分最健康。專門用來在一堆便宜的股票之中,剔除那些便宜得有原因、快要出事的公司。","九個二元訊號加總:資產回報率為正、營運現金流為正、資產回報率上升、營運現金流大於資產回報率、長債對平均總資產下降、流動比率上升、去年沒有發新股、毛利率上升、資產周轉率上升。資產回報率與現金流以期初總資產為分母","損益表、資產負債表、現金流量表","可(九項全部在三張標準報表之內)","Piotroski (2000), Journal of Accounting Research 38(Supplement): 1–41, DOI 10.2307/2672906——1976–1996,14,043 個高帳面市值比公司年;一年期市場調整回報:高分組(8–9)0.1342 對低分組(0–1)−0.0956,差 0.2298 (t=5.59);高分組對整個高帳面市值比組合 0.0747 (t=3.14),即摘要那句每年至少 7.5%;細價股組差額 0.2703。⚠ 原文明言效果「concentrated in small and medium sized firms, companies with low share turnover and firms with no analyst following」;⚠⚠ Hou-Xue-Zhang (2020) 市值加權複製不成立:0.29%/月 (t=1.11),等權 0.46% (t=2.06),即使限回原樣本期亦只有 0.65% (t=2.19);OSAP 全樣本 0.701%/月、t=2.51","PS","低——最著名的一條,但原文自己指明效果集中於細價、低成交、無分析員覆蓋的公司(標普 500 三個條件全部相反),而且市值加權複製不成立。不建議單獨進首批;配合價值使用見 D02"
"D02","Piotroski 與 So 的價值配質素交叉","財務質素評分","把「便宜與否」和「財務健康與否」兩件事交叉觀察:又便宜又健康的才是真正便宜,又昂貴又不健康的才是真正危險。","帳面市值比五分位配 F 分高低的雙重排序","損益表、資產負債表、現金流量表、市價","可","Piotroski & So (2012), Review of Financial Studies 25(9): 2841–2875, DOI 10.1093/rfs/hhs061(⚠ 原文數字未核實,全文封鎖);可核實的獨立複製 Novy-Marx (2014)《Quality Investing》表 8,1963-07 至 2013-12,長倉版:大型股超額回報 7.83%/年 (t=3.80)、三因子 alpha 2.94% (t=3.41);細價股 11.7%/年 (t=4.22)、alpha 5.64% (t=3.70)","—(OSAP 無)","高——這是本目錄之中少數有「大型股專屬複製數字」的模型(7.83%/年, t=3.80),而且是長倉即可,不必放空;首批建議,優先於單獨的 D01"
"D03","Mohanram G 分","財務質素評分","F 分是為便宜股而設,這一個是為昂貴的增長股而設的八分制:觀察盈利是否穩定、研發與廣告是否投入足夠。","八個二元訊號(全部與同期同二位 SIC 行業中位數比):資產回報率高於中位、現金流資產回報率高於中位、營運現金流大於淨利、過去五年資產回報率變異低於中位、銷售增長變異低於中位、研發強度、資本開支強度、廣告強度高於中位。強度均以期初資產為分母","損益表、資產負債表、現金流量表","可(視乎免費來源有沒有研發與廣告開支)","Mohanram (2005), Review of Accounting Studies 10: 133–170, DOI 10.1007/s11142-005-1526-4——1979–1999,最低帳面市值比五分位;高組(6–8)對低組(0–1)原始回報 21.4%(17.4% 對 −4.0%)、規模調整 21.2%(3.3% 對 −17.9%),第二年仍有 15.8%;原文明言結果「robust across partitions based on size, stock price, analyst following」。⚠ 但回報主要來自空頭那一邊(低組 −17.9%,高組僅 +3.3%);⚠⚠ Hou-Xue-Zhang 市值加權複製不成立:0.24%/月 (t=1.22);OSAP 全樣本 0.813%/月、t=4.39","MS","中——原文對規模穩健這一點對標普 500 重要,但回報集中在空頭一邊、而且市值加權複製不成立。可做,但要按 OSAP 量級(約 0.8%/月)而非原文 21% 設定預期"
"D04","Altman Z 分","財務質素評分","一條 1968 年的公式,用五個比率算出一間公司在兩年內破產的機會有多大。分數低於 1.81 即屬危險區。","Z = 1.2·X1 + 1.4·X2 + 3.3·X3 + 0.6·X4 + 0.999·X5(X1 至 X4 以小數輸入);X1 營運資金對總資產、X2 留存收益對總資產、X3 EBIT 對總資產、X4 股權市值對總負債、X5 銷售對總資產。⚠ 另有以百分點輸入的等價寫法(係數 .012/.014/.033/.006/.999),兩式混用會差一百倍","損益表、資產負債表、市價","可","Altman (1968), Journal of Finance 23(4): 589–609, DOI 10.1111/j.1540-6261.1968.tb00843.x——66 家美國製造商(33 破產),全部總資產低於 2,500 萬美元;作為破產預警:一年前準確率 94%、兩年前 72%、三年 48%、四年 29%、五年 36%(Altman 2018 回顧)。⚠ 作為回報預測完全不成立:OSAP 把 ZScore 歸類為 Placebo(原文 t=1.59);Hou-Xue-Zhang 複製 0.01%/月 (t=0.06)","ZScore(屬 Placebo)","低——作破產預警有用(且應以此定位),作選股因子則原文與現代複製都不成立;不建議進首批"
"D05","Altman Z' 與 Z'' 變體","財務質素評分","原版 Z 分要有市值才算得到,未上市公司與非製造業公司要用改良版本。","Z' = 0.717·X1 + 0.847·X2 + 3.107·X3 + 0.420·X4 + 0.998·X5(X4 改用帳面股權對總負債),分界 2.90/1.23;Z'' = 3.25 + 6.56·X1 + 3.26·X2 + 6.72·X3 + 1.05·X4(剔除銷售對總資產),分界 5.85/4.35","損益表、資產負債表","可","Altman, Iwanicz-Drozdowska, Laitinen & Suvas (2017), Journal of International Financial Management & Accounting 28(2): 131–171, DOI 10.1111/jifm.12053——31 個歐洲加 3 個非歐洲國家的私人非金融企業;原版係數的預測準確率約 0.75,按國家重估並加入額外變數可升至 0.90 以上","—(OSAP 無)","低——與 D04 相同,屬預警用途"
"D06","Ohlson O 分","財務質素評分","1980 年以邏輯迴歸建立的破產機率模型,九個輸入,統計上比 Z 分嚴謹。","O = −1.32 − 0.407·規模 + 6.03·總負債對總資產 − 1.43·營運資金對總資產 + 0.076·流動負債對流動資產 − 1.72·資不抵債旗標 − 2.37·淨利對總資產 − 1.83·營運資金流對總負債 + 0.285·連續兩年虧損旗標 − 0.521·淨利變動比;機率 = exp(O)/(1+exp(O))","損益表、資產負債表","可","Ohlson (1980), Journal of Accounting Research 18(1): 109–131, DOI 10.2307/2490395——1970–1976,2,163 家(105 破產);回報方向見 Dichev (1998), Journal of Finance 53(3): 1131–1147——逐字「bankruptcy risk is not rewarded by higher returns」,高財困股回報反而低。⚠ 兩套複製結論相反:OSAP 全樣本 0.916%/月、t=4.22(顯著);Hou-Xue-Zhang 市值加權 −0.09%/月 (t=−0.48)(不顯著),即使限回 Dichev 原樣本亦只有 −0.6% (t=−2.05)","OScore","中——O 分在 OSAP 顯著而在 Hou-Xue-Zhang 不顯著,屬有爭議的一條;它同時是 C27 綜合分的一個組件,建議在該框架內使用而非單獨使用"
"D07","Zmijewski 分","財務質素評分","三個變數的簡化破產模型:是否賺錢、借了多少、周轉是否應付得來。","X = −4.3 − 4.5·(稅後淨利對總資產) + 5.7·(總負債對總資產) − 0.004·(流動資產對流動負債)","損益表、資產負債表","可","Zmijewski (1984), Journal of Accounting Research 22(Supplement): 59–82, DOI 10.2307/2490859;⚠ 係數只由二手來源核實,三位小數的正式值未核實,而且二手來源對流動性項的正負號有分歧——實作前必須核對原文","—(OSAP 無)","低——輸入最少的破產模型,但係數本身未經一手核實"
"D08","Shumway 危險模型","財務質素評分","改良的破產預測:不只看最新一年,而是用公司每一年的存活紀錄一併估計。","離散時間危險模型,混合會計與市場變數","損益表、資產負債表、市價","可","Shumway (2001), Journal of Business 74(1): 101–124, DOI 10.1086/209665——摘要逐字:「about half of the accounting ratios that have been used in previous models are not statistically significant」,而市值規模、過去股價回報與個別波幅三者與破產強烈相關;⚠ 完整變數表與準確率未核實","—(OSAP 無)","中——它的核心訊息(一半會計比率不顯著、市場變數才有用)本身就是一條對本目錄有效的裁決"
"D09","Campbell-Hilscher-Szilagyi 失敗機率","財務質素評分","最現代的財務困難模型,加入股價波幅與市值一併估計失敗機率。","動態邏輯迴歸,八個變數(平均淨利對市值計資產、總負債對市值計資產、平均超額回報、波幅、相對規模、現金對市值計資產、市帳率、股價)加常數 −9.079;分母用市值計資產(市值加總負債),平均項為幾何遞減十二個月加權,全部 5%/95% 縮尾","損益表、資產負債表、市價","可","Campbell, Hilscher & Szilagyi (2008), Journal of Finance 63(6): 2899–2939, DOI 10.1111/j.1540-6261.2008.01416.x——模型估計 1963–2003、組合檢定 1981–2003;最危險 1% 年化超額 −16.30%;多最安全十分位空最財困十分位年化超額 10.20% (t=1.90)、四因子 alpha 12.18% (t=3.45);⚠ 財困股波動與 beta 更高,所以風險調整令異象變大而非變小;⚠⚠ Hou-Xue-Zhang 複製幾乎消失:−0.39%/月 (t=−1.35),而且 1976–1980 該效應是強正的 +0.69%;OSAP 歸類為 Placebo(原文 t=1.41)","FailureProbability(屬 Placebo)","低——原文回報在 OSAP 與 Hou-Xue-Zhang 兩邊都不成立;但它是 C27 綜合分的組件之一"
"D10","Merton 距離違約","財務質素評分","把公司資產當成一項會浮動的資產,計算它還差多少個標準差就跌穿債務水平。愈接近愈危險。","以 Black-Scholes 反解資產價值與波幅;債務面值 = 流動負債 + 0.5 × 長期負債,期限一年","資產負債表、市價、波幅","可(簡化版只需市值、負債、股價波幅)","Merton (1974), Journal of Finance 29(2): 449–470;Bharath & Shumway (2008), Review of Financial Studies 21(3): 1339–1369, DOI 10.1093/rfs/hhn044——摘要逐字:簡化版預測子「performs slightly better in hazard models and out-of-sample forecasts than both the DD model and a reduced-form model with the same inputs」,結論是距離違約不是違約的充分統計量,但其函數形式有用;Campbell 等 (2008) 亦指距離違約對簡化式變數加不了多少解釋力;⚠ 簡化版公式的逐字形式未核實","—(OSAP 無)","低——兩篇原文都指出它加不了多少解釋力;與現有價格數據線接得上,但優先次序低"
"D11","Beneish M 分","財務質素評分","用八個比率判斷一間公司是否在粉飾帳目。分數高於門檻(−1.78)即屬可疑。這條公式當年曾被學生用來提早識破安然。","M = −4.840 + 0.920·應收帳天數指數 + 0.528·毛利率指數 + 0.404·資產品質指數 + 0.892·銷售增長指數 + 0.115·折舊率指數 − 0.172·管理費用指數 + 4.679·總應計對總資產 − 0.327·槓桿指數;門檻 −1.78(對應機率 0.0376)","損益表、資產負債表、現金流量表","可(八個比率全部在三張標準報表之內)","Beneish (1999), Financial Analysts Journal 55(5): 24–36, DOI 10.2469/faj.v55.n5.2296——1982–1992,74 家操縱者對 2,332 家對照;樣本內錯判 26% 操縱者、13.8% 非操縱者;回報證據 Beneish, Lee & Nichols (2013), FAJ 69(2): 57–82, DOI 10.2469/faj.v69.n2.1——樣本外 1993–2010(係數凍結在 1982–88),Fama-MacBeth 係數 −0.083 (t=−2.58),作者讀作極端十分位年化 8.3% 異常回報;四因子月 alpha 0.972%(年 11.7%,t 值未核實);約 25% 的年度對沖回報集中在其後四次業績公布前後各三日;與應計異象互補(同一迴歸內應計不顯著)。⚠ 坊間流傳的五變數簡化版在任何來源都找不到出處","—(OSAP 無)","高——輸入齊全、有樣本外證據、而且與應計異象互補(不是重複);首批建議"
"D12","Dechow 錯報 F 分","財務質素評分","專門預測「這間公司會否被迫重列財務報表」的模型。注意:與 Piotroski 的 F 分同名,但是完全不同的東西。","已發表版 Model 1:logit = −7.893 + 0.790·RSST 應計 + 2.518·應收變動 + 1.191·存貨變動 + 1.979·軟性資產比 + 0.171·現金銷售變動 − 0.932·資產回報率變動 + 1.029·發行旗標;F 分 = 機率 ÷ 0.0037。門檻:大於 1.00 高於正常、大於 1.85 顯著、大於 2.45 高","損益表、資產負債表、現金流量表","可(Model 1);Model 2 需附註(經營租賃、員工人數),Model 3 需市價","Dechow, Ge, Larson & Sloan (2011), Contemporary Accounting Research 28(1): 17–82, DOI 10.1111/j.1911-3846.2010.01041.x——498 個錯報公司年對 143,490 個非錯報;門檻的命中率與誤報率:大於 1.00 為 .686/.363、大於 1.85 為 .318/.10、大於 2.45 為 18.8%/5%。⚠⚠ 兩套係數在流通:免費 SSRN 工作稿的常數是 −6.789 且沒有軟性資產項、門檻 2.125,與已發表版不同——照免費 PDF 實作會靜靜砌錯模型","—(OSAP 無)","中——⚠ 命名與 D01 相撞(此分連續、以 1.0 為中心、愈高愈差;Piotroski F 分是 0–9 整數、愈高愈好),登記因子時必須用全名並在程式裡設護欄"
"D13","Montier C 分","財務質素評分","由業界人士建立的六條是非題造假偵測分數,比 M 分簡單。","六個二元訊號:淨利與營運現金流背馳擴大、應收帳天數上升、存貨天數上升、其他流動資產對收入上升、折舊相對總固定資產下降、總資產增長偏高","損益表、資產負債表、現金流量表","可","Montier (2008)「Cooking the books, or, more sailing under the black flag」, Société Générale Mind Matters(業界出處,非同行評審);⚠ 作者自報數字未核實;獨立檢驗(約翰內斯堡交易所 2002–2010)結論:C 分「insufficient as a stand-alone tool for detecting shortable stocks」","—(OSAP 無)","低——輸入簡單,但既無學術證據又有一份否定的獨立檢驗;列作候補"
"D14","Dechow-Dichev 應計質素","財務質素評分","觀察公司過去的應計項目最終有沒有變成真正的現金。經常估錯的公司,盈利質素偏低。","以營運資金應計對前期、當期、後期營運現金流迴歸(實務按二位 SIC 行業年度),取殘差的標準差","現金流量表、損益表","可(需要五年以上歷史)","Dechow & Dichev (2002), The Accounting Review 77(Supplement): 35–59, DOI 10.2308/accr.2002.77.s-1.35;⚠ 是否被市場定價有明確爭議:Francis, LaFond, Olsson & Schipper (2005), JAE 39(2): 295–327 認為是;Core, Guay & Verdi (2008), JAE 46(1): 2–22 逐字反駁「we find no evidence that AQ is a priced risk factor」——93,093 個公司年,應計質素因子平均溢價 0.23%/月(約 3%/年),與零無統計差異","—(OSAP 無)","低——需要五年以上歷史;⚠ 而且量度本身用到下一期的營運現金流,不作滯後處理即前視;溢價存在與否學術界有明確分歧"
"D15","Penman-Zhang Q 分(會計保守度)","財務質素評分","保守的會計政策(例如研發即時支銷)會壓低今日盈利、推高將來盈利;這個分數捕捉這種暫時性的盈利質素落差。","C 分 = 隱藏儲備 ÷ 淨營運資產,儲備只計三項:後進先出存貨儲備、資本化研發、資本化廣告;Q 分 = 0.5×(C 分變動) + 0.5×(C 分減行業中位數)","損益表、資產負債表","可(視乎免費來源有沒有研發與廣告開支)","Penman & Zhang (2002), The Accounting Review 77(2): 237–264, DOI 10.2308/accr.2002.77.2.237——紐交所/美交所非金融 1975–1997,組合形成年 1976–95;對沖回報第一年 9.03% 原始 / 8.95% 規模調整,剔除前視偏誤後 7.63%,月度再平衡等權 15.27%;⚠ 原文不報 t 值,顯著性用 5,000 次隨機分組模擬;數字取自 1999 工作稿","—(OSAP 無)","中——概念與 C32 研發對市值比同源(都在修正研發即時支銷造成的失真),但輸入較繁"
"D16","Novy-Marx 毛利率","財務質素評分","不用淨利,改用毛利除以總資產。因為毛利位於損益表最上方,尚未被折舊、研發、會計選擇污染,反而是最乾淨的盈利能力量度。","(收入 − 銷貨成本) ÷ 總資產;作者明言用資產不用股本,因為毛利是資產層的盈利量度、與槓桿無關","損益表、資產負債表","可(只需毛利與總資產兩項)","Novy-Marx (2013), Journal of Financial Economics 108(1): 1–28, DOI 10.1016/j.jfineco.2013.01.003——1963-07 至 2010-12,市值加權五分位、紐交所分界,高減低超額 0.31%/月 (t=2.49)、三因子 alpha 0.52%/月 (t=4.49);Fama-MacBeth 斜率 0.75 (t=5.49) 對對數帳面市值比 0.35 (t=5.98);與帳面市值比的橫斷面相關 −0.18;裁決性證據 Novy-Marx (2014)《Quality Investing》:七種質素定義之中「only gross profitability generates a significant excess return」,而且在全部六項對照迴歸中都存活(alpha 3.34–5.35, t=3.03–4.88);⚠ Hou-Xue-Zhang:除當期資產 0.37%/月 (t=2.63)、除滯後資產只有 0.17% (t=1.04),指毛利溢酬與投資溢酬混在一起;OSAP 全樣本 0.447%/月、t=4.19","GP","高——七種質素定義的頭對頭比賽中唯一勝出的一條,而且輸入最少;首批必做。⚠ 分母用當期還是滯後資產會改變結論,規格要寫死"
"D17","現金基礎營運獲利","財務質素評分","營業利潤扣除應計部分,只計算真正收到現金的一截。與 C08 應計訊號是一體兩面。","營業利潤 = 收入 − 銷貨成本 − (銷售及管理費用 − 研發);現金基礎版再減應收、存貨、預付變動,加遞延收入、應付、應計負債變動;全部除以上期總資產","損益表、資產負債表、現金流量表","可","Ball, Gerakos, Linnainmaa & Nikolaev (2016), Journal of Financial Economics 121(1): 28–45, DOI 10.1016/j.jfineco.2016.03.002——1963-07 至 2013-12,市值加權十分位、紐交所分界,高減低超額 0.474%/月 (t=3.16)、三因子 alpha 0.903%/月 (t=8.50);對照含應計的營業利潤 alpha 0.752 (t=5.99)、應計 −0.427 (t=−3.25);⚠ 對現金基礎營運獲利中性化後,應計策略的三因子 alpha 降至 −4 個基點 (t=−0.42),即它吸收了應計異象;夏普由四因子的 1.07 升至 1.7;Hou-Xue-Zhang Cop 0.63%/月 (t=3.44)、q 因子 alpha 0.69% (t=4.77),屬 q 模型解釋不了的 46 個異象之一;OSAP 全樣本 0.509%/月、t=3.53","CBOperProf","最高——原文即以市值加權十分位測出、現代複製通得過、而且吸收了應計異象(做了它就不必另做 C08);首批必做"
"D18","營運獲利對帳面權益(RMW 式)","財務質素評分","公司做生意本身賺到多少,相對股東投入的本金。這是 Fama-French 五因子模型中獲利能力的那一格。","(收入 − 銷貨成本 − 銷售及管理費用 − 利息費用) ÷ 帳面權益","損益表、資產負債表","可","Fama & French (2015), Journal of Financial Economics 116(1): 1–22, DOI 10.1016/j.jfineco.2014.10.010——1963-07 至 2013-12(606 個月);五因子模型解釋預期回報橫斷面變異的 71%–94%,但 GRS 檢定在所有設定下都拒絕該模型;加入獲利與投資後 HML 變成冗餘(其對其餘四因子的截距 −0.04% 至 0.02%,全部不顯著);⚠ Hou-Xue-Zhang 對其排序變數 Ope 複製不成立:0.27%/月 (t=1.34);OSAP 全樣本 0.462%/月、t=3.62","OperProf","中——以帳面權益為分母的版本現代複製不成立;要做獲利能力就做 D16 或 D17"
"D19","季度資產回報率","財務質素評分","公司運用手上的資產,一季賺到多少。","季度淨利 ÷ 上期總資產","損益表(季度)、資產負債表","可","Balakrishnan, Bartov & Faurel (2010), Journal of Accounting and Economics 50(1);OSAP 原文 0.842%/月 t=6.45,全樣本 1.231%/月、t=5.69","roaq","高——OSAP 全樣本量級屬質素類最大,而且季度化令訊號更新更快;首批建議"
"D20","股東權益回報率(ROE)","財務質素評分","公司運用股東的資金賺到多少回報。這是最多人談論的單一質素指標。","淨利 ÷ 帳面權益","損益表、資產負債表","可","Haugen & Baker (1996), Journal of Financial Economics 41(3): 401–439;OSAP 原文 t=4.50,全樣本 0.267%/月、t=2.72","RoE","中——OSAP 全樣本量級偏低,不及 D16、D17 與 D19;但它是 C27 綜合分的組件之一"
"D21","投入資本回報率(ROIC)","財務質素評分","公司運用股東與債主合共投入的資金賺到多少;比股東權益回報率較少受借貸多寡影響。","EBIT ÷ (淨營運資金 + 淨固定資產)","損益表、資產負債表","可","Brown & Rowe (2007) 工作論文;Novy-Marx (2014)《Quality Investing》表 2,1963-07 至 2013-12:多空超額回報 2.17%/年 (t=1.16,不顯著)、三因子 alpha 4.66% (t=2.78);表 3 對照迴歸中只在對盈利質素一項存活;⚠ OSAP 原文 0.14%/月 (t=0.90),歸類為 Placebo","roic(屬 Placebo)","低——直觀上合理,但單獨排序不顯著,而且大部分被毛利率吸收;是「常識不等於有效」的實例"
"D22","Asness 質素減垃圾(QMJ)","財務質素評分","把「質素」拆成三件事——賺得多、增長穩定、財務安全——各自打分再加總,買入高質素、沽出低質素。","質素 = 標準化(獲利能力 + 增長 + 安全性);獲利能力 = 標準化(毛利對資產、股東權益回報率、資產回報率、現金流對資產、毛利率、負應計);增長 = 上述五項的五年殘餘利潤增長;安全性 = 標準化(負 beta、負槓桿、負 O 分、正 Altman Z、負股東權益回報率波幅)","損益表、資產負債表、現金流量表、市價","可(組件多數在本目錄之內)","Asness, Frazzini & Pedersen (2019), Review of Accounting Studies 24(1): 34–112, DOI 10.1007/s11142-018-9470-2——美國 1957-06 至 2016-12;超額 0.29%/月 (t=3.62)、四因子 alpha 0.60%/月 (t=9.95)、年化夏普 0.47、資訊比率 1.40;全球(24 個已開發市場、54,616 隻股票)超額 0.38%/月 (t=3.33)、四因子 alpha 0.61% (t=8.07)、夏普 0.64;對五因子與六因子仍餘 16–38 個基點/月;⚠ 質素分數只解釋市帳率約 10% 的橫斷面變異,即「質素的價格」會隨時間變動,低價格預示未來高回報;OSAP 全表沒有 QMJ 訊號","—(OSAP 無)","高——本目錄多條質素因子的現成合成框架,而且與帳面市值比負相關(合成即「合理價格的質素」);建議在算齊組件之後按其三分法合成"
"D23","Greenblatt 魔法公式","財務質素評分","兩條數字就夠:一是這盤生意運用資產賺錢的能力是否夠強,二是現在買入是否便宜。兩項各自排名再相加,買入排在前列的一批。","EBIT ÷ (淨營運資金 + 淨固定資產) 與 EBIT ÷ 企業價值,兩項排名相加","損益表、資產負債表、市價","可","Greenblatt《The Little Book That Still Beats the Market》(2010, Wiley, ISBN 9780470624159),作者自報 1988–2004 年化 30.8% 對標普 12.4%(業界自報,非同行評審);⚠ 獨立檢驗方向不利:Davydov, Tikkanen & Äijö (2016) 芬蘭 1991–2013,魔法公式 19.26% 對市場 13.63%,但單靠 EBIT 對企業價值一個比率反而更高(20.57%),即質素那一半沒有加分;Blackburn & Cakici (2017) 全球 1991–2016:原版在全球失效,須改用毛利作盈利能力指標方有顯著異常回報;Hou-Xue-Zhang 的 452 個異象庫裡沒有魔法公式","—(OSAP 無)","中——極為著名、輸入齊全,但獨立檢驗一致指向「估值那一半才是動力、質素那一半宜換成毛利率」——即等同做 B10 配 D16"
"D24","Graham 防禦型準則與 Graham 數","財務質素評分","價值投資始祖的一套硬門檻:規模足夠大、財務足夠穩健、有連續派息紀錄、盈利有增長,而且不可以買得太貴。","七項準則:企業規模足夠、流動比率大於 2 且淨流動資產大於長期負債、連續十年正盈利、連續二十年不間斷派息、十年每股盈利增長至少三分之一、市盈率通常不超過 15、市帳率通常不超過 1.5。Graham 數 = √(22.5 × 每股盈利 × 每股帳面值),常數 22.5 = 15 × 1.5","損益表、資產負債表、市價","可(但準則三需十年盈利、準則四需二十年股息歷史)","Graham《The Intelligent Investor》(1973 修訂版)第 14 章 p.183;Oppenheimer (1984), Financial Analysts Journal 40(5): 68–74, DOI 10.2469/faj.v40.n5.68(⚠ 回報數字未核實);⚠ Novy-Marx (2014) 表 2:Graham 的 G 分多空超額回報 −0.08%/年 (t=−0.08),三因子 alpha 1.69% (t=1.93),而且在表 3 的全部六項對照迴歸中都被其他質素定義吸收(t=−0.28 至 1.60)","—(OSAP 無)","低——可化成是非型因子,但頭對頭比賽中它是被完全吸收的那一個;而且十年與二十年歷史要求,免費來源做不到"
"D25","Novy-Marx 質素定義比較","財務質素評分","這不是一條因子,而是一份裁決:把市面上七種「質素」定義放在一起比較,看哪幾種真正有效、哪幾種只是聽起來合理。","比較 Graham G 分、Grantham 質素、Greenblatt ROIC、Sloan 盈利質素、Piotroski F 分、防禦型(低 beta)、毛利率七種定義","損益表、資產負債表、市價","不適用(方法論比較)","Novy-Marx (2014)《Quality Investing》工作論文(2014-10-30),1963-07 至 2013-12。表 2 多空年化超額回報與三因子 alpha(方括號為 t 值):帳面價格比 3.49 [2.33] / −1.54 [−2.27];Graham G 分 −0.08 [−0.08] / 1.69 [1.93];Grantham 質素 −0.55 [−0.37] / 4.84 [4.90];ROIC 2.17 [1.16] / 4.66 [2.78];盈利質素 1.17 [0.99] / 2.13 [1.83];Piotroski F 分 2.24 [1.69] / 4.33 [3.57];防禦型 −1.55 [−0.52] / 3.45 [2.09];毛利率 2.70 [2.15] / 5.21 [4.65]。逐字結論:「Of the seven quality strategies only gross profitability generates a significant excess return… Three of the quality strategies, those based on Graham's and Grantham's notions of quality and the defensive strategy, actually generate negative spreads」","—(OSAP 無)","高——挑選質素因子之前必讀;它直接裁定了本目錄 D01、D21、D24 的優先次序,可避免把已知無效的定義排入首批"
"D26","Fama-French 投資因子(CMA)","財務質素評分","投資擴張較慢的公司,往後回報通常好過擴張較快的公司。與 C15 資產增長是同一件事的因子版本。","(t−2 至 t−1 財年總資產變動) ÷ t−2 總資產,保守減進取","資產負債表","可","Fama & French (2015), Journal of Financial Economics 116(1): 1–22, DOI 10.1016/j.jfineco.2014.10.010","AssetGrowth(同源)","中——與 C15 重複,建議只做 C15"
"D27","銀行 B 分","財務質素評分","F 分與 G 分都不適用於銀行,因為銀行的財務報表結構完全不同;這是一套專為銀行而設的十四項評分。","十四個訊號,各自在銀行規模三分組之內取相對排名並標準化至 0 至 1,加總得 0 至 14 分:股東權益回報率、資產回報率、息差、營運開支比率、非利息收入、盈利資產、貸款對存款、負撥備對貸款、負不良貸款對貸款、貸款損失準備對不良貸款、有形普通股權益對總資產、收入增長、貸款增長、交易資產增長","銀行專用會計科目、附註(不良貸款、準備明細、有形普通股權益、交易資產)","難(不良貸款與準備明細在附註,一般標準化報表沒有)","Mohanram, Saiy & Vyas (2018), Review of Accounting Studies 23(1): 200–233, DOI 10.1007/s11142-017-9430-2——1994–2014;十分位多空行業調整價差 9.90%(長倉 4.08% 加空倉 5.82%),1% 顯著;時序平均對沖 10.15% (t=4.08),除 2011 與 2013 外年年為正;三因子 alpha 0.921%/月(年 11.63%, t=3.70)、四因子 0.780%(年 9.77%, t=3.18)、五因子 0.618%(年 7.67%, t=2.40);按規模:細 12.51%、中 9.49%、大 7.13%;⚠ 同一銀行樣本上 Piotroski F 分只得 7.9% (t=2.17),Mohanram G 分完全無效 0.4% (t=0.19)","—(OSAP 無)","中——它證明了一件對 Karst 直接相關的事:通用質素評分在銀行股上失效,金融板塊要麼另設評分要麼剔除。但輸入需要附註明細,免費來源做不到,現階段的可行做法是「金融板塊不參與質素因子」"
"D28","Taffler Z 分","財務質素評分","英國版的破產預測公式,四個比率;負數即屬危險。","Z = 2.18·X1 + 2.50·X2 − 10.68·X3 + 0.0289·X4;X1 稅前利潤對平均流動負債、X2 流動資產對總負債、X3 流動負債對總資產、X4 無信貸周轉期。負數為財困、正數為穩健","損益表、資產負債表","可(X4 需現金與日均營運開支)","Taffler (1983), Accounting and Business Research 13(52): 295–308, DOI 10.1080/00014788.1983.9729767;⚠ 公式由二手開放來源核實,1982 與 1983 的歸屬有歧義;沒有橫斷面回報證據","—(OSAP 無)","低——與 D04、D06 同族但無回報證據;列作完整性用"
