ticker,display_name,joined_on,left_on,source,note
A,Agilent Technologies,2000-06-05,,fja05680/sp500,
AABA,,1999-12-08,2017-06-19,fja05680/sp500,
AAL,,1996-01-02,1997-01-15,fja05680/sp500,
AAL,,2015-03-23,2024-09-23,fja05680/sp500,
AAMRQ,,1996-01-02,2003-03-14,fja05680/sp500,
AAP,,2015-07-09,2023-08-25,fja05680/sp500,
AAPL,Apple Inc.,1996-01-02,,fja05680/sp500,
ABBV,AbbVie,2013-01-02,,fja05680/sp500,
ABC,,2001-08-30,2023-08-30,fja05680/sp500,
ABI,,1996-01-02,2008-11-24,fja05680/sp500,
ABKFQ,,2000-12-11,2008-06-11,fja05680/sp500,
ABMD,,2018-05-31,2022-12-22,fja05680/sp500,
ABNB,Airbnb,2023-09-18,,fja05680/sp500,
ABS,,1996-01-02,2006-06-02,fja05680/sp500,
ABT,Abbott Laboratories,1996-01-02,,fja05680/sp500,
ABX,,1996-01-02,2002-07-22,fja05680/sp500,
ACAS,,2007-07-09,2009-03-04,fja05680/sp500,
ACGL,Arch Capital Group,2022-11-01,,fja05680/sp500,
ACKH,,1996-01-02,2000-11-17,fja05680/sp500,
ACN,Accenture,2011-07-06,,fja05680/sp500,
ACS,,2004-04-02,2010-02-08,fja05680/sp500,
ACV,,1996-01-02,2006-11-17,fja05680/sp500,
ADBE,Adobe Inc.,1997-05-06,,fja05680/sp500,
ADCT,,1999-08-02,2007-07-02,fja05680/sp500,
ADI,Analog Devices,1999-10-12,,fja05680/sp500,
ADM,Archer Daniels Midland,1996-01-02,,fja05680/sp500,
ADP,Automatic Data Processing,1996-01-02,,fja05680/sp500,
ADS,,2013-12-23,2020-06-22,fja05680/sp500,
ADSK,Autodesk,1996-01-02,,fja05680/sp500,
ADT,,2012-10-02,2016-05-02,fja05680/sp500,
AEE,Ameren,1996-01-02,,fja05680/sp500,
AEP,American Electric Power,1996-01-02,,fja05680/sp500,
AES,AES Corporation,1998-10-02,,fja05680/sp500,
AET,,1996-01-02,2018-11-29,fja05680/sp500,
AFL,Aflac,1999-05-28,,fja05680/sp500,
AFS.A,,1998-04-08,2000-12-01,fja05680/sp500,
AGC,,1996-01-02,2001-08-29,fja05680/sp500,
AGN,,1996-01-02,2020-05-12,fja05680/sp500,
AHM,,1996-01-02,1998-10-01,fja05680/sp500,
AIG,American International Group,1996-01-02,,fja05680/sp500,
AIT,,1996-01-02,1999-10-11,fja05680/sp500,
AIV,,2003-03-14,2020-12-21,fja05680/sp500,
AIZ,Assurant,2007-04-10,,fja05680/sp500,
AJG,Arthur J. Gallagher & Co.,2016-05-31,,fja05680/sp500,
AKAM,Akamai Technologies,2007-07-12,,fja05680/sp500,
AKS,,2008-07-01,2011-12-19,fja05680/sp500,
AL,,1996-01-02,2002-07-22,fja05680/sp500,
ALB,Albemarle Corporation,2016-07-01,,fja05680/sp500,
ALGN,Align Technology,2017-06-19,,fja05680/sp500,
ALK,,2016-05-13,2023-12-18,fja05680/sp500,
ALL,Allstate,1996-01-02,,fja05680/sp500,
ALLE,Allegion,2013-12-02,,fja05680/sp500,
ALTR,,2000-04-18,2015-12-28,fja05680/sp500,
ALXN,,2012-05-25,2021-07-21,fja05680/sp500,
AM,,1996-01-02,2004-05-03,fja05680/sp500,
AMAT,Applied Materials,1996-01-02,,fja05680/sp500,
AMCC,,2001-01-02,2006-05-18,fja05680/sp500,
AMCR,Amcor,2019-06-07,,fja05680/sp500,
AMD,Advanced Micro Devices,1996-01-02,2013-09-23,fja05680/sp500,
AMD,Advanced Micro Devices,2017-03-20,,fja05680/sp500,
AME,Ametek,2013-09-23,,fja05680/sp500,
AMG,,2014-07-01,2019-12-23,fja05680/sp500,
AMGN,Amgen,1996-01-02,,fja05680/sp500,
AMH,,1996-01-02,1997-09-15,fja05680/sp500,
AMP,Ameriprise Financial,1996-01-02,1999-04-05,fja05680/sp500,
AMP,Ameriprise Financial,2005-10-03,,fja05680/sp500,
AMT,American Tower,2007-11-19,,fja05680/sp500,
AMTM,,2024-09-30,2024-12-23,fja05680/sp500,
AMZN,Amazon,2005-11-21,,fja05680/sp500,
AN,,1996-01-02,1999-01-04,fja05680/sp500,
AN,,2003-02-24,2017-08-08,fja05680/sp500,
ANDV,,2007-09-27,2018-10-01,fja05680/sp500,
ANDW,,1996-01-02,2006-10-02,fja05680/sp500,
ANET,Arista Networks,2018-08-28,,fja05680/sp500,
ANF,,2007-03-29,2013-12-23,fja05680/sp500,
ANRZQ,,2011-06-02,2012-10-02,fja05680/sp500,
ANSS,,2017-06-19,2025-07-18,fja05680/sp500,
ANTM,,2002-07-25,2022-06-28,fja05680/sp500,
ANV,,1996-01-02,1999-04-12,fja05680/sp500,
AON,Aon plc,1996-04-23,,fja05680/sp500,
AOS,A. O. Smith,2017-07-26,,fja05680/sp500,
APA,APA Corporation,1997-07-28,,fja05680/sp500,
APC,,1997-07-28,2019-08-09,fja05680/sp500,
APCC,,2000-06-01,2007-02-15,fja05680/sp500,
APD,Air Products,1996-01-02,,fja05680/sp500,
APH,Amphenol,2008-09-30,,fja05680/sp500,
APO,Apollo Global Management,2024-12-23,,fja05680/sp500,
APOL,,2002-05-15,2013-07-01,fja05680/sp500,
APP,AppLovin,2025-09-22,,fja05680/sp500,
APTV,Aptiv,2012-12-24,,fja05680/sp500,
AR,,1996-01-02,1999-10-27,fja05680/sp500,
ARC,,1996-01-02,2000-04-18,fja05680/sp500,
ARE,Alexandria Real Estate Equities,2017-03-20,,fja05680/sp500,
ARES,Ares Management,2025-12-11,,fja05680/sp500,
ARG,,2009-09-09,2016-05-23,fja05680/sp500,
ARNC,,1996-01-02,2020-04-06,fja05680/sp500,
AS,,1996-01-02,1998-11-24,fja05680/sp500,
ASC,,1996-01-02,1999-06-24,fja05680/sp500,
ASH,,1996-01-02,2008-11-14,fja05680/sp500,
ASN,,2004-12-20,2007-10-08,fja05680/sp500,
ASND,,1998-06-12,1999-06-25,fja05680/sp500,
ASO,,1999-03-10,2006-11-06,fja05680/sp500,
AT,,1996-01-02,2007-11-19,fja05680/sp500,
ATGE,,2009-06-09,2012-10-01,fja05680/sp500,
ATI,,1996-01-02,2015-07-02,fja05680/sp500,
ATO,Atmos Energy,2019-02-15,,fja05680/sp500,
ATVI,,2015-08-31,2023-10-18,fja05680/sp500,
AV,,2000-10-02,2007-10-26,fja05680/sp500,
AVB,,2007-01-10,,fja05680/sp500,"維基百科 2026-08-29 的現役名單已無此代號,但 fja05680 止於 2026-06-30 記它仍在;剔除日期落在 2026-07-01 與 2026-08-29 之間,確實日子不詳"
AVGO,Broadcom,2014-05-08,,fja05680/sp500,
AVP,,1996-01-02,2015-03-23,fja05680/sp500,
AVY,Avery Dennison,1996-01-02,,fja05680/sp500,
AW,,1999-08-02,2008-12-05,fja05680/sp500,
AWE,,2001-07-09,2004-10-27,fja05680/sp500,
AWK,American Water Works,2016-03-04,,fja05680/sp500,
AXON,Axon Enterprise,2023-05-04,,fja05680/sp500,
AXP,American Express,1996-01-02,,fja05680/sp500,
AYE,,2000-12-11,2011-02-28,fja05680/sp500,
AYI,,2016-05-03,2018-06-18,fja05680/sp500,
AZA.A,,1996-01-02,2001-06-25,fja05680/sp500,
AZO,AutoZone,1997-01-02,,fja05680/sp500,
BA,Boeing,1996-01-02,,fja05680/sp500,
BAC,Bank of America,1996-01-02,,fja05680/sp500,
BALL,Ball Corporation,2022-05-10,,fja05680/sp500,
BAX,Baxter International,1996-01-02,,fja05680/sp500,
BAY,,1996-02-12,1998-08-31,fja05680/sp500,
BBBY,,1999-10-01,2017-07-26,fja05680/sp500,
BBI,,1996-01-02,1998-01-12,fja05680/sp500,
BBT,,1997-12-04,2019-12-09,fja05680/sp500,
BBWI,,2021-08-03,2024-10-01,fja05680/sp500,
BBY,Best Buy,1999-06-30,,fja05680/sp500,
BC,,1996-01-02,2008-06-23,fja05680/sp500,
BCO,,1996-01-02,1996-01-22,fja05680/sp500,
BCR,,1996-01-02,2017-12-29,fja05680/sp500,
BDK,,1996-01-02,2010-03-15,fja05680/sp500,
BDX,Becton Dickinson,1996-01-02,,fja05680/sp500,
BEAM,,1996-01-02,2014-05-01,fja05680/sp500,
BEN,Franklin Resources,1998-04-29,,fja05680/sp500,
BEV,,1996-01-02,1997-12-04,fja05680/sp500,
BF-B,Brown–Forman,1996-01-02,,fja05680/sp500,
BFI,,1996-01-02,1999-08-02,fja05680/sp500,
BFO,,1996-01-02,2000-10-03,fja05680/sp500,
BG,Bunge Global,2023-03-15,,fja05680/sp500,
BGEN,,2000-01-31,2003-11-13,fja05680/sp500,
BGG,,1996-01-02,2001-04-03,fja05680/sp500,
BHF,,2017-08-07,2019-04-02,fja05680/sp500,
BHGE,,1996-01-02,2019-10-18,fja05680/sp500,
BHMSQ,,1996-01-02,2000-12-11,fja05680/sp500,
BIG,,1998-01-20,2013-02-14,fja05680/sp500,
BIIB,Biogen,2003-11-13,,fja05680/sp500,
BIO,,2020-06-22,2024-09-23,fja05680/sp500,
BJS,,2002-05-15,2010-04-29,fja05680/sp500,
BK,,1996-01-02,2026-05-21,fja05680/sp500,
BKB,,1996-01-02,1999-10-01,fja05680/sp500,
BKNG,Booking Holdings,2009-11-06,,fja05680/sp500,
BKR,Baker Hughes,2019-10-18,,fja05680/sp500,
BLDR,Builders FirstSource,2023-12-18,,fja05680/sp500,
BLK,BlackRock,2011-04-04,,fja05680/sp500,
BLL,,1996-01-02,2022-05-10,fja05680/sp500,
BLS,,1996-01-02,2007-01-03,fja05680/sp500,
BLY,,1996-01-02,1996-12-19,fja05680/sp500,
BMC,,1998-10-01,2013-09-11,fja05680/sp500,
BMET,,1996-01-02,2007-07-12,fja05680/sp500,
BMGCA,,1996-07-22,1999-08-09,fja05680/sp500,
BMS,,1996-01-02,2014-12-05,fja05680/sp500,
BMY,Bristol Myers Squibb,1996-01-02,,fja05680/sp500,
BNI,,1996-01-02,2010-02-16,fja05680/sp500,
BNL,,1996-01-02,1998-07-01,fja05680/sp500,
BNY,BNY Mellon,2026-05-21,,fja05680/sp500,
BOAT,,1996-01-02,1997-01-07,fja05680/sp500,
BOL,,1996-01-02,2007-10-29,fja05680/sp500,
BR,Broadridge Financial Solutions,1996-01-02,2006-04-03,fja05680/sp500,
BR,Broadridge Financial Solutions,2018-06-18,,fja05680/sp500,
BRCM,,2000-07-03,2016-02-01,fja05680/sp500,
BRK-B,Berkshire Hathaway,2010-02-16,,fja05680/sp500,
BRL,,2006-02-27,2008-12-23,fja05680/sp500,
BRO,Brown & Brown,2021-09-20,,fja05680/sp500,
BSC,,1998-07-01,2008-06-02,fja05680/sp500,
BSX,Boston Scientific,1996-01-02,,fja05680/sp500,
BT,,1996-01-02,1999-06-04,fja05680/sp500,
BTUUQ,,2006-11-20,2014-09-22,fja05680/sp500,
BUD,,1996-01-02,2008-11-18,fja05680/sp500,
BVSN,,2000-11-06,2001-09-04,fja05680/sp500,
BWA,,2011-12-19,2025-03-24,fja05680/sp500,
BX,Blackstone Inc.,2023-09-18,,fja05680/sp500,
BXLT,,2015-07-01,2016-06-03,fja05680/sp500,
BXP,"BXP, Inc.",2006-04-03,,fja05680/sp500,
C,Citigroup,1996-01-02,,fja05680/sp500,
CA,,1996-01-02,2018-11-06,fja05680/sp500,
CAG,,1996-01-02,2026-06-30,fja05680/sp500,
CAH,Cardinal Health,1997-05-27,,fja05680/sp500,
CAL,,1996-01-02,1996-07-22,fja05680/sp500,
CAM,,2008-01-29,2016-04-04,fja05680/sp500,
CAR,,1996-01-02,2006-08-01,fja05680/sp500,
CARR,Carrier Global,2020-04-03,,fja05680/sp500,
CASY,Casey's,2026-04-09,,fja05680/sp500,
CAT,Caterpillar Inc.,1996-01-02,,fja05680/sp500,
CB,Chubb Limited,1996-01-02,,fja05680/sp500,
CBB,,1996-01-02,1998-01-28,fja05680/sp500,
CBE,,1996-01-02,2009-09-09,fja05680/sp500,
CBE,,2011-11-23,2012-12-03,fja05680/sp500,
CBH,,2006-06-06,2008-03-31,fja05680/sp500,
CBOE,Cboe Global Markets,2017-03-01,,fja05680/sp500,
CBRE,CBRE Group,2006-11-10,,fja05680/sp500,
CBS,,1996-01-02,2019-12-05,fja05680/sp500,
CBSS,,2004-12-20,2007-09-07,fja05680/sp500,
CCB,,1996-01-02,1996-02-12,fja05680/sp500,
CCE,,1998-10-08,2016-05-31,fja05680/sp500,
CCEP,,2016-01-04,2016-05-31,fja05680/sp500,
CCI,Crown Castle,1996-01-02,1998-10-08,fja05680/sp500,
CCI,Crown Castle,2012-03-13,,fja05680/sp500,
CCK,,1996-01-02,2000-12-11,fja05680/sp500,
CCL,Carnival Corporation,1998-12-22,,fja05680/sp500,
CCTYQ,,1996-01-02,2008-03-31,fja05680/sp500,
CCU,,1997-09-02,2008-07-31,fja05680/sp500,
CDAY,,2021-09-20,2024-02-01,fja05680/sp500,
CDNS,Cadence Design Systems,2017-09-18,,fja05680/sp500,
CDW,CDW Corporation,2019-09-23,,fja05680/sp500,
CE,,2001-04-02,2004-02-27,fja05680/sp500,
CE,,2018-12-24,2025-03-24,fja05680/sp500,
CEG,Constellation Energy,1996-01-02,2012-03-13,fja05680/sp500,
CEG,Constellation Energy,2022-02-02,,fja05680/sp500,
CELG,,2006-11-06,2019-11-21,fja05680/sp500,
CEN,,1996-01-02,2001-04-02,fja05680/sp500,
CEPH,,2008-11-17,2011-10-14,fja05680/sp500,
CERN,,2010-04-30,2022-06-08,fja05680/sp500,
CF,CF Industries,2000-06-19,2004-09-01,fja05680/sp500,
CF,CF Industries,2008-08-27,,fja05680/sp500,
CFC,,1997-06-18,2008-07-01,fja05680/sp500,
CFG,Citizens Financial Group,2016-02-01,,fja05680/sp500,
CFL,,1996-01-02,1998-04-28,fja05680/sp500,
CFN,,2009-09-01,2015-03-17,fja05680/sp500,
CG,,1996-01-02,2000-11-02,fja05680/sp500,
CGP,,1996-01-02,2001-01-30,fja05680/sp500,
CHA,,1996-01-02,2000-06-19,fja05680/sp500,
CHD,Church & Dwight,2015-12-29,,fja05680/sp500,
CHIR,,2000-11-24,2006-04-20,fja05680/sp500,
CHK,,2006-03-03,2018-03-19,fja05680/sp500,
CHRS,,1996-01-02,1998-04-08,fja05680/sp500,
CHRW,C.H. Robinson,2007-03-02,,fja05680/sp500,
CHTR,Charter Communications,2016-09-08,,fja05680/sp500,
CI,Cigna,1996-01-02,,fja05680/sp500,
CIEN,Ciena,2001-08-30,2009-12-21,fja05680/sp500,
CIEN,Ciena,2026-02-09,,fja05680/sp500,
CIN,,1996-01-02,2006-04-03,fja05680/sp500,
CINF,Cincinnati Financial,1997-12-18,,fja05680/sp500,
CIT.A,,2000-07-17,2001-06-04,fja05680/sp500,
CITGQ,,2004-10-27,2009-07-27,fja05680/sp500,
CL,Colgate-Palmolive,1996-01-02,,fja05680/sp500,
CLF,,2009-12-21,2014-04-02,fja05680/sp500,
CLX,Clorox,1996-01-02,,fja05680/sp500,
CMA,,1996-01-02,2024-06-24,fja05680/sp500,
CMB,,1996-01-02,1996-04-01,fja05680/sp500,
CMCSA,Comcast,1996-01-02,,fja05680/sp500,
CMCSK,,2015-09-21,2015-12-14,fja05680/sp500,
CME,CME Group,2006-08-11,,fja05680/sp500,
CMG,Chipotle Mexican Grill,2011-04-28,,fja05680/sp500,
CMI,Cummins,1996-01-02,,fja05680/sp500,
CMS,CMS Energy,1999-05-03,,fja05680/sp500,
CMVT,,1999-10-27,2007-02-01,fja05680/sp500,
CMX,,2004-03-25,2007-03-23,fja05680/sp500,
CNC,Centene Corporation,1997-01-15,2002-07-25,fja05680/sp500,
CNC,Centene Corporation,2016-03-30,,fja05680/sp500,
CNG,,1996-01-02,2000-01-31,fja05680/sp500,
CNP,CenterPoint Energy,1996-01-02,,fja05680/sp500,
CNW,,1996-01-02,1996-12-03,fja05680/sp500,
CNX,,2006-06-28,2016-03-04,fja05680/sp500,
CNXT,,2000-01-31,2002-06-26,fja05680/sp500,
COC.B,,1999-08-09,2002-09-03,fja05680/sp500,
COF,Capital One,1998-07-01,,fja05680/sp500,
COG,,2008-06-23,2021-10-04,fja05680/sp500,
COHR,Coherent Corp.,2026-03-23,,fja05680/sp500,
COIN,Coinbase,2025-05-19,,fja05680/sp500,
COL,,2001-07-02,2018-11-27,fja05680/sp500,
COMS,,1996-01-02,2000-07-28,fja05680/sp500,
COO,Cooper Companies (The),2016-09-23,,fja05680/sp500,
COP,ConocoPhillips,1996-01-02,,fja05680/sp500,
COR,Cencora,2023-08-30,,fja05680/sp500,
COST,Costco,1996-01-02,,fja05680/sp500,
COTY,,2016-10-03,2020-09-21,fja05680/sp500,
COV,,1996-01-02,1996-08-16,fja05680/sp500,
COV,,2007-07-02,2009-06-05,fja05680/sp500,
COV,,2011-03-01,2015-01-27,fja05680/sp500,
CPAY,Corpay,2024-03-25,,fja05680/sp500,
CPB,,1996-01-02,2026-06-22,fja05680/sp500,
CPGX,,2015-07-02,2016-07-01,fja05680/sp500,
CPNLQ,,2000-12-01,2005-12-02,fja05680/sp500,
CPQ,,1996-01-02,2002-05-06,fja05680/sp500,
CPRI,,2016-01-04,2020-05-12,fja05680/sp500,
CPRT,Copart,2018-07-02,,fja05680/sp500,
CPT,Camden Property Trust,2022-04-04,,fja05680/sp500,
CPWR,,1999-01-04,2012-01-03,fja05680/sp500,
CR,,1996-01-02,2004-12-20,fja05680/sp500,
CRH,CRH plc,2025-12-22,,fja05680/sp500,
CRL,Charles River Laboratories,2021-05-14,,fja05680/sp500,
CRM,Salesforce,2008-09-15,,fja05680/sp500,
CRR,,1996-01-02,1997-05-27,fja05680/sp500,
CRWD,CrowdStrike,2024-06-24,,fja05680/sp500,
CSCO,Cisco,1996-01-02,,fja05680/sp500,
CSE,,1996-01-22,1999-11-15,fja05680/sp500,
CSGP,CoStar Group,2022-09-19,,fja05680/sp500,
CSR,,1996-01-02,2000-06-16,fja05680/sp500,
CSRA,,2015-11-30,2018-04-04,fja05680/sp500,
CSX,CSX Corporation,1996-01-02,,fja05680/sp500,
CTAS,Cintas,2001-03-01,,fja05680/sp500,
CTB,,1996-01-02,2006-07-18,fja05680/sp500,
CTL,,1999-03-25,2020-09-18,fja05680/sp500,
CTLT,,2020-09-21,2024-12-23,fja05680/sp500,
CTRA,,2021-10-04,2026-05-07,fja05680/sp500,
CTSH,Cognizant,2006-11-17,,fja05680/sp500,
CTVA,Corteva,2019-06-03,,fja05680/sp500,
CTX,,1996-01-02,2009-08-19,fja05680/sp500,
CTXS,,1999-12-01,2022-10-03,fja05680/sp500,
CVC,,2010-12-20,2016-06-21,fja05680/sp500,
CVG,,2000-06-13,2009-12-21,fja05680/sp500,
CVH,,2005-08-30,2013-05-07,fja05680/sp500,
CVNA,Carvana,2025-12-22,,fja05680/sp500,
CVS,CVS Health,1996-01-02,,fja05680/sp500,
CVX,Chevron Corporation,1996-01-02,,fja05680/sp500,
CXO,,2016-02-22,2021-01-21,fja05680/sp500,
CYM,,1996-01-02,1999-10-18,fja05680/sp500,
CYR,,1996-01-02,1996-03-28,fja05680/sp500,
CZR,,2021-03-22,2025-09-22,fja05680/sp500,
D,Dominion Energy,1996-01-02,,fja05680/sp500,
DAL,Delta Air Lines,2013-09-11,,fja05680/sp500,
DALRQ,,1996-01-02,2005-08-19,fja05680/sp500,
DASH,DoorDash,2025-03-24,,fja05680/sp500,
DAY,,2024-02-01,2026-02-09,fja05680/sp500,
DCNAQ,,1996-01-02,2006-03-03,fja05680/sp500,
DD,DuPont,1996-01-02,2017-09-01,fja05680/sp500,
DD,DuPont,2019-06-03,,fja05680/sp500,
DDOG,Datadog,2025-07-09,,fja05680/sp500,
DDR,,2007-03-23,2009-03-30,fja05680/sp500,
DDS,,1996-01-02,2008-10-22,fja05680/sp500,
DE,Deere & Company,1996-01-02,,fja05680/sp500,
DEC,,1996-01-02,1998-06-12,fja05680/sp500,
DECK,Deckers Brands,2024-03-18,,fja05680/sp500,
DELL,Dell Technologies,1996-09-06,2013-10-29,fja05680/sp500,
DELL,Dell Technologies,2024-09-23,,fja05680/sp500,
DF,,2006-04-03,2013-05-24,fja05680/sp500,
DFS,,2007-07-02,2025-05-19,fja05680/sp500,
DG,Dollar General,1998-07-16,2007-07-09,fja05680/sp500,
DG,Dollar General,2012-12-03,,fja05680/sp500,
DGN,,1996-01-02,1999-10-13,fja05680/sp500,
DGX,Quest Diagnostics,2002-12-12,,fja05680/sp500,
DHI,D. R. Horton,2005-07-05,,fja05680/sp500,
DHR,Danaher Corporation,1998-11-18,,fja05680/sp500,
DI,,1996-01-02,1998-09-30,fja05680/sp500,
DIGI,,1996-01-02,1998-08-28,fja05680/sp500,
DIS,Walt Disney Company (The),1996-01-02,,fja05680/sp500,
DISCA,,2010-03-01,2022-04-11,fja05680/sp500,
DISCK,,2014-08-07,2022-04-11,fja05680/sp500,
DISH,,2017-03-13,2023-06-20,fja05680/sp500,
DJ,,1996-01-02,2007-12-14,fja05680/sp500,
DLR,Digital Realty,2016-05-18,,fja05680/sp500,
DLTR,Dollar Tree,2011-12-19,,fja05680/sp500,
DLX,,1996-01-02,2004-12-20,fja05680/sp500,
DNB,,2008-12-02,2017-04-05,fja05680/sp500,
DNR,,2009-04-02,2015-03-23,fja05680/sp500,
DO,,2009-02-26,2016-10-03,fja05680/sp500,
DOC,Healthpeak Properties,2024-03-04,,fja05680/sp500,
DOV,Dover Corporation,1996-01-02,,fja05680/sp500,
DOW,Dow Inc.,1996-01-02,2017-09-01,fja05680/sp500,
DOW,Dow Inc.,2019-04-02,,fja05680/sp500,
DPHIQ,,1999-05-28,2005-10-11,fja05680/sp500,
DPZ,Domino's,2020-05-12,,fja05680/sp500,
DRE,,2017-07-26,2022-10-03,fja05680/sp500,
DRI,Darden Restaurants,1996-01-02,,fja05680/sp500,
DTE,DTE Energy,1996-01-02,,fja05680/sp500,
DTV,,2006-12-04,2015-07-27,fja05680/sp500,
DUK,Duke Energy,1996-01-02,,fja05680/sp500,
DVA,DaVita,2008-07-31,,fja05680/sp500,
DVN,Devon Energy,2000-08-30,,fja05680/sp500,
DWD,,1996-01-02,1997-06-02,fja05680/sp500,
DWDP,,2017-09-01,2019-06-03,fja05680/sp500,
DXC,,1996-01-02,2015-12-01,fja05680/sp500,
DXC,,2017-04-04,2023-10-02,fja05680/sp500,
DXCM,Dexcom,2020-05-12,,fja05680/sp500,
DYN,,2000-10-03,2009-12-21,fja05680/sp500,
EA,,2002-07-22,,fja05680/sp500,"維基百科 2026-08-29 的現役名單已無此代號,但 fja05680 止於 2026-06-30 記它仍在;剔除日期落在 2026-07-01 與 2026-08-29 之間,確實日子不詳"
EBAY,eBay Inc.,2002-07-22,,fja05680/sp500,
EC,,1996-01-02,2006-06-06,fja05680/sp500,
ECH,,1996-01-02,1998-07-10,fja05680/sp500,
ECHO,EchoStar,2026-06-24,,fja05680/sp500,
ECL,Ecolab,1996-01-02,,fja05680/sp500,
ECO,,1996-01-02,1998-01-20,fja05680/sp500,
ED,Consolidated Edison,1996-01-02,,fja05680/sp500,
EDS,,1998-08-11,2008-08-26,fja05680/sp500,
EFU,,1996-01-02,2000-11-02,fja05680/sp500,
EFX,Equifax,1997-06-19,,fja05680/sp500,
EG,Everest Group,2023-07-10,,fja05680/sp500,
EHC,,1997-01-08,2003-03-21,fja05680/sp500,
EIX,Edison International,1996-01-02,,fja05680/sp500,
EKDKQ,,1996-01-02,2010-12-20,fja05680/sp500,
EL,Estée Lauder Companies (The),2006-01-05,,fja05680/sp500,
ELV,Elevance Health,2022-06-28,,fja05680/sp500,
EMC,,1996-03-28,2016-09-07,fja05680/sp500,
EME,Emcor,2025-09-22,,fja05680/sp500,
EMN,,1996-01-02,2025-11-04,fja05680/sp500,
EMR,Emerson Electric,1996-01-02,,fja05680/sp500,
ENDP,,2015-01-27,2017-03-02,fja05680/sp500,
ENPH,,2021-01-07,2025-09-22,fja05680/sp500,
ENRNQ,,1996-01-02,2001-11-30,fja05680/sp500,
ENS,,1996-01-02,1997-08-06,fja05680/sp500,
EOG,EOG Resources,2000-11-02,,fja05680/sp500,
EOP,,2001-10-10,2007-02-12,fja05680/sp500,
EP,,1999-10-26,2012-05-25,fja05680/sp500,
EPAM,,2021-12-14,2026-06-02,fja05680/sp500,
EQ,,2006-05-18,2009-07-01,fja05680/sp500,
EQIX,Equinix,2015-03-23,,fja05680/sp500,
EQR,,2001-12-03,,fja05680/sp500,"維基百科 2026-08-29 的現役名單已無此代號,但 fja05680 止於 2026-06-30 記它仍在;剔除日期落在 2026-07-01 與 2026-08-29 之間,確實日子不詳"
EQT,EQT Corporation,2008-12-19,2018-11-13,fja05680/sp500,
EQT,EQT Corporation,2022-10-03,,fja05680/sp500,
ERIE,Erie Indemnity,2024-09-23,,fja05680/sp500,
ES,Eversource Energy,2009-03-17,,fja05680/sp500,
ESRX,,2003-09-26,2018-12-21,fja05680/sp500,
ESS,Essex Property Trust,2014-04-02,,fja05680/sp500,
ESV,,2007-01-04,2009-12-23,fja05680/sp500,
ESV,,2012-07-31,2016-03-30,fja05680/sp500,
ETFC,,2004-04-01,2020-10-07,fja05680/sp500,
ETN,Eaton Corporation,1996-01-02,,fja05680/sp500,
ETR,Entergy,1996-01-02,,fja05680/sp500,
ETS,,1996-01-02,2001-08-06,fja05680/sp500,
ETSY,,2020-09-21,2024-09-23,fja05680/sp500,
EVHC,,2016-12-02,2018-10-11,fja05680/sp500,
EVRG,Evergy,2018-06-05,,fja05680/sp500,
EW,Edwards Lifesciences,2011-04-01,,fja05680/sp500,
EXC,Exelon,1996-01-02,,fja05680/sp500,
EXE,Expand Energy,2025-03-24,,fja05680/sp500,
EXPD,Expeditors International,2007-10-10,,fja05680/sp500,
EXPE,Expedia Group,2007-10-02,,fja05680/sp500,
EXR,Extra Space Storage,2016-01-19,,fja05680/sp500,
F,Ford Motor Company,1996-01-02,,fja05680/sp500,
FANG,Diamondback Energy,2018-12-03,,fja05680/sp500,
FAST,Fastenal,2008-09-15,,fja05680/sp500,
FB,,2013-12-23,2022-06-09,fja05680/sp500,
FBF,,1996-01-02,2004-04-01,fja05680/sp500,
FBHS,,2016-06-24,2022-12-19,fja05680/sp500,
FBO,,1996-01-02,1996-03-13,fja05680/sp500,
FCN,,1996-01-02,1998-10-02,fja05680/sp500,
FCPT,,2015-11-10,2015-11-17,fja05680/sp500,
FCX,Freeport-McMoRan,1996-01-02,,fja05680/sp500,
FDC,,1996-01-02,2007-09-25,fja05680/sp500,
FDO,,2001-08-06,2015-07-07,fja05680/sp500,
FDS,FactSet,2021-12-20,,fja05680/sp500,
FDX,FedEx,1996-01-02,,fja05680/sp500,
FDXF,FedEx Freight,2026-06-01,,fja05680/sp500,
FE,FirstEnergy,1996-01-02,,fja05680/sp500,
FERG,Ferguson Enterprises,2026-08-05,,wikipedia,"fja05680 的成分歷史止於 2026-06-30,本行由維基百科現役名單(2026-08-29 抓)補回;加入日期取維基百科的 Date added"
FFIV,"F5, Inc.",2010-12-20,,fja05680/sp500,
FG,,1996-01-02,1998-04-27,fja05680/sp500,
FHN,,2002-05-06,2013-06-24,fja05680/sp500,
FI,,2023-06-07,2025-11-11,fja05680/sp500,
FICO,Fair Isaac,2023-03-20,,fja05680/sp500,
FII,,2003-04-16,2013-01-02,fja05680/sp500,
FIS,Fidelity National Information Services,2006-11-10,,fja05680/sp500,
FISV,Fiserv,2001-04-02,2023-06-07,fja05680/sp500,
FISV,Fiserv,2025-11-11,,fja05680/sp500,
FITB,Fifth Third Bancorp,1996-03-08,,fja05680/sp500,
FIX,Comfort Systems USA,2025-12-22,,fja05680/sp500,
FJ,,1996-01-02,2000-11-24,fja05680/sp500,
FL,,1996-01-02,1999-01-04,fja05680/sp500,
FL,,2016-04-04,2019-08-09,fja05680/sp500,
FLEX,Flex Ltd.,2026-06-22,,fja05680/sp500,
FLIR,,2009-01-02,2021-05-14,fja05680/sp500,
FLMIQ,,1996-01-02,1997-12-24,fja05680/sp500,
FLR,,2000-12-22,2019-06-03,fja05680/sp500,
FLS,,2008-10-02,2021-03-22,fja05680/sp500,
FLT,,2018-06-20,2024-03-25,fja05680/sp500,
FLTWQ,,1996-01-02,2000-01-31,fja05680/sp500,
FMC,,1996-01-02,2002-01-02,fja05680/sp500,
FMC,,2009-08-19,2025-03-24,fja05680/sp500,
FMCC,,1996-01-02,2008-09-11,fja05680/sp500,
FMY,,1998-07-10,1999-05-28,fja05680/sp500,
FNMA,,1996-01-02,2008-09-11,fja05680/sp500,
FOSL,,2012-04-04,2016-01-05,fja05680/sp500,
FOX,Fox Corporation (Class B),2015-09-21,,fja05680/sp500,
FOXA,Fox Corporation (Class A),2004-12-20,,fja05680/sp500,
FPC,,1999-06-22,2000-12-01,fja05680/sp500,
FRC,,2019-01-02,2023-05-04,fja05680/sp500,
FRO,,1997-01-02,1999-09-29,fja05680/sp500,
FRT,Federal Realty Investment Trust,2016-02-01,,fja05680/sp500,
FRX,,2000-11-22,2014-07-01,fja05680/sp500,
FSH,,2004-08-03,2006-11-10,fja05680/sp500,
FSL,,2004-12-03,2006-12-04,fja05680/sp500,
FSLR,First Solar,2009-10-16,2017-03-20,fja05680/sp500,
FSLR,First Solar,2022-12-19,,fja05680/sp500,
FTI,,2009-06-05,2021-02-12,fja05680/sp500,
FTL.A,,1996-01-02,1999-10-01,fja05680/sp500,
FTNT,Fortinet,2018-10-11,,fja05680/sp500,
FTR,,2001-02-27,2017-03-20,fja05680/sp500,
FTV,Fortive,2016-07-05,,fja05680/sp500,
FWLT,,1996-01-02,2000-01-31,fja05680/sp500,
G,,1996-01-02,2005-10-03,fja05680/sp500,
GAPTQ,,1996-01-02,2000-08-30,fja05680/sp500,
GAS,,1996-01-02,2011-12-12,fja05680/sp500,
GAS,,2011-12-13,2016-07-01,fja05680/sp500,
GD,General Dynamics,1996-01-02,,fja05680/sp500,
GDDY,GoDaddy,2024-06-24,,fja05680/sp500,
GDT,,1996-12-19,2006-04-24,fja05680/sp500,
GDW,,1996-01-02,2006-10-02,fja05680/sp500,
GE,GE Aerospace,1996-01-02,,fja05680/sp500,
GEHC,GE HealthCare,2023-01-04,,fja05680/sp500,
GEN,Gen Digital,2022-11-08,,fja05680/sp500,
GENZ,,2001-12-14,2011-04-04,fja05680/sp500,
GEV,GE Vernova,2024-04-02,,fja05680/sp500,
GFS.A,,1996-01-02,1998-07-16,fja05680/sp500,
GGP,,2007-07-02,2008-11-13,fja05680/sp500,
GGP,,2013-12-10,2018-08-28,fja05680/sp500,
GHC,,2007-12-31,2014-09-22,fja05680/sp500,
GIDL,,1996-01-02,1997-07-17,fja05680/sp500,
GILD,Gilead Sciences,2004-07-01,,fja05680/sp500,
GIS,General Mills,1996-01-02,,fja05680/sp500,
GL,Globe Life,2019-08-08,,fja05680/sp500,
GLD,,1996-01-02,1997-05-06,fja05680/sp500,
GLK,,1996-01-02,2005-07-05,fja05680/sp500,
GLW,Corning Inc.,1996-01-02,,fja05680/sp500,
GM,General Motors,2013-06-07,,fja05680/sp500,
GMCR,,2014-03-24,2016-03-03,fja05680/sp500,
GME,,2007-12-14,2016-04-25,fja05680/sp500,
GNRC,Generac,2021-03-22,,fja05680/sp500,
GNT,,1996-03-13,1998-07-01,fja05680/sp500,
GNW,,2005-12-02,2015-11-18,fja05680/sp500,
GOOG,Alphabet Inc. (Class C),2014-04-03,,fja05680/sp500,
GOOGL,Alphabet Inc. (Class A),2006-04-03,,fja05680/sp500,
GP,,1996-01-02,2005-12-20,fja05680/sp500,
GPC,Genuine Parts Company,1996-01-02,,fja05680/sp500,
GPN,Global Payments,2016-04-25,,fja05680/sp500,
GPS,,1996-01-02,2022-02-02,fja05680/sp500,
GPU,,1996-01-02,2001-11-07,fja05680/sp500,
GR,,1996-01-02,2012-07-27,fja05680/sp500,
GRA,,1996-01-02,2000-12-11,fja05680/sp500,
GRMN,Garmin,2012-12-12,,fja05680/sp500,
GRN,,1996-01-02,1998-12-22,fja05680/sp500,
GS,Goldman Sachs,2002-07-22,,fja05680/sp500,
GSX,,1996-01-02,1998-10-07,fja05680/sp500,
GT,,1996-01-02,2019-02-27,fja05680/sp500,
GTE,,1996-01-02,2000-07-03,fja05680/sp500,
GTW,,1998-04-27,2006-08-01,fja05680/sp500,
GWF,,1996-01-02,1997-07-02,fja05680/sp500,
GWW,W. W. Grainger,1996-01-02,,fja05680/sp500,
GX,,1999-09-29,2001-10-10,fja05680/sp500,
H,,1996-01-02,2001-06-29,fja05680/sp500,
H,,2006-08-01,2007-04-10,fja05680/sp500,
HAL,Halliburton,1996-01-02,,fja05680/sp500,
HAR,,2006-02-01,2017-03-13,fja05680/sp500,
HAS,Hasbro,1996-01-02,,fja05680/sp500,
HBAN,Huntington Bancshares,1997-08-06,,fja05680/sp500,
HBI,,2015-03-23,2021-12-20,fja05680/sp500,
HBOC,,1997-10-23,1999-01-13,fja05680/sp500,
HCA,HCA Healthcare,1996-01-02,2006-11-20,fja05680/sp500,
HCA,HCA Healthcare,2015-01-27,,fja05680/sp500,
HCBK,,2007-02-15,2015-11-02,fja05680/sp500,
HCP,,2008-03-31,2019-11-05,fja05680/sp500,
HCR,,1998-09-28,2007-11-09,fja05680/sp500,
HD,Home Depot (The),1996-01-02,,fja05680/sp500,
HDLM,,1996-01-02,1996-03-08,fja05680/sp500,
HES,,1996-01-02,2025-07-23,fja05680/sp500,
HET,,1996-01-02,2008-01-29,fja05680/sp500,
HFC,,2018-06-18,2021-06-04,fja05680/sp500,
HFS,,1996-08-16,1997-12-18,fja05680/sp500,
HI,,1996-01-02,2003-03-31,fja05680/sp500,
HIG,Hartford (The),1996-01-02,,fja05680/sp500,
HII,Huntington Ingalls Industries,2018-01-03,,fja05680/sp500,
HLT,Hilton Worldwide,1996-01-02,2007-10-25,fja05680/sp500,
HLT,Hilton Worldwide,2017-06-19,,fja05680/sp500,
HM,,1996-01-02,2001-12-17,fja05680/sp500,
HMA,,2001-11-07,2007-03-02,fja05680/sp500,
HNZ,,1996-01-02,2013-06-07,fja05680/sp500,
HOG,,2000-01-31,2020-06-22,fja05680/sp500,
HOLX,,2016-03-30,2026-04-09,fja05680/sp500,
HON,Honeywell Technologies,1996-01-02,,fja05680/sp500,
HONA,Honeywell Aerospace,2026-06-29,,fja05680/sp500,
HOOD,Robinhood Markets,2025-09-22,,fja05680/sp500,
HOT,,2000-11-17,2016-09-23,fja05680/sp500,
HP,,1996-01-02,1999-12-31,fja05680/sp500,
HP,,2010-03-01,2020-05-22,fja05680/sp500,
HPC,,1996-01-02,2008-11-14,fja05680/sp500,
HPE,Hewlett Packard Enterprise,2015-11-02,,fja05680/sp500,
HPH,,1996-01-02,1999-06-09,fja05680/sp500,
HPQ,HP Inc.,1996-01-02,,fja05680/sp500,
HRB,,1996-01-02,2020-09-21,fja05680/sp500,
HRL,Hormel Foods,2009-03-04,,fja05680/sp500,
HRS,,1996-01-02,1999-11-08,fja05680/sp500,
HRS,,2008-09-22,2019-06-01,fja05680/sp500,
HSH,,1996-01-02,2012-06-29,fja05680/sp500,
HSIC,Henry Schein,2015-03-18,,fja05680/sp500,
HSP,,2004-05-03,2015-09-03,fja05680/sp500,
HST,Host Hotels & Resorts,2007-03-20,,fja05680/sp500,
HSY,Hershey Company (The),1996-01-02,,fja05680/sp500,
HUBB,Hubbell Incorporated,2023-10-18,,fja05680/sp500,
HUM,Humana,1996-01-02,,fja05680/sp500,
HWM,Howmet Aerospace,2020-04-06,,fja05680/sp500,
I,,1996-01-02,1996-04-01,fja05680/sp500,
IAC,,2006-12-01,2008-08-21,fja05680/sp500,
IBKR,Interactive Brokers,2025-08-28,,fja05680/sp500,
IBM,IBM,1996-01-02,,fja05680/sp500,
ICE,Intercontinental Exchange,2007-09-26,,fja05680/sp500,
IDXX,Idexx Laboratories,2017-01-05,,fja05680/sp500,
IEX,IDEX Corporation,2019-08-09,,fja05680/sp500,
IFF,International Flavors & Fragrances,1996-01-02,,fja05680/sp500,
IGT,,2001-09-04,2014-06-20,fja05680/sp500,
IKN,,1996-01-02,2000-06-29,fja05680/sp500,
ILMN,,2015-11-19,2024-06-24,fja05680/sp500,
IMNX,,2001-09-21,2002-07-16,fja05680/sp500,
INCLF,,1996-01-02,2002-07-22,fja05680/sp500,
INCY,Incyte,2017-02-28,,fja05680/sp500,
INFO,,2017-06-02,2022-03-02,fja05680/sp500,
INGR,,1996-01-02,1997-07-28,fja05680/sp500,
INTC,Intel,1996-01-02,,fja05680/sp500,
INTU,Intuit,2000-12-11,,fja05680/sp500,
INVH,Invitation Homes,2022-09-19,,fja05680/sp500,
IP,International Paper,1996-01-02,,fja05680/sp500,
IPG,,1996-01-02,2025-11-28,fja05680/sp500,
IPGP,,2018-03-07,2022-06-21,fja05680/sp500,
IQV,IQVIA,2017-08-29,,fja05680/sp500,
IR,Ingersoll Rand,1996-01-02,2009-07-01,fja05680/sp500,
IR,Ingersoll Rand,2010-11-17,,fja05680/sp500,
IRM,Iron Mountain,2009-01-06,,fja05680/sp500,
ISRG,Intuitive Surgical,2008-06-02,,fja05680/sp500,
IT,Gartner,2017-04-05,,fja05680/sp500,
ITT,,1996-01-02,2011-11-01,fja05680/sp500,
ITW,Illinois Tool Works,1996-01-02,,fja05680/sp500,
IVZ,Invesco,2008-08-21,,fja05680/sp500,
J,Jacobs Solutions,2019-12-10,,fja05680/sp500,
JAVA,,1996-01-02,2010-01-27,fja05680/sp500,
JBHT,J.B. Hunt,2015-07-01,,fja05680/sp500,
JBL,Jabil,2001-01-30,2014-11-05,fja05680/sp500,
JBL,Jabil,2023-12-18,,fja05680/sp500,
JCI,Johnson Controls,1996-01-02,,fja05680/sp500,
JCP,,1996-01-02,2013-12-02,fja05680/sp500,
JEC,,2007-10-26,2019-12-10,fja05680/sp500,
JEF,,2007-08-27,2019-09-26,fja05680/sp500,
JH,,1996-01-02,1998-04-01,fja05680/sp500,
JHF,,2001-06-29,2004-04-29,fja05680/sp500,
JKHY,Jack Henry & Associates,2018-11-13,,fja05680/sp500,
JNJ,Johnson & Johnson,1996-01-02,,fja05680/sp500,
JNPR,,2006-06-02,2025-07-09,fja05680/sp500,
JNS,,2000-07-13,2011-11-23,fja05680/sp500,
JNY,,2001-12-17,2009-03-04,fja05680/sp500,
JOS,,1996-01-02,2000-05-10,fja05680/sp500,
JOY,,2011-02-28,2015-10-08,fja05680/sp500,
JP,,1996-01-02,2006-04-03,fja05680/sp500,
JPM,JPMorgan Chase,1996-01-02,,fja05680/sp500,
JWN,,1996-01-02,2020-06-22,fja05680/sp500,
K,,1996-01-02,2025-12-11,fja05680/sp500,
KATE,,1996-01-02,2008-12-02,fja05680/sp500,
KBH,,1996-01-02,2009-12-21,fja05680/sp500,
KDP,Keurig Dr Pepper,2008-10-07,2018-07-02,fja05680/sp500,
KDP,Keurig Dr Pepper,2022-06-21,,fja05680/sp500,
KEY,KeyCorp,1996-01-02,,fja05680/sp500,
KEYS,Keysight Technologies,2018-11-06,,fja05680/sp500,
KG,,2000-10-03,2010-12-20,fja05680/sp500,
KHC,Kraft Heinz,2015-07-06,,fja05680/sp500,
KIM,Kimco Realty,2006-04-03,,fja05680/sp500,
KKR,KKR & Co.,2024-06-24,,fja05680/sp500,
KLAC,KLA Corporation,1997-09-15,,fja05680/sp500,
KM,,1996-01-02,2002-01-17,fja05680/sp500,
KMB,Kimberly-Clark,1996-01-02,,fja05680/sp500,
KMG,,1996-01-02,2006-08-11,fja05680/sp500,
KMI,Kinder Morgan,2000-12-12,2007-05-31,fja05680/sp500,
KMI,Kinder Morgan,2012-05-25,,fja05680/sp500,
KMX,,2010-06-28,2025-10-31,fja05680/sp500,
KO,Coca-Cola Company (The),1996-01-02,,fja05680/sp500,
KORS,,2013-11-13,2018-09-19,fja05680/sp500,
KR,Kroger,1996-01-02,,fja05680/sp500,
KRB,,1996-01-02,2006-01-03,fja05680/sp500,
KRFT,,2012-10-02,2015-07-06,fja05680/sp500,
KRI,,1996-01-02,2006-06-28,fja05680/sp500,
KSE,,2000-08-21,2007-08-27,fja05680/sp500,
KSS,,1998-08-14,2020-09-21,fja05680/sp500,
KSU,,1999-04-05,2000-07-13,fja05680/sp500,
KSU,,2013-05-24,2021-12-14,fja05680/sp500,
KVUE,Kenvue,2023-08-25,,fja05680/sp500,
KWP,,1996-01-02,1999-11-16,fja05680/sp500,
L,Loews Corporation,1996-01-02,,fja05680/sp500,
LB,,1996-01-02,2021-08-03,fja05680/sp500,
LDG,,1996-01-02,2001-07-02,fja05680/sp500,
LDOS,Leidos,2009-12-21,2013-09-23,fja05680/sp500,
LDOS,Leidos,2019-08-09,,fja05680/sp500,
LDW.B,,1996-01-02,1999-12-08,fja05680/sp500,
LEG,,1999-10-18,2021-12-20,fja05680/sp500,
LEHMQ,,1998-01-12,2008-09-17,fja05680/sp500,
LEN,Lennar,2005-10-04,,fja05680/sp500,
LH,Labcorp,2004-11-01,,fja05680/sp500,
LHX,L3Harris,2019-06-01,,fja05680/sp500,
LIFE,,2008-11-24,2014-01-24,fja05680/sp500,
LII,Lennox International,2024-12-23,,fja05680/sp500,
LIN,Linde plc,2018-11-06,,fja05680/sp500,
LITE,Lumentum,2026-03-23,,fja05680/sp500,
LKQ,,2016-05-23,2025-12-22,fja05680/sp500,
LLL,,2004-12-01,2019-07-01,fja05680/sp500,
LLTC,,2000-04-03,2017-03-13,fja05680/sp500,
LLX,,1996-01-02,1997-10-23,fja05680/sp500,
LLY,Lilly (Eli),1996-01-02,,fja05680/sp500,
LM,,2006-04-24,2016-12-02,fja05680/sp500,
LMT,Lockheed Martin,1996-01-02,,fja05680/sp500,
LNC,,1996-01-02,2023-09-18,fja05680/sp500,
LNT,Alliant Energy,2016-07-01,,fja05680/sp500,
LO,,2008-06-11,2015-06-12,fja05680/sp500,
LOR,,1996-01-02,1996-04-23,fja05680/sp500,
LOW,Lowe's,1996-01-02,,fja05680/sp500,
LPX,,1996-01-02,2006-11-10,fja05680/sp500,
LRCX,Lam Research,2012-06-05,,fja05680/sp500,
LSI,,1996-01-02,2014-05-07,fja05680/sp500,
LU,,1996-10-01,2006-12-01,fja05680/sp500,
LUB,,1996-01-02,1997-01-02,fja05680/sp500,
LULU,Lululemon Athletica,2023-10-18,,fja05680/sp500,
LUMN,,2020-09-18,2023-03-20,fja05680/sp500,
LUV,Southwest Airlines,1996-01-02,,fja05680/sp500,
LVLT,,2014-11-05,2017-10-13,fja05680/sp500,
LVS,Las Vegas Sands,2019-10-03,,fja05680/sp500,
LW,,2018-12-03,2026-03-23,fja05680/sp500,
LXK,,1999-08-13,2012-10-01,fja05680/sp500,
LYB,LyondellBasell,2012-09-05,,fja05680/sp500,
LYV,Live Nation Entertainment,2019-12-23,,fja05680/sp500,
M,,1996-01-02,2020-04-06,fja05680/sp500,
MA,Mastercard,2008-07-18,,fja05680/sp500,
MAA,Mid-America Apartment Communities,2016-12-02,,fja05680/sp500,
MAC,,2013-05-09,2019-12-23,fja05680/sp500,
MAR,Marriott International,1998-05-21,,fja05680/sp500,
MAS,Masco,1996-01-02,,fja05680/sp500,
MAT,,1996-01-02,2019-06-07,fja05680/sp500,
MAY,,1996-01-02,2005-08-29,fja05680/sp500,
MBI,,1996-12-03,2009-12-21,fja05680/sp500,
MCD,McDonald's,1996-01-02,,fja05680/sp500,
MCHP,Microchip Technology,2007-09-07,,fja05680/sp500,
MCIC,,1996-01-02,1998-09-15,fja05680/sp500,
MCK,McKesson Corporation,1999-01-13,,fja05680/sp500,
MCO,Moody's Corporation,1996-01-02,,fja05680/sp500,
MD,,1996-01-02,1997-08-01,fja05680/sp500,
MDLZ,Mondelez International,2007-04-02,,fja05680/sp500,
MDP,,1996-01-02,2011-01-04,fja05680/sp500,
MDR,,1996-01-02,2003-08-20,fja05680/sp500,
MDT,Medtronic,1996-01-02,,fja05680/sp500,
MEA,,1996-01-02,2002-01-30,fja05680/sp500,
MEDI,,2000-06-16,2007-06-01,fja05680/sp500,
MEE,,1996-01-02,2000-12-22,fja05680/sp500,
MEE,,2008-06-23,2011-06-02,fja05680/sp500,
MEL,,1996-01-02,2007-07-02,fja05680/sp500,
MER,,1996-01-02,2009-01-02,fja05680/sp500,
MERQ,,2000-06-29,2006-01-04,fja05680/sp500,
MET,MetLife,2000-12-11,,fja05680/sp500,
META,Meta Platforms,2022-06-09,,fja05680/sp500,
MFE,,2008-12-23,2011-03-01,fja05680/sp500,
MGM,MGM Resorts,2017-07-26,,fja05680/sp500,
MHK,,2013-12-23,2025-12-22,fja05680/sp500,
MHS,,2003-08-20,2012-04-02,fja05680/sp500,
MI,,2002-02-11,2011-07-06,fja05680/sp500,
MII,,1996-01-02,1999-06-22,fja05680/sp500,
MIL,,1996-01-02,2010-07-15,fja05680/sp500,
MIR,,1997-08-07,2000-06-01,fja05680/sp500,
MIR,,2001-04-03,2003-07-17,fja05680/sp500,
MJN,,2009-12-21,2017-06-15,fja05680/sp500,
MKC,McCormick & Company,2003-03-21,,fja05680/sp500,
MKG,,1996-01-02,2000-10-18,fja05680/sp500,
MKTX,,2019-07-01,2025-09-22,fja05680/sp500,
MLM,Martin Marietta Materials,2014-07-02,,fja05680/sp500,
MMC,,1996-01-02,2026-01-14,fja05680/sp500,
MMI,,2011-01-04,2012-05-22,fja05680/sp500,
MMM,3M,1996-01-02,,fja05680/sp500,
MNK,,2014-08-19,2017-07-26,fja05680/sp500,
MNR,,1996-01-02,1998-09-28,fja05680/sp500,
MNST,Monster Beverage,2012-06-29,,fja05680/sp500,
MO,Altria,1996-01-02,,fja05680/sp500,
MOB,,1996-01-02,1999-12-01,fja05680/sp500,
MOH,,2022-03-02,2026-03-23,fja05680/sp500,
MOLX,,1999-12-01,2013-12-09,fja05680/sp500,
MON,,2002-08-14,2018-06-07,fja05680/sp500,
MOS,Mosaic Company (The),2011-09-26,,fja05680/sp500,
MPC,Marathon Petroleum,2011-07-01,,fja05680/sp500,
MPWR,Monolithic Power Systems,2021-02-12,,fja05680/sp500,
MRK,Merck & Co.,1996-01-02,,fja05680/sp500,
MRNA,Moderna,2021-07-21,,fja05680/sp500,
MRO,,1996-01-02,2024-11-26,fja05680/sp500,
MRSH,Marsh McLennan,2026-01-14,,fja05680/sp500,
MRVL,Marvell Technology,2026-06-22,,fja05680/sp500,
MS,Morgan Stanley,1996-01-02,,fja05680/sp500,
MSCI,MSCI,2018-04-04,,fja05680/sp500,
MSFT,Microsoft,1996-01-02,,fja05680/sp500,
MSI,Motorola Solutions,1996-01-02,,fja05680/sp500,
MST,,1996-01-02,1998-08-14,fja05680/sp500,
MTB,M&T Bank,2004-02-27,,fja05680/sp500,
MTCH,,2021-09-20,2026-03-23,fja05680/sp500,
MTD,Mettler Toledo,2016-09-06,,fja05680/sp500,
MTG,,1996-07-19,2008-10-31,fja05680/sp500,
MTL,,1998-02-23,1999-09-20,fja05680/sp500,
MTLQQ,,1996-01-02,2009-06-03,fja05680/sp500,
MTW,,2007-11-16,2009-09-01,fja05680/sp500,
MU,Micron Technology,1996-01-02,,fja05680/sp500,
MUR,,2005-08-15,2017-07-26,fja05680/sp500,
MWI,,1996-01-02,1999-05-28,fja05680/sp500,
MWV,,1996-01-02,2015-07-02,fja05680/sp500,
MWW,,2001-06-04,2011-12-19,fja05680/sp500,
MXIM,,2000-05-10,2007-09-27,fja05680/sp500,
MXIM,,2018-12-03,2021-08-30,fja05680/sp500,
MYG,,1996-01-02,2006-04-03,fja05680/sp500,
MYL,,2004-04-23,2020-11-17,fja05680/sp500,
MZIAQ,,1996-01-02,2000-06-29,fja05680/sp500,
NAE,,1996-01-02,1997-08-07,fja05680/sp500,
NAV,,1996-01-02,2006-12-20,fja05680/sp500,
NAVI,,2014-05-01,2018-06-05,fja05680/sp500,
NBL,,2007-10-08,2020-10-12,fja05680/sp500,
NBR,,2000-10-18,2015-03-23,fja05680/sp500,
NC,,1996-01-02,2000-06-05,fja05680/sp500,
NCC,,1996-01-02,2009-01-02,fja05680/sp500,
NCE,,1998-11-03,2000-08-21,fja05680/sp500,
NCLH,Norwegian Cruise Line Holdings,2017-10-13,,fja05680/sp500,
NCR,,2000-01-04,2007-10-01,fja05680/sp500,
NDAQ,"Nasdaq, Inc.",2008-10-22,,fja05680/sp500,
NDSN,Nordson Corporation,2022-02-15,,fja05680/sp500,
NE,,2001-01-16,2009-03-27,fja05680/sp500,
NE,,2011-01-18,2015-07-20,fja05680/sp500,
NEE,NextEra Energy,1996-01-02,,fja05680/sp500,
NEM,Newmont,1996-01-02,,fja05680/sp500,
NFB,,2002-07-17,2006-12-01,fja05680/sp500,
NFLX,Netflix,2010-12-20,,fja05680/sp500,
NFX,,2010-12-20,2019-02-15,fja05680/sp500,
NGH,,1998-09-16,2000-12-12,fja05680/sp500,
NI,NiSource,2000-11-02,,fja05680/sp500,
NKE,"Nike, Inc.",1996-01-02,,fja05680/sp500,
NKTR,,2018-03-19,2019-10-03,fja05680/sp500,
NLC,,1996-01-02,1999-08-02,fja05680/sp500,
NLOK,,2019-11-05,2022-11-08,fja05680/sp500,
NLSN,,2013-07-09,2022-10-12,fja05680/sp500,
NLV,,1996-04-01,2000-01-06,fja05680/sp500,
NMK,,1996-01-02,2002-02-01,fja05680/sp500,
NOC,Northrop Grumman,1996-01-02,,fja05680/sp500,
NOV,,2005-03-14,2021-09-20,fja05680/sp500,
NOVL,,1996-01-02,2011-04-28,fja05680/sp500,
NOW,ServiceNow,2019-11-21,,fja05680/sp500,
NRG,NRG Energy,2010-01-29,,fja05680/sp500,
NRTLQ,,1996-01-02,2002-07-22,fja05680/sp500,
NSC,Norfolk Southern,1996-01-02,,fja05680/sp500,
NSI,,1996-01-02,2001-12-03,fja05680/sp500,
NSM,,1996-01-02,2011-09-26,fja05680/sp500,
NTAP,NetApp,1999-06-25,,fja05680/sp500,
NTRS,Northern Trust,1998-01-30,,fja05680/sp500,
NUE,Nucor,1996-01-02,,fja05680/sp500,
NVDA,Nvidia,2001-11-30,,fja05680/sp500,
NVLS,,2000-06-19,2012-06-05,fja05680/sp500,
NVR,"NVR, Inc.",2019-09-26,,fja05680/sp500,
NWL,,1996-01-02,2023-09-18,fja05680/sp500,
NWS,News Corp (Class B),2015-09-21,,fja05680/sp500,
NWSA,News Corp (Class A),2013-07-01,,fja05680/sp500,
NXPI,NXP Semiconductors,2021-03-22,,fja05680/sp500,
NXTL,,1998-04-01,2005-08-15,fja05680/sp500,
NYN,,1996-01-02,1997-08-15,fja05680/sp500,
NYT,,1996-01-02,2010-12-20,fja05680/sp500,
NYX,,2007-10-25,2013-11-13,fja05680/sp500,
O,Realty Income,2015-04-07,,fja05680/sp500,
OAT,,1996-01-02,2001-08-03,fja05680/sp500,
ODFL,Old Dominion,2019-12-09,,fja05680/sp500,
ODP,,1999-06-24,2010-12-20,fja05680/sp500,
OGN,,2021-06-04,2023-10-18,fja05680/sp500,
OI,,1997-08-04,2000-12-11,fja05680/sp500,
OI,,2009-01-02,2016-12-02,fja05680/sp500,
OK,,1999-12-02,2001-04-02,fja05680/sp500,
OKE,Oneok,1996-01-02,2001-08-30,fja05680/sp500,
OKE,Oneok,2010-03-15,,fja05680/sp500,
OM,,1996-01-02,1996-10-01,fja05680/sp500,
OMC,Omnicom Group,1997-12-24,,fja05680/sp500,
OMX,,1996-01-02,2008-06-23,fja05680/sp500,
ON,ON Semiconductor,2022-06-21,,fja05680/sp500,
ONE,,1996-01-02,2004-07-01,fja05680/sp500,
ORCL,Oracle Corporation,1996-01-02,,fja05680/sp500,
ORLY,O'Reilly Automotive,2009-03-27,,fja05680/sp500,
ORX,,1996-01-02,1999-03-01,fja05680/sp500,
OTIS,Otis Worldwide,2020-04-03,,fja05680/sp500,
OWENQ,,1996-01-02,2000-10-02,fja05680/sp500,
OXY,Occidental Petroleum,1996-01-02,,fja05680/sp500,
PAC,,1996-01-02,1997-04-01,fja05680/sp500,
PALM,,2000-07-28,2002-08-14,fja05680/sp500,
PANW,Palo Alto Networks,2023-06-20,,fja05680/sp500,
PARA,,2022-02-17,2025-08-08,fja05680/sp500,
PAS,,1996-01-02,1998-01-30,fja05680/sp500,
PAYC,,2020-01-28,2026-03-23,fja05680/sp500,
PAYX,Paychex,1998-10-01,,fja05680/sp500,
PBCT,,2008-11-13,2022-04-04,fja05680/sp500,
PBG,,2001-05-14,2010-03-01,fja05680/sp500,
PBI,,1996-01-02,2017-03-01,fja05680/sp500,
PBY,,1996-01-02,2000-04-03,fja05680/sp500,
PCAR,Paccar,1996-01-02,,fja05680/sp500,
PCG,PG&E Corporation,1996-01-02,2019-01-18,fja05680/sp500,
PCG,PG&E Corporation,2022-10-03,,fja05680/sp500,
PCH,,1996-01-02,2001-07-09,fja05680/sp500,
PCL,,2002-01-17,2016-02-22,fja05680/sp500,
PCP,,2007-06-01,2016-02-01,fja05680/sp500,
PCS,,1998-11-24,2004-04-23,fja05680/sp500,
PD,,1996-01-02,2007-03-20,fja05680/sp500,
PDCO,,2005-10-11,2018-03-19,fja05680/sp500,
PDG,,1996-01-02,2002-07-22,fja05680/sp500,
PEAK,,2019-11-05,2024-03-04,fja05680/sp500,
PEG,Public Service Enterprise Group,1996-01-02,,fja05680/sp500,
PEL,,1996-01-02,1997-06-19,fja05680/sp500,
PENN,,2021-03-22,2022-09-19,fja05680/sp500,
PEP,PepsiCo,1996-01-02,,fja05680/sp500,
PET,,1996-01-02,1998-06-29,fja05680/sp500,
PETM,,2012-10-05,2015-03-12,fja05680/sp500,
PFE,Pfizer,1996-01-02,,fja05680/sp500,
PFG,Principal Financial Group,2002-07-22,,fja05680/sp500,
PG,Procter & Gamble,1996-01-02,,fja05680/sp500,
PGL,,1996-01-02,2007-02-22,fja05680/sp500,
PGN,,1996-01-02,2012-07-02,fja05680/sp500,
PGR,Progressive Corporation,1997-08-04,,fja05680/sp500,
PH,Parker Hannifin,1996-01-02,,fja05680/sp500,
PHA,,1996-01-02,2003-04-16,fja05680/sp500,
PHB,,1996-01-02,1999-10-04,fja05680/sp500,
PHM,PulteGroup,1996-01-02,,fja05680/sp500,
PKG,Packaging Corporation of America,2017-07-26,,fja05680/sp500,
PKI,,1996-01-02,2023-05-16,fja05680/sp500,
PLD,Prologis,2003-07-17,,fja05680/sp500,
PLL,,1996-01-02,2015-08-31,fja05680/sp500,
PLTR,Palantir Technologies,2024-09-23,,fja05680/sp500,
PM,Philip Morris International,2008-03-31,,fja05680/sp500,
PMCS,,2001-08-03,2007-07-02,fja05680/sp500,
PMI,,1996-01-02,1996-05-31,fja05680/sp500,
PNC,PNC Financial Services,1996-01-02,,fja05680/sp500,
PNR,Pentair,2012-10-01,,fja05680/sp500,
PNU,,1996-01-02,2000-04-03,fja05680/sp500,
PNW,Pinnacle West Capital,1999-10-04,,fja05680/sp500,
PODD,Insulet Corporation,2023-03-15,,fja05680/sp500,
POM,,2007-11-09,2016-03-24,fja05680/sp500,
POOL,,2020-10-07,2026-06-22,fja05680/sp500,
PPG,PPG Industries,1996-01-02,,fja05680/sp500,
PPL,PPL Corporation,1996-01-02,,fja05680/sp500,
PPW,,1996-01-02,1999-11-30,fja05680/sp500,
PRD,,1996-01-02,2000-12-12,fja05680/sp500,
PRGO,,2011-12-19,2021-09-20,fja05680/sp500,
PRU,Prudential Financial,2002-07-22,,fja05680/sp500,
PSA,Public Storage,2005-08-19,,fja05680/sp500,
PSFT,,1998-10-02,2004-12-29,fja05680/sp500,
PSKY,Paramount Skydance Corporation,2025-08-08,,fja05680/sp500,
PSX,Phillips 66,2012-05-01,,fja05680/sp500,
PTC,PTC Inc.,1997-04-03,2007-01-03,fja05680/sp500,
PTC,PTC Inc.,2021-04-20,,fja05680/sp500,
PTV,,1999-11-05,2010-11-17,fja05680/sp500,
PVH,,2013-02-14,2022-09-19,fja05680/sp500,
PVN,,1996-01-02,2005-10-03,fja05680/sp500,
PVT,,1998-08-31,1999-07-01,fja05680/sp500,
PWER,,2000-10-23,2005-03-14,fja05680/sp500,
PWJ,,1999-06-04,2000-11-06,fja05680/sp500,
PWR,Quanta Services,2009-07-01,,fja05680/sp500,
PX,,1996-01-02,2018-10-31,fja05680/sp500,
PXD,,2008-09-24,2024-05-08,fja05680/sp500,
PYPL,PayPal,2015-07-20,,fja05680/sp500,
PZE,,1996-01-02,1998-12-31,fja05680/sp500,
Q,Qnity Electronics,2000-07-06,2011-04-01,fja05680/sp500,
Q,Qnity Electronics,2025-11-03,,fja05680/sp500,
QCOM,Qualcomm,1999-07-22,,fja05680/sp500,
QEP,,2010-07-01,2015-07-01,fja05680/sp500,
QLGC,,2000-12-12,2011-01-18,fja05680/sp500,
QRVO,,2015-06-12,2024-12-23,fja05680/sp500,
QTRN,,1999-11-16,2003-09-26,fja05680/sp500,
R,,1996-01-02,2017-06-19,fja05680/sp500,
RAD,,1996-01-02,2000-07-27,fja05680/sp500,
RAI,,2002-09-04,2017-07-25,fja05680/sp500,
RAL,,1996-01-02,2001-12-13,fja05680/sp500,
RATL,,2002-02-01,2003-02-21,fja05680/sp500,
RBD,,1996-01-02,1999-03-25,fja05680/sp500,
RBK,,1996-01-02,2006-02-01,fja05680/sp500,
RCL,Royal Caribbean Group,2014-12-05,,fja05680/sp500,
RDC,,1996-01-02,2014-08-19,fja05680/sp500,
RDDT,Reddit,2026-08-18,,wikipedia,"fja05680 的成分歷史止於 2026-06-30,本行由維基百科現役名單(2026-08-29 抓)補回;加入日期取維基百科的 Date added"
RDS.A,,1996-01-02,2002-07-22,fja05680/sp500,
RE,,2017-06-19,2023-07-10,fja05680/sp500,
REG,Regency Centers,2017-03-02,,fja05680/sp500,
REGN,Regeneron Pharmaceuticals,2013-05-01,,fja05680/sp500,
RF,Regions Financial Corporation,1998-08-28,,fja05680/sp500,
RHI,,2000-12-05,2024-06-24,fja05680/sp500,
RHT,,2009-07-27,2019-07-15,fja05680/sp500,
RIG,,1999-12-31,2008-12-19,fja05680/sp500,
RIG,,2013-10-29,2017-07-26,fja05680/sp500,
RJF,Raymond James Financial,2017-03-20,,fja05680/sp500,
RL,Ralph Lauren Corporation,2007-02-02,,fja05680/sp500,
RLM,,1996-01-02,2000-05-04,fja05680/sp500,
RMD,ResMed|,2017-07-26,,fja05680/sp500,
RML,,1996-01-02,2000-12-12,fja05680/sp500,
RNB,,1996-01-02,2000-01-03,fja05680/sp500,
ROH,,1996-01-02,2009-04-02,fja05680/sp500,
ROK,Rockwell Automation,1996-01-02,,fja05680/sp500,
ROL,"Rollins, Inc.",2018-10-01,,fja05680/sp500,
ROP,Roper Technologies,2009-12-23,,fja05680/sp500,
ROST,Ross Stores,2009-12-21,,fja05680/sp500,
RRC,,2007-12-21,2018-06-18,fja05680/sp500,
RRD,,1996-01-02,2012-12-12,fja05680/sp500,
RSG,Republic Services,2008-12-05,,fja05680/sp500,
RSHCQ,,1996-01-02,2011-07-01,fja05680/sp500,
RTN,,1996-01-02,2020-04-06,fja05680/sp500,
RTX,RTX Corporation,2020-04-03,,fja05680/sp500,
RVTY,Revvity,2023-05-16,,fja05680/sp500,
RX,,1996-11-04,2010-02-26,fja05680/sp500,
RYAN,,1996-01-02,1997-01-02,fja05680/sp500,
RYC,,1996-01-02,1999-08-13,fja05680/sp500,
RYI,,1996-01-02,1998-07-01,fja05680/sp500,
S,,1996-01-02,2013-07-09,fja05680/sp500,
SAF,,1996-01-02,2008-09-23,fja05680/sp500,
SAI,,1997-07-17,1999-01-04,fja05680/sp500,
SANM,,2000-06-21,2007-07-02,fja05680/sp500,
SAPE,,2000-05-05,2002-05-13,fja05680/sp500,
SATS,,2026-03-23,2026-06-24,fja05680/sp500,
SB,,1996-01-02,1997-11-28,fja05680/sp500,
SBAC,SBA Communications,2017-09-01,,fja05680/sp500,
SBL,,2000-12-11,2007-01-10,fja05680/sp500,
SBNY,,2021-12-20,2023-03-15,fja05680/sp500,
SBUX,Starbucks,2000-06-08,,fja05680/sp500,
SCG,,2009-01-02,2019-01-02,fja05680/sp500,
SCHW,Charles Schwab Corporation,1997-06-02,,fja05680/sp500,
SCI,,1996-01-02,2000-03-16,fja05680/sp500,
SDS,,2002-07-22,2005-08-12,fja05680/sp500,
SE,,2007-01-03,2017-02-27,fja05680/sp500,
SEBL,,2000-05-05,2006-02-01,fja05680/sp500,
SEDG,,2021-12-20,2023-12-18,fja05680/sp500,
SEE,,1998-04-01,2023-12-18,fja05680/sp500,
SEG,,1996-08-16,2000-11-22,fja05680/sp500,
SFA,,1996-01-02,2006-02-27,fja05680/sp500,
SFS,,1996-01-02,1997-07-28,fja05680/sp500,
SGID,,1996-01-02,2000-06-21,fja05680/sp500,
SGP,,1996-01-02,2009-11-04,fja05680/sp500,
SHLD,,2005-03-28,2012-09-05,fja05680/sp500,
SHN,,1996-01-02,1997-01-02,fja05680/sp500,
SHW,Sherwin-Williams,1996-01-02,,fja05680/sp500,
SIAL,,1996-01-02,2015-11-18,fja05680/sp500,
SIG,,2015-07-29,2018-03-19,fja05680/sp500,
SII,,2006-10-02,2010-08-27,fja05680/sp500,
SIVB,,2018-03-19,2023-03-15,fja05680/sp500,
SJM,J.M. Smucker Company (The),2008-11-06,,fja05680/sp500,
SK,,1996-01-02,1998-04-01,fja05680/sp500,
SLB,Schlumberger,1996-01-02,,fja05680/sp500,
SLG,,2015-03-23,2021-03-22,fja05680/sp500,
SLM,,1998-07-01,2014-05-01,fja05680/sp500,
SLR,,1998-12-31,2007-10-02,fja05680/sp500,
SMCI,Supermicro,2024-03-18,,fja05680/sp500,
SMI,,1996-01-02,2000-12-12,fja05680/sp500,
SMS,,1996-01-02,2000-06-08,fja05680/sp500,
SNA,Snap-on,1996-01-02,,fja05680/sp500,
SNDK,Sandisk,2006-04-20,2016-05-12,fja05680/sp500,
SNDK,Sandisk,2025-11-28,,fja05680/sp500,
SNI,,2008-07-01,2018-03-07,fja05680/sp500,
SNPS,Synopsys,2017-03-16,,fja05680/sp500,
SNT,,1996-01-02,1999-10-26,fja05680/sp500,
SNV,,1997-12-01,2008-01-02,fja05680/sp500,
SO,Southern Company,1996-01-02,,fja05680/sp500,
SOLS,,2025-10-30,2025-12-22,fja05680/sp500,
SOLV,Solventum,2024-04-01,,fja05680/sp500,
SOTR,,1999-03-01,2004-11-01,fja05680/sp500,
SOV,,2004-07-01,2009-01-30,fja05680/sp500,
SPG,Simon Property Group,2002-06-26,,fja05680/sp500,
SPGI,S&P Global,1996-01-02,,fja05680/sp500,
SPLS,,1998-10-07,2017-09-13,fja05680/sp500,
SRCL,,2008-11-19,2018-12-03,fja05680/sp500,
SRE,Sempra,1998-06-29,,fja05680/sp500,
SRR,,1996-01-02,1997-10-07,fja05680/sp500,
SSP,,2005-12-20,2008-07-01,fja05680/sp500,
STE,Steris,2019-12-23,,fja05680/sp500,
STI,,1996-01-02,2019-12-09,fja05680/sp500,
STJ,,1996-01-02,2017-01-05,fja05680/sp500,
STLD,Steel Dynamics,2022-12-22,,fja05680/sp500,
STO,,1996-01-02,1998-11-18,fja05680/sp500,
STR,,2006-12-01,2010-07-01,fja05680/sp500,
STT,State Street Corporation,1997-08-18,,fja05680/sp500,
STX,Seagate Technology,2012-07-02,,fja05680/sp500,
STZ,Constellation Brands,2005-07-05,,fja05680/sp500,
SUB,,1998-01-28,2001-03-01,fja05680/sp500,
SUN,,1996-01-02,2012-10-05,fja05680/sp500,
SUNEQ,,2007-05-31,2011-12-19,fja05680/sp500,
SVU,,1996-01-02,2012-05-01,fja05680/sp500,
SW,Smurfit Westrock,2024-07-08,,fja05680/sp500,
SWK,Stanley Black & Decker,1996-01-02,,fja05680/sp500,
SWKS,Skyworks Solutions,2015-03-12,,fja05680/sp500,
SWN,,2008-06-06,2017-04-04,fja05680/sp500,
SWY,,1998-11-13,2015-01-27,fja05680/sp500,
SXCL,,1999-10-01,2001-05-14,fja05680/sp500,
SYF,Synchrony Financial,2015-11-18,,fja05680/sp500,
SYK,Stryker Corporation,2000-12-12,,fja05680/sp500,
SYMC,,2003-03-31,2019-11-05,fja05680/sp500,
SYY,Sysco,1996-01-02,,fja05680/sp500,
T,AT&T,1996-01-02,,fja05680/sp500,
TA,,1996-01-02,1999-07-22,fja05680/sp500,
TAP,Molson Coors Beverage Company,1996-01-02,,fja05680/sp500,
TCOMA,,1996-01-02,1999-03-10,fja05680/sp500,
TDC,,2007-10-01,2017-06-19,fja05680/sp500,
TDG,TransDigm Group,2016-06-03,,fja05680/sp500,
TDM,,1996-01-02,1997-09-02,fja05680/sp500,
TDY,Teledyne Technologies,2020-06-22,,fja05680/sp500,
TE,,2001-10-10,2016-07-01,fja05680/sp500,
TECH,Bio-Techne,2021-08-30,,fja05680/sp500,
TEG,,2007-02-22,2015-06-30,fja05680/sp500,
TEK,,1996-01-02,2007-11-16,fja05680/sp500,
TEL,TE Connectivity,2007-07-02,2009-06-26,fja05680/sp500,
TEL,TE Connectivity,2011-10-17,,fja05680/sp500,
TEN,,1996-01-02,1999-11-05,fja05680/sp500,
TER,Teradyne,1999-11-15,2013-12-23,fja05680/sp500,
TER,Teradyne,2020-09-21,,fja05680/sp500,
TEX,,2006-12-20,2008-11-06,fja05680/sp500,
TFC,Truist Financial,2019-12-09,,fja05680/sp500,
TFX,,2019-01-18,2025-03-24,fja05680/sp500,
TGNA,,1996-01-02,2017-06-02,fja05680/sp500,
TGT,Target Corporation,1996-01-02,,fja05680/sp500,
THC,,1996-01-02,2016-04-18,fja05680/sp500,
THY,,1996-01-02,1996-10-16,fja05680/sp500,
TIE,,2007-10-29,2012-12-24,fja05680/sp500,
TIF,,2000-06-21,2021-01-07,fja05680/sp500,
TIN,,1996-01-02,2007-12-31,fja05680/sp500,
TJX,TJX Companies,1996-01-02,,fja05680/sp500,
TKO,TKO Group Holdings,2025-03-24,,fja05680/sp500,
TKR,,1996-01-02,2001-08-07,fja05680/sp500,
TLAB,,1996-01-02,2011-12-21,fja05680/sp500,
TMC,,1996-01-02,2000-06-13,fja05680/sp500,
TMC.A,,1996-01-02,2000-06-13,fja05680/sp500,
TMK,,1996-01-02,2019-08-08,fja05680/sp500,
TMO,Thermo Fisher Scientific,1997-01-02,,fja05680/sp500,
TMUS,T-Mobile US,2009-06-30,2013-05-01,fja05680/sp500,
TMUS,T-Mobile US,2019-07-15,,fja05680/sp500,
TNB,,1996-01-02,2004-08-03,fja05680/sp500,
TOS,,1999-09-20,2001-09-17,fja05680/sp500,
TOY,,1996-01-02,2005-07-22,fja05680/sp500,
TPL,Texas Pacific Land Corporation,2024-11-26,,fja05680/sp500,
TPR,"Tapestry, Inc.",2004-09-01,,fja05680/sp500,
TRB,,1996-01-02,2007-12-21,fja05680/sp500,
TRGP,Targa Resources,2022-10-12,,fja05680/sp500,
TRIP,,2011-12-21,2019-12-23,fja05680/sp500,
TRMB,Trimble Inc.,2021-01-21,,fja05680/sp500,
TROW,T. Rowe Price,1999-10-13,,fja05680/sp500,
TRV,Travelers Companies (The),1996-01-02,,fja05680/sp500,
TRW,,1996-01-02,2002-12-12,fja05680/sp500,
TSCO,Tractor Supply,2014-01-24,,fja05680/sp500,
TSG,,2000-03-16,2007-04-02,fja05680/sp500,
TSLA,"Tesla, Inc.",2020-12-21,,fja05680/sp500,
TSN,Tyson Foods,2005-08-11,,fja05680/sp500,
TSS,,2008-01-02,2019-09-23,fja05680/sp500,
TT,Trane Technologies,2002-05-13,2008-06-06,fja05680/sp500,
TT,Trane Technologies,2020-03-03,,fja05680/sp500,
TTD,Trade Desk (The),2025-07-18,,fja05680/sp500,
TTWO,Take-Two Interactive,2018-03-19,,fja05680/sp500,
TUP,,1996-05-31,2004-03-25,fja05680/sp500,
TWC,,2009-03-30,2016-05-18,fja05680/sp500,
TWTR,,2018-06-07,2022-11-01,fja05680/sp500,
TWX,,1996-01-02,2018-06-15,fja05680/sp500,
TX,,1996-01-02,2001-10-10,fja05680/sp500,
TXN,Texas Instruments,1996-01-02,,fja05680/sp500,
TXT,Textron,1996-01-02,,fja05680/sp500,
TXU,,1996-01-02,2007-10-10,fja05680/sp500,
TYL,Tyler Technologies,2020-06-22,,fja05680/sp500,
UA,,2016-04-08,2022-06-21,fja05680/sp500,
UAA,,2014-05-01,2022-06-21,fja05680/sp500,
UAL,United Airlines Holdings,2015-09-03,,fja05680/sp500,
UAWGQ,,1996-01-02,2002-05-15,fja05680/sp500,
UBER,Uber,2023-12-18,,fja05680/sp500,
UCC,,1996-01-02,1999-05-03,fja05680/sp500,
UCL,,1996-01-02,2005-08-11,fja05680/sp500,
UCM,,1996-01-02,2000-10-23,fja05680/sp500,
UDR,"UDR, Inc.",2016-03-07,,fja05680/sp500,
UHS,Universal Health Services,2014-09-22,,fja05680/sp500,
UIS,,1996-01-02,2008-11-11,fja05680/sp500,
UK,,1996-01-02,2001-02-07,fja05680/sp500,
ULTA,Ulta Beauty,2016-04-18,,fja05680/sp500,
UMG,,1996-01-02,2000-06-15,fja05680/sp500,
UN,,1996-01-02,2002-07-22,fja05680/sp500,
UNH,UnitedHealth Group,1996-01-02,,fja05680/sp500,
UNM,,1996-01-02,2021-09-20,fja05680/sp500,
UNP,Union Pacific Corporation,1996-01-02,,fja05680/sp500,
UPC,,1998-10-01,2004-07-01,fja05680/sp500,
UPR,,1996-10-16,2000-07-17,fja05680/sp500,
UPS,United Parcel Service,2002-07-22,,fja05680/sp500,
URBN,,2010-02-08,2017-03-20,fja05680/sp500,
URI,United Rentals,2014-09-22,,fja05680/sp500,
USB,U.S. Bancorp,1996-01-02,,fja05680/sp500,
USBC,,1996-01-02,1997-08-04,fja05680/sp500,
USH,,1996-01-02,1997-06-18,fja05680/sp500,
USHC,,1996-01-02,1996-07-19,fja05680/sp500,
USS,,1996-01-02,1998-10-02,fja05680/sp500,
UST,,1996-01-02,2009-01-06,fja05680/sp500,
USW,,1996-01-02,2000-07-03,fja05680/sp500,
UTX,,1996-01-02,2020-04-03,fja05680/sp500,
UVN,,2001-02-07,2007-03-29,fja05680/sp500,
V,Visa Inc.,2009-12-21,,fja05680/sp500,
VAR,,2007-02-12,2021-04-20,fja05680/sp500,
VAT,,1996-01-02,1996-09-06,fja05680/sp500,
VEEV,Veeva Systems,2026-05-07,,fja05680/sp500,
VFC,,1996-01-02,2024-04-01,fja05680/sp500,
VIAB,,2006-01-03,2019-12-05,fja05680/sp500,
VIAC,,2019-12-05,2022-02-17,fja05680/sp500,
VIAV,,2000-07-27,2013-12-23,fja05680/sp500,
VICI,Vici Properties,2022-06-08,,fja05680/sp500,
VLO,Valero Energy,2004-04-29,,fja05680/sp500,
VLTO,Veralto,2023-10-02,,fja05680/sp500,
VMC,Vulcan Materials Company,1999-07-01,,fja05680/sp500,
VMRK,Vivmark Residential,2001-12-03,,wikipedia,"fja05680 的成分歷史止於 2026-06-30,本行由維基百科現役名單(2026-08-29 抓)補回;加入日期取維基百科的 Date added"
VNO,,2005-08-12,2023-01-04,fja05680/sp500,
VNT,,2020-10-12,2021-03-22,fja05680/sp500,
VO,,1996-01-02,2000-12-11,fja05680/sp500,
VRSK,Verisk Analytics,2015-10-08,,fja05680/sp500,
VRSN,Verisign,2006-02-01,,fja05680/sp500,
VRT,Vertiv,2026-03-23,,fja05680/sp500,
VRTS,,2000-04-03,2005-07-05,fja05680/sp500,
VRTX,Vertex Pharmaceuticals,2013-09-23,,fja05680/sp500,
VST,Vistra Corp.,2024-05-08,,fja05680/sp500,
VSTNQ,,2000-06-29,2006-01-03,fja05680/sp500,
VTR,Ventas,2009-03-04,,fja05680/sp500,
VTRS,Viatris,2020-11-17,,fja05680/sp500,
VTSS,,2000-12-12,2002-08-21,fja05680/sp500,
VZ,Verizon,1996-01-02,,fja05680/sp500,
WAB,Wabtec,2019-02-27,,fja05680/sp500,
WAI,,1996-01-02,1998-08-11,fja05680/sp500,
WAMUQ,,1997-07-02,2008-09-30,fja05680/sp500,
WAT,Waters Corporation,2002-01-02,,fja05680/sp500,
WB,,1996-01-02,2009-01-02,fja05680/sp500,
WBA,,1996-01-02,2025-08-28,fja05680/sp500,
WBD,Warner Bros. Discovery,2022-04-11,,fja05680/sp500,
WCG,,2018-09-17,2020-01-28,fja05680/sp500,
WCOEQ,,1996-04-01,2002-05-15,fja05680/sp500,
WDAY,"Workday, Inc.",2024-12-23,,fja05680/sp500,
WDC,Western Digital,2009-07-01,,fja05680/sp500,
WEC,WEC Energy Group,2008-10-31,,fja05680/sp500,
WELL,Welltower,2009-01-30,,fja05680/sp500,
WEN,,1996-01-02,2008-09-30,fja05680/sp500,
WFC,Wells Fargo,1996-01-02,,fja05680/sp500,
WFM,,2006-01-03,2017-08-28,fja05680/sp500,
WFT,,2005-07-22,2009-02-26,fja05680/sp500,
WHR,,1996-01-02,2024-03-18,fja05680/sp500,
WIN,,2006-07-18,2015-04-07,fja05680/sp500,
WLA,,1996-01-02,2000-06-20,fja05680/sp500,
WLL,,1996-01-02,2002-02-11,fja05680/sp500,
WLP,,1999-06-09,2004-12-01,fja05680/sp500,
WLTW,,2016-01-05,2022-01-10,fja05680/sp500,
WM,Waste Management,1998-07-17,,fja05680/sp500,
WMB,Williams Companies,1996-01-02,,fja05680/sp500,
WMT,Walmart,1996-01-02,,fja05680/sp500,
WMX,,1996-01-02,1998-07-17,fja05680/sp500,
WNDXQ,,1996-01-02,2004-12-03,fja05680/sp500,
WOR,,1996-01-02,2004-12-20,fja05680/sp500,
WPX,,2012-01-03,2014-03-24,fja05680/sp500,
WRB,W. R. Berkley Corporation,2019-12-05,,fja05680/sp500,
WRK,,2015-07-02,2024-07-08,fja05680/sp500,
WSM,"Williams-Sonoma, Inc.",2025-03-24,,fja05680/sp500,
WST,West Pharmaceutical Services,2020-05-22,,fja05680/sp500,
WTW,Willis Towers Watson,2022-01-10,,fja05680/sp500,
WU,,2006-10-02,2021-12-20,fja05680/sp500,
WWY,,1996-01-02,2008-10-07,fja05680/sp500,
WY,Weyerhaeuser,1996-01-02,,fja05680/sp500,
WYE,,1996-01-02,2009-10-16,fja05680/sp500,
WYND,,2006-08-01,2018-05-31,fja05680/sp500,
WYNN,Wynn Resorts,2008-11-14,,fja05680/sp500,
X,,1996-01-02,2014-07-02,fja05680/sp500,
XEC,,2014-06-20,2020-03-03,fja05680/sp500,
XEL,Xcel Energy,1996-01-02,,fja05680/sp500,
XL,,2001-09-04,2018-09-12,fja05680/sp500,
XLNX,,1999-11-08,2022-02-15,fja05680/sp500,
XOM,ExxonMobil,1996-01-02,,fja05680/sp500,
XRAY,,2008-11-14,2024-04-02,fja05680/sp500,
XRX,,1996-01-02,2021-03-22,fja05680/sp500,
XTO,,2004-12-29,2010-06-28,fja05680/sp500,
XYL,Xylem Inc.,2011-11-01,,fja05680/sp500,
XYZ,"Block, Inc.",2025-07-23,,fja05680/sp500,
YNR,,2000-01-06,2000-10-03,fja05680/sp500,
YRCW,,1996-01-02,1996-11-04,fja05680/sp500,
YUM,Yum! Brands,1997-10-07,,fja05680/sp500,
ZBH,Zimmer Biomet,2001-08-07,,fja05680/sp500,
ZBRA,Zebra Technologies,2019-12-23,,fja05680/sp500,
ZION,,2001-06-25,2024-03-18,fja05680/sp500,
ZTS,Zoetis,2013-06-24,,fja05680/sp500,
