event_id,ticker,期間,期末,收入,收入_按年,毛利_按年,營業利潤,營業利潤_按年,營業利潤率,淨利,淨利_按年,淨利率
E01,T,衝擊前,2008-06-30,30866000000,,,6567000000.0,,0.2128,3772000000.0,,0.1222
E01,T,衝擊前,2008-09-30,31342000000,,,5618000000.0,,0.1792,3230000000.0,,0.1031
E01,T,衝擊前,2009-03-31,30457000000,,,5684000000.0,,0.1866,3091000000.0,,0.1015
E01,T,衝擊前,2009-06-30,30614000000,-0.0082,,5441000000.0,-0.1715,0.1777,3162000000.0,-0.1617,0.1033
E01,T,衝擊前,2009-09-30,30734000000,-0.0194,,5311000000.0,-0.0546,0.1728,3155000000.0,-0.0232,0.1027
E01,T,衝擊前,2009-12-31,30708000000,,,4564000000.0,,0.1486,2730000000.0,,0.0889
E01,T,衝擊前,2010-03-31,30530000000,0.0024,,5971000000.0,0.0505,0.1956,2453000000.0,-0.2064,0.0803
E01,T,衝擊前,2010-06-30,30808000000,0.0063,,6083000000.0,0.118,0.1974,4003000000.0,0.266,0.1299
E01,T,衝擊前,2010-09-30,31581000000,0.0276,,5431000000.0,0.0226,0.172,12319000000.0,2.9046,0.3901
E01,T,衝擊前,2010-12-31,31361000000,0.0213,,2088000000.0,-0.5425,0.0666,1089000000.0,-0.6011,0.0347
E01,T,衝擊前,2011-03-31,31247000000,0.0235,,5808000000.0,-0.0273,0.1859,3408000000.0,0.3893,0.1091
E01,T,衝擊前,2011-06-30,31495000000,0.0223,,6165000000.0,0.0135,0.1957,3591000000.0,-0.1029,0.114
E01,T,衝擊前,2011-09-30,31478000000,-0.0033,,6235000000.0,0.148,0.1981,3623000000.0,-0.7059,0.1151
E01,T,衝擊前,2011-12-31,32503000000,0.0364,,-8990000000.0,-5.3056,-0.2766,-6678000000.0,-7.1322,-0.2055
E01,T,衝擊前,2012-03-31,31822000000,0.0184,,6101000000.0,0.0504,0.1917,3584000000.0,0.0516,0.1126
E01,T,衝擊前,2012-06-30,31575000000,0.0025,,6817000000.0,0.1058,0.2159,3902000000.0,0.0866,0.1236
E01,T,衝擊前,2012-09-30,31459000000,-0.0006,,6037000000.0,-0.0318,0.1919,3635000000.0,0.0033,0.1155
E01,T,衝擊前,2012-12-31,32578000000,0.0023,,-5958000000.0,-0.3373,-0.1829,-3857000000.0,-0.4224,-0.1184
E01,T,衝擊前,2013-03-31,31356000000,-0.0146,,5940000000.0,-0.0264,0.1894,3700000000.0,0.0324,0.118
E01,T,衝擊後,2013-06-30,32075000000,0.0158,,6113000000.0,-0.1033,0.1906,3822000000.0,-0.0205,0.1192
E01,T,衝擊後,2013-09-30,32158000000,0.0222,,6188000000.0,0.025,0.1924,3814000000.0,0.0492,0.1186
E01,T,衝擊後,2013-12-31,33163000000,0.018,,12238000000.0,-3.054,0.369,6913000000.0,-2.7923,0.2085
E01,T,衝擊後,2014-03-31,32476000000,0.0357,,6335000000.0,0.0665,0.1951,3688000000.0,-0.0032,0.1136
E01,T,衝擊後,2014-06-30,32575000000,0.0156,,5739000000.0,-0.0612,0.1762,3623000000.0,-0.0521,0.1112
E01,T,衝擊後,2014-09-30,32957000000,0.0248,,5607000000.0,-0.0939,0.1701,3130000000.0,-0.1793,0.095
E01,T,衝擊後,2014-12-31,34439000000,0.0385,,-5469000000.0,-1.4469,-0.1588,-3999000000.0,-1.5785,-0.1161
E01,T,衝擊後,2015-03-31,32576000000,0.0031,,5557000000.0,-0.1228,0.1706,3263000000.0,-0.1152,0.1002
E01,T,衝擊後,2015-06-30,33015000000,0.0135,,5773000000.0,0.0059,0.1749,3082000000.0,-0.1493,0.0934
E01,T,衝擊後,2015-09-30,39091000000,0.1861,,5923000000.0,0.0564,0.1515,2994000000.0,-0.0435,0.0766
E01,T,衝擊後,2015-12-31,42119000000,0.223,,7532000000.0,-2.3772,0.1788,4006000000.0,-2.0018,0.0951
E01,T,衝擊後,2016-03-31,40535000000,0.2443,,6674000000.0,0.201,0.1646,3803000000.0,0.1655,0.0938
E01,T,衝擊後,2016-06-30,40520000000,0.2273,,6103000000.0,0.0572,0.1506,3408000000.0,0.1058,0.0841
E01,T,衝擊後,2016-09-30,40890000000,0.046,,5950000000.0,0.0046,0.1455,3328000000.0,0.1116,0.0814
E01,T,衝擊後,2016-12-31,41841000000,-0.0066,,4816000000.0,-0.3606,0.1151,2437000000.0,-0.3917,0.0582
E01,T,衝擊後,2017-03-31,38038000000,-0.0616,,6201000000.0,-0.0709,0.163,4662000000.0,0.2259,0.1226
E01,T,衝擊後,2017-06-30,38986000000,-0.0379,,6466000000.0,0.0595,0.1659,5132000000.0,0.5059,0.1316
E01,T,衝擊後,2017-09-30,45739000000,0.1186,,7269000000.0,0.2217,0.1589,4718000000.0,0.4177,0.1032
E01,T,衝擊後,2017-12-31,41676000000,-0.0039,,1281000000.0,-0.734,0.0307,19037000000.0,6.8117,0.4568
E01,T,衝擊後,2018-03-31,38038000000,0.0,,6201000000.0,0.0,0.163,4662000000.0,0.0,0.1226
E01,T,衝擊後,2018-06-30,38986000000,0.0,,6466000000.0,0.0,0.1659,5132000000.0,0.0,0.1316
E01,T,衝擊後,2018-09-30,45739000000,0.0,,7269000000.0,0.0,0.1589,4718000000.0,0.0,0.1032
E01,T,衝擊後,2018-12-31,47993000000,0.1516,,6160000000.0,3.8087,0.1284,4858000000.0,-0.7448,0.1012
E01,T,衝擊後,2019-03-31,44827000000,0.1785,,7233000000.0,0.1664,0.1614,4096000000.0,-0.1214,0.0914
E01,T,衝擊後,2019-06-30,44957000000,0.1532,,7500000000.0,0.1599,0.1668,3713000000.0,-0.2765,0.0826
E01,T,衝擊後,2019-09-30,44588000000,-0.0252,,7901000000.0,0.0869,0.1772,3700000000.0,-0.2158,0.083
E01,T,衝擊後,2019-12-31,46821000000,-0.0244,,5321000000.0,-0.1362,0.1136,2394000000.0,-0.5072,0.0511
E01,T,衝擊後,2020-03-31,42779000000,-0.0457,,7486000000.0,0.035,0.175,4610000000.0,0.1255,0.1078
E01,T,衝擊後,2020-06-30,40950000000,-0.0891,,3532000000.0,-0.5291,0.0863,1281000000.0,-0.655,0.0313
E01,T,衝擊後,2020-09-30,42340000000,-0.0504,,6132000000.0,-0.2239,0.1448,2816000000.0,-0.2389,0.0665
E01,T,衝擊後,2021-03-31,35877000000,-0.1613,,7194000000.0,-0.039,0.2005,7550000000.0,0.6377,0.2104
E01,T,衝擊後,2021-06-30,35740000000,-0.1272,,7572000000.0,1.1438,0.2119,1570000000.0,0.2256,0.0439
E01,T,衝擊後,2021-09-30,31326000000,-0.2601,,6237000000.0,0.0171,0.1991,5918000000.0,1.1016,0.1889
E01,T,衝擊後,2021-12-31,31095000000,,,4894000000.0,,0.1574,,,
E01,T,衝擊後,2022-03-31,29712000000,-0.1718,,5537000000.0,-0.2303,0.1864,4810000000.0,-0.3629,0.1619
E01,T,衝擊後,2022-06-30,29643000000,-0.1706,,4956000000.0,-0.3455,0.1672,4157000000.0,1.6478,0.1402
E01,T,衝擊後,2022-09-30,30043000000,-0.041,,6012000000.0,-0.0361,0.2001,6026000000.0,0.0182,0.2006
E01,T,衝擊後,2022-12-31,31343000000,0.008,,-21092000000.0,-5.3098,-0.6729,,,
E01,T,衝擊後,2023-03-31,30139000000,0.0144,,6002000000.0,0.084,0.1991,4228000000.0,-0.121,0.1403
E01,T,衝擊後,2023-06-30,29917000000,0.0092,,6406000000.0,0.2926,0.2141,4489000000.0,0.0799,0.15
E01,T,衝擊後,2023-09-30,30350000000,0.0102,,5782000000.0,-0.0383,0.1905,3495000000.0,-0.42,0.1152
E01,T,衝擊後,2023-12-31,32022000000,0.0217,,5271000000.0,-1.2499,0.1646,,,
E01,T,衝擊後,2024-03-31,30028000000,-0.0037,,5847000000.0,-0.0258,0.1947,3445000000.0,-0.1852,0.1147
E01,T,衝擊後,2024-06-30,29797000000,-0.004,,5760000000.0,-0.1008,0.1933,3597000000.0,-0.1987,0.1207
E01,T,衝擊後,2024-09-30,30213000000,-0.0045,,2116000000.0,-0.634,0.07,-174000000.0,-1.0498,-0.0058
E01,T,衝擊後,2025-03-31,30626000000,0.0199,,5754000000.0,-0.0159,0.1879,4351000000.0,0.263,0.1421
E01,T,衝擊後,2025-06-30,30847000000,0.0352,,6501000000.0,0.1286,0.2107,4500000000.0,0.251,0.1459
E01,T,衝擊後,2025-09-30,30709000000,0.0164,,6119000000.0,1.8918,0.1993,9314000000.0,-54.5287,0.3033
E01,T,衝擊後,2026-03-31,31506000000,0.0287,,6658000000.0,0.1571,0.2113,3829000000.0,-0.12,0.1215
E01,T,衝擊後,2026-06-30,31558000000,0.023,,7038000000.0,0.0826,0.223,4627000000.0,0.0282,0.1466
E01,SPG,衝擊前,2008-06-30,922947000,,,379038000.0,,0.4107,114353000.0,,0.1239
E01,SPG,衝擊前,2008-09-30,935594000,,,383352000.0,,0.4097,159737000.0,,0.1707
E01,SPG,衝擊前,2009-03-31,918492000,,,364216000.0,,0.3965,146248000.0,,0.1592
E01,SPG,衝擊前,2009-06-30,903612000,-0.0209,,224698000.0,-0.4072,0.2487,-14108000.0,-1.1234,-0.0156
E01,SPG,衝擊前,2009-09-30,924932000,-0.0114,,392177000.0,0.023,0.424,139189000.0,-0.1286,0.1505
E01,SPG,衝擊前,2009-12-31,1028180000,,,425601000.0,,0.4139,,,
E01,SPG,衝擊前,2010-03-31,925071000,0.0072,,426916000.0,0.1722,0.4615,20754000.0,-0.8581,0.0224
E01,SPG,衝擊前,2010-06-30,933566000,0.0331,,415467000.0,0.849,0.445,185152000.0,-14.1239,0.1983
E01,SPG,衝擊前,2010-09-30,979275000,0.0588,,397794000.0,0.0143,0.4062,280532000.0,1.0155,0.2865
E01,SPG,衝擊前,2010-12-31,1119718000,0.089,,504062000.0,0.1844,0.4502,,,
E01,SPG,衝擊前,2011-03-31,1019874000,0.1025,,451949000.0,0.0586,0.4431,219666000.0,9.5843,0.2154
E01,SPG,衝擊前,2011-06-30,1040861000,0.1149,,470260000.0,0.1319,0.4518,250522000.0,0.3531,0.2407
E01,SPG,衝擊前,2011-09-30,1074360000,0.0971,,484556000.0,0.2181,0.451,333781000.0,0.1898,0.3107
E01,SPG,衝擊前,2011-12-31,1171337000,0.0461,,536389000.0,0.0641,0.4579,441931000.0,,0.3773
E01,SPG,衝擊前,2012-03-31,1118969000,0.0972,,516721000.0,0.1433,0.4618,781829000.0,2.5592,0.6987
E01,SPG,衝擊前,2012-06-30,1188066000,0.1414,,524327000.0,0.115,0.4413,260936000.0,0.0416,0.2196
E01,SPG,衝擊前,2012-09-30,1228617000,0.1436,,564953000.0,0.1659,0.4598,306371000.0,-0.0821,0.2494
E01,SPG,衝擊前,2012-12-31,1344431000,0.1478,,614598000.0,0.1458,0.4571,370496000.0,-0.1616,0.2756
E01,SPG,衝擊前,2013-03-31,1060823000,-0.052,,502484000.0,-0.0276,0.4737,334468000.0,-0.5722,0.3153
E01,SPG,衝擊後,2013-06-30,1084993000,-0.0868,,509939000.0,-0.0274,0.47,400525000.0,0.535,0.3691
E01,SPG,衝擊後,2013-09-30,1146877000,-0.0665,,548478000.0,-0.0292,0.4782,367293000.0,0.1989,0.3203
E01,SPG,衝擊後,2013-12-31,1251155000,-0.0694,,627769000.0,0.0214,0.5018,449304000.0,0.2127,0.3591
E01,SPG,衝擊後,2014-03-31,1157022000,0.0907,,560965000.0,0.1164,0.4848,401103000.0,0.1992,0.3467
E01,SPG,衝擊後,2014-06-30,1181982000,0.0894,,561531000.0,0.1012,0.4751,477468000.0,0.1921,0.404
E01,SPG,衝擊後,2014-09-30,1234694000,0.0766,,607557000.0,0.1077,0.4921,296963000.0,-0.1915,0.2405
E01,SPG,衝擊後,2014-12-31,1297120000,0.0367,,655288000.0,0.0438,0.5052,475992000.0,0.0594,0.367
E01,SPG,衝擊後,2015-03-31,1216235000,0.0512,,599171000.0,0.0681,0.4926,632435000.0,0.5767,0.52
E01,SPG,衝擊後,2015-06-30,1349110000,0.1414,,702385000.0,0.2508,0.5206,554526000.0,0.1614,0.411
E01,SPG,衝擊後,2015-09-30,1320137000,0.0692,,657587000.0,0.0823,0.4981,492496000.0,0.6584,0.3731
E01,SPG,衝擊後,2015-12-31,1380621000,0.0644,,709730000.0,0.0831,0.5141,459917000.0,-0.0338,0.3331
E01,SPG,衝擊後,2016-03-31,1336715000,0.0991,,684901000.0,0.1431,0.5124,563839000.0,-0.1085,0.4218
E01,SPG,衝擊後,2016-06-30,1315380000,-0.025,,659236000.0,-0.0614,0.5012,527325000.0,-0.0491,0.4009
E01,SPG,衝擊後,2016-09-30,1357168000,0.0281,,676191000.0,0.0283,0.4982,587940000.0,0.1938,0.4332
E01,SPG,衝擊後,2016-12-31,1425966000,0.0328,,700501000.0,-0.013,0.4912,455602000.0,-0.0094,0.3195
E01,SPG,衝擊後,2017-03-31,1345763000,0.0068,,676671000.0,-0.012,0.5028,551075000.0,-0.0226,0.4095
E01,SPG,衝擊後,2017-06-30,1361548000,0.0351,,686149000.0,0.0408,0.5039,441373000.0,-0.163,0.3242
E01,SPG,衝擊後,2017-09-30,1403638000,0.0342,,690068000.0,0.0205,0.4916,592635000.0,0.008,0.4222
E01,SPG,衝擊後,2017-12-31,1427692000,0.0012,,749452000.0,0.0699,0.5249,659821000.0,0.4482,0.4622
E01,SPG,衝擊後,2018-03-31,1394182000,0.036,,704962000.0,0.0418,0.5056,715524000.0,0.2984,0.5132
E01,SPG,衝擊後,2018-06-30,1385059000,0.0173,,727983000.0,0.061,0.5256,631414000.0,0.4306,0.4559
E01,SPG,衝擊後,2018-09-30,1404021000,0.0003,,722843000.0,0.0475,0.5148,642212000.0,0.0837,0.4574
E01,SPG,衝擊後,2018-12-31,1462027000,0.024,,770512000.0,0.0281,0.527,833192000.0,0.2628,0.5699
E01,SPG,衝擊後,2019-03-31,1452834000,0.0421,,745021000.0,0.0568,0.5128,631947000.0,-0.1168,0.435
E01,SPG,衝擊後,2019-06-30,1397186000,0.0088,,680631000.0,-0.065,0.4871,572102000.0,-0.0939,0.4095
E01,SPG,衝擊後,2019-09-30,1416554000,0.0089,,705302000.0,-0.0243,0.4979,628724000.0,-0.021,0.4438
E01,SPG,衝擊後,2019-12-31,1488615000,0.0182,,776876000.0,0.0083,0.5219,590416000.0,-0.2914,0.3966
E01,SPG,衝擊後,2020-03-31,1353360000,-0.0685,,654869000.0,-0.121,0.4839,505404000.0,-0.2002,0.3734
E01,SPG,衝擊後,2020-06-30,1062041000,-0.2399,,450868000.0,-0.3376,0.4245,290548000.0,-0.4921,0.2736
E01,SPG,衝擊後,2020-09-30,1060674000,-0.2512,,404024000.0,-0.4272,0.3809,168646000.0,-0.7318,0.159
E01,SPG,衝擊後,2020-12-31,1131429000,-0.2399,,462047000.0,-0.4053,0.4084,312726000.0,-0.4703,0.2764
E01,SPG,衝擊後,2021-03-31,1239951000,-0.0838,,604612000.0,-0.0767,0.4876,510460000.0,0.01,0.4117
E01,SPG,衝擊後,2021-06-30,1254146000,0.1809,,604723000.0,0.3412,0.4822,705869000.0,1.4294,0.5628
E01,SPG,衝擊後,2021-09-30,1296554000,0.2224,,612324000.0,0.5156,0.4723,778648000.0,3.6171,0.6006
E01,SPG,衝擊後,2021-12-31,1326138000,0.1721,,591533000.0,0.2802,0.4461,573730000.0,0.8346,0.4326
E01,SPG,衝擊後,2022-03-31,1295922000,0.0451,,620391000.0,0.0261,0.4787,488310000.0,-0.0434,0.3768
E01,SPG,衝擊後,2022-06-30,1279842000,0.0205,,626761000.0,0.0364,0.4897,569480000.0,-0.1932,0.445
E01,SPG,衝擊後,2022-09-30,1315786000,0.0148,,652196000.0,0.0651,0.4957,621847000.0,-0.2014,0.4726
E01,SPG,衝擊後,2022-12-31,1399898000,0.0556,,684205000.0,0.1567,0.4888,772748000.0,0.3469,0.552
E01,SPG,衝擊後,2023-03-31,1350849000,0.0424,,662723000.0,0.0682,0.4906,519255000.0,0.0634,0.3844
E01,SPG,衝擊後,2023-06-30,1369601000,0.0701,,657925000.0,0.0497,0.4804,557505000.0,-0.021,0.4071
E01,SPG,衝擊後,2023-09-30,1410948000,0.0723,,694234000.0,0.0645,0.492,680762000.0,0.0947,0.4825
E01,SPG,衝擊後,2023-12-31,1527438000,0.0911,,792139000.0,0.1578,0.5186,859496000.0,0.1123,0.5627
E01,SPG,衝擊後,2024-03-31,1442590000,0.0679,,735180000.0,0.1093,0.5096,841155000.0,0.6199,0.5831
E01,SPG,衝擊後,2024-06-30,1458266000,0.0647,,754101000.0,0.1462,0.5171,569435000.0,0.0214,0.3905
E01,SPG,衝擊後,2024-09-30,1480710000,0.0494,,767769000.0,0.1059,0.5185,546671000.0,-0.197,0.3692
E01,SPG,衝擊後,2024-12-31,1582232000,0.0359,,835746000.0,0.055,0.5282,771760000.0,-0.1021,0.4878
E01,SPG,衝擊後,2025-03-31,1473012000,0.0211,,727616000.0,-0.0103,0.494,477860000.0,-0.4319,0.3244
E01,SPG,衝擊後,2025-06-30,1498459000,0.0276,,744197000.0,-0.0131,0.4966,643681000.0,0.1304,0.4296
E01,SPG,衝擊後,2025-09-30,1601572000,0.0816,,812914000.0,0.0588,0.5076,702696000.0,0.2854,0.4388
E01,SPG,衝擊後,2025-12-31,1791462000,0.1322,,890669000.0,0.0657,0.4972,3539882000.0,3.5868,1.976
E01,SPG,衝擊後,2026-03-31,1757093000,0.1929,,762163000.0,0.0475,0.4338,568535000.0,0.1898,0.3236
E01,SPG,衝擊後,2026-06-30,1790598000,0.195,,824098000.0,0.1074,0.4602,574130000.0,-0.1081,0.3206
E01,ED,衝擊前,2009-06-30,2845000000,,,372000000.0,,0.1308,153000000.0,,0.0538
E01,ED,衝擊前,2010-03-31,3462000000,,,492000000.0,,0.1421,229000000.0,,0.0661
E01,ED,衝擊前,2010-06-30,3017000000,0.0605,,429000000.0,0.1532,0.1422,186000000.0,0.2157,0.0617
E01,ED,衝擊前,2010-09-30,3707000000,,,705000000.0,,0.1902,353000000.0,,0.0952
E01,ED,衝擊前,2011-03-31,3349000000,-0.0326,,626000000.0,0.2724,0.1869,314000000.0,0.3712,0.0938
E01,ED,衝擊前,2011-06-30,2993000000,-0.008,,398000000.0,-0.0723,0.133,168000000.0,-0.0968,0.0561
E01,ED,衝擊前,2011-09-30,3629000000,-0.021,,756000000.0,0.0723,0.2083,386000000.0,0.0935,0.1064
E01,ED,衝擊前,2012-03-31,3078000000,-0.0809,,561000000.0,-0.1038,0.1823,280000000.0,-0.1083,0.091
E01,ED,衝擊前,2012-06-30,2771000000,-0.0742,,475000000.0,0.1935,0.1714,214000000.0,0.2738,0.0772
E01,ED,衝擊前,2012-09-30,3438000000,-0.0526,,851000000.0,0.1257,0.2475,440000000.0,0.1399,0.128
E01,ED,衝擊前,2013-03-31,3184000000,0.0344,,526000000.0,-0.0624,0.1652,192000000.0,-0.3143,0.0603
E01,ED,衝擊後,2013-06-30,2818000000,0.017,,386000000.0,-0.1874,0.137,172000000.0,-0.1963,0.061
E01,ED,衝擊後,2013-09-30,3484000000,0.0134,,855000000.0,0.0047,0.2454,464000000.0,0.0545,0.1332
E01,ED,衝擊後,2014-03-31,3789000000,0.19,,685000000.0,0.3023,0.1808,361000000.0,0.8802,0.0953
E01,ED,衝擊後,2014-06-30,2911000000,0.033,,455000000.0,0.1788,0.1563,212000000.0,0.2326,0.0728
E01,ED,衝擊後,2014-09-30,3390000000,-0.027,,819000000.0,-0.0421,0.2416,436000000.0,-0.0603,0.1286
E01,ED,衝擊後,2015-03-31,3616000000,-0.0457,,726000000.0,0.0599,0.2008,370000000.0,0.0249,0.1023
E01,ED,衝擊後,2015-06-30,2788000000,-0.0423,,472000000.0,0.0374,0.1693,219000000.0,0.033,0.0786
E01,ED,衝擊後,2015-09-30,3443000000,0.0156,,830000000.0,0.0134,0.2411,428000000.0,-0.0183,0.1243
E01,ED,衝擊後,2016-03-31,3156000000,-0.1272,,642000000.0,-0.1157,0.2034,310000000.0,-0.1622,0.0982
E01,ED,衝擊後,2016-06-30,2794000000,0.0022,,515000000.0,0.0911,0.1843,232000000.0,0.0594,0.083
E01,ED,衝擊後,2016-09-30,3417000000,-0.0076,,940000000.0,0.1325,0.2751,497000000.0,0.1612,0.1454
E01,ED,衝擊後,2017-03-31,3228000000,0.0228,,812000000.0,0.2648,0.2515,388000000.0,0.2516,0.1202
E01,ED,衝擊後,2017-06-30,2633000000,-0.0576,,464000000.0,-0.099,0.1762,175000000.0,-0.2457,0.0665
E01,ED,衝擊後,2017-09-30,3211000000,-0.0603,,914000000.0,-0.0277,0.2846,457000000.0,-0.0805,0.1423
E01,ED,衝擊後,2018-03-31,3333000000,0.0325,,755000000.0,-0.0702,0.2265,428000000.0,0.1031,0.1284
E01,ED,衝擊後,2018-06-30,2582000000,-0.0194,,426000000.0,-0.0819,0.165,188000000.0,0.0743,0.0728
E01,ED,衝擊後,2018-09-30,3298000000,0.0271,,826000000.0,-0.0963,0.2505,435000000.0,-0.0481,0.1319
E01,ED,衝擊後,2019-03-31,3328000000,-0.0015,,786000000.0,0.0411,0.2362,445000000.0,0.0397,0.1337
E01,ED,衝擊後,2019-06-30,2604000000,0.0085,,458000000.0,0.0751,0.1759,179000000.0,-0.0479,0.0687
E01,ED,衝擊後,2019-09-30,3337000000,0.0118,,867000000.0,0.0496,0.2598,473000000.0,0.0874,0.1417
E01,ED,衝擊後,2020-03-31,3157000000,-0.0514,,808000000.0,0.028,0.2559,392000000.0,-0.1191,0.1242
E01,ED,衝擊後,2020-06-30,2627000000,0.0088,,479000000.0,0.0459,0.1823,202000000.0,0.1285,0.0769
E01,ED,衝擊後,2020-09-30,3338000000,0.0003,,860000000.0,-0.0081,0.2576,493000000.0,0.0423,0.1477
E01,ED,衝擊後,2021-03-31,3602000000,0.141,,860000000.0,0.0644,0.2388,420000000.0,0.0714,0.1166
E01,ED,衝擊後,2021-06-30,2950000000,0.123,,418000000.0,-0.1273,0.1417,118000000.0,-0.4158,0.04
E01,ED,衝擊後,2021-09-30,3659000000,0.0962,,850000000.0,-0.0116,0.2323,538000000.0,0.0913,0.147
E01,ED,衝擊後,2022-03-31,3953000000,0.0974,,799000000.0,-0.0709,0.2021,554000000.0,0.319,0.1401
E01,ED,衝擊後,2022-06-30,3381000000,0.1461,,387000000.0,-0.0742,0.1145,254000000.0,1.1525,0.0751
E01,ED,衝擊後,2022-09-30,4162000000,0.1375,,889000000.0,0.0459,0.2136,613000000.0,0.1394,0.1473
E01,ED,衝擊後,2023-03-31,4222000000,0.068,,1739000000.0,1.1765,0.4119,1430000000.0,1.5812,0.3387
E01,ED,衝擊後,2023-06-30,2773000000,-0.1798,,284000000.0,-0.2661,0.1024,226000000.0,-0.1102,0.0815
E01,ED,衝擊後,2023-09-30,3853000000,-0.0742,,722000000.0,-0.1879,0.1874,526000000.0,-0.1419,0.1365
E01,ED,衝擊後,2024-03-31,4279000000,0.0135,,1011000000.0,-0.4186,0.2363,720000000.0,-0.4965,0.1683
E01,ED,衝擊後,2024-06-30,3300000000,0.19,,320000000.0,0.1268,0.097,202000000.0,-0.1062,0.0612
E01,ED,衝擊後,2024-09-30,4225000000,0.0965,,862000000.0,0.1939,0.204,588000000.0,0.1179,0.1392
E01,ED,衝擊後,2025-03-31,4887000000,0.1421,,1125000000.0,0.1128,0.2302,791000000.0,0.0986,0.1619
E01,ED,衝擊後,2025-06-30,3629000000,0.0997,,355000000.0,0.1094,0.0978,246000000.0,0.2178,0.0678
E01,ED,衝擊後,2025-09-30,4568000000,0.0812,,968000000.0,0.123,0.2119,688000000.0,0.1701,0.1506
E01,ED,衝擊後,2026-03-31,5231000000,0.0704,,1177000000.0,0.0462,0.225,924000000.0,0.1681,0.1766
E06,RMD,衝擊前,2017-09-30,523659000,,0.1353,112558000.0,0.1956,0.2149,86125000.0,0.1316,0.1645
E06,RMD,衝擊前,2017-12-31,601273000,,0.1318,146016000.0,0.507,0.2428,9527000.0,-0.8759,0.0158
E06,RMD,衝擊前,2018-03-31,591634000,,0.1487,136373000.0,0.2698,0.2305,110125000.0,0.2539,0.1861
E06,RMD,衝擊前,2018-09-30,588279000,0.1234,0.1227,144132000.0,0.2805,0.245,105738000.0,0.2277,0.1797
E06,RMD,衝擊前,2018-12-31,651100000,0.0829,0.0707,157078000.0,0.0758,0.2413,124639000.0,12.0827,0.1914
E06,RMD,衝擊前,2019-03-31,662228000,0.1193,0.1065,156977000.0,0.1511,0.237,105416000.0,-0.0428,0.1592
E06,RMD,衝擊前,2019-09-30,681056000,0.1577,0.1414,171102000.0,0.1871,0.2512,120148000.0,0.1363,0.1764
E06,RMD,衝擊前,2019-12-31,736157000,0.1306,0.1404,197809000.0,0.2593,0.2687,160554000.0,0.2882,0.2181
E06,RMD,衝擊前,2020-03-31,769455000,0.1619,0.1803,217500000.0,0.3856,0.2827,163137000.0,0.5476,0.212
E06,RMD,衝擊前,2020-09-30,751944000,0.1041,0.1201,216896000.0,0.2676,0.2884,178372000.0,0.4846,0.2372
E06,RMD,衝擊前,2020-12-31,800011000,0.0867,0.0828,221716000.0,0.1209,0.2771,179514000.0,0.1181,0.2244
E06,RMD,衝擊前,2021-03-31,768767000,-0.0009,-0.0053,223426000.0,0.0272,0.2906,-78481000.0,-1.4811,-0.1021
E06,RMD,衝擊前,2021-09-30,904015000,0.2022,0.1542,261913000.0,0.2076,0.2897,203613000.0,0.1415,0.2252
E06,RMD,衝擊前,2021-12-31,894874000,0.1186,0.0905,248711000.0,0.1218,0.2779,201751000.0,0.1239,0.2255
E06,RMD,衝擊前,2022-03-31,864500000,0.1245,0.0982,234265000.0,0.0485,0.271,179012000.0,-3.281,0.2071
E06,RMD,衝擊前,2022-09-30,950294000,0.0512,0.0682,275739000.0,0.0528,0.2902,210478000.0,0.0337,0.2215
E06,RMD,衝擊前,2022-12-31,1033744000,0.1552,0.1495,280194000.0,0.1266,0.271,224914000.0,0.1148,0.2176
E06,RMD,衝擊前,2023-03-31,1116898000,0.292,0.2576,300671000.0,0.2835,0.2692,232500000.0,0.2988,0.2082
E06,RMD,衝擊前,2023-09-30,1102321000,0.16,0.1096,288997000.0,0.0481,0.2622,219422000.0,0.0425,0.1991
E06,RMD,衝擊後,2023-12-31,1162801000,0.1248,0.116,275094000.0,-0.0182,0.2366,208800000.0,-0.0716,0.1796
E06,RMD,衝擊後,2024-03-31,1196980000,0.0717,0.1215,374584000.0,0.2458,0.3129,300492000.0,0.2924,0.251
E06,RMD,衝擊後,2024-09-30,1224509000,0.1108,0.1952,387312000.0,0.3402,0.3163,311355000.0,0.419,0.2543
E06,RMD,衝擊後,2024-12-31,1282089000,0.1026,0.1613,417243000.0,0.5167,0.3254,344622000.0,0.6505,0.2688
E06,RMD,衝擊後,2025-03-31,1291736000,0.0792,0.1063,426268000.0,0.138,0.33,365041000.0,0.2148,0.2826
E06,RMD,衝擊後,2025-09-30,1335582000,0.0907,0.1444,446537000.0,0.1529,0.3343,348536000.0,0.1194,0.261
E06,RMD,衝擊後,2025-12-31,1422808000,0.1098,0.1696,491660000.0,0.1784,0.3456,392593000.0,0.1392,0.2759
E06,RMD,衝擊後,2026-03-31,1431406000,0.1081,0.1625,499810000.0,0.1725,0.3492,398732000.0,0.0923,0.2786
E06,KO,衝擊前,2017-09-29,9078000000,,-0.1258,2245000000.0,-0.0114,0.2473,1447000000.0,0.3834,0.1594
E06,KO,衝擊前,2018-03-30,7626000000,,-0.1279,1811000000.0,-0.0774,0.2375,1368000000.0,0.1574,0.1794
E06,KO,衝擊前,2018-06-29,9421000000,,-0.0273,2766000000.0,0.3579,0.2936,2316000000.0,0.6893,0.2458
E06,KO,衝擊前,2018-09-28,8775000000,-0.0334,-0.0449,2614000000.0,0.1644,0.2979,1880000000.0,0.2992,0.2142
E06,KO,衝擊前,2019-03-29,8694000000,0.14,0.0902,2435000000.0,0.3446,0.2801,1678000000.0,0.2266,0.193
E06,KO,衝擊前,2019-06-28,9997000000,0.0611,0.0337,2988000000.0,0.0803,0.2989,2607000000.0,0.1256,0.2608
E06,KO,衝擊前,2019-09-27,9507000000,0.0834,0.0573,2499000000.0,-0.044,0.2629,2593000000.0,0.3793,0.2727
E06,KO,衝擊前,2020-03-27,8601000000,-0.0107,-0.0186,2380000000.0,-0.0226,0.2767,2775000000.0,0.6538,0.3226
E06,KO,衝擊前,2020-06-26,7150000000,-0.2848,-0.3191,1981000000.0,-0.337,0.2771,1779000000.0,-0.3176,0.2488
E06,KO,衝擊前,2020-09-25,8652000000,-0.0899,-0.0974,2298000000.0,-0.0804,0.2656,1737000000.0,-0.3301,0.2008
E06,KO,衝擊前,2021-04-02,9020000000,0.0487,0.0545,2722000000.0,0.1437,0.3018,2245000000.0,-0.191,0.2489
E06,KO,衝擊前,2021-07-02,10129000000,0.4166,0.533,3016000000.0,0.5225,0.2978,2641000000.0,0.4845,0.2607
E06,KO,衝擊前,2021-10-01,10042000000,0.1607,0.1706,2898000000.0,0.2611,0.2886,2471000000.0,0.4226,0.2461
E06,KO,衝擊前,2022-04-01,10491000000,0.1631,0.1605,3405000000.0,0.2509,0.3246,2781000000.0,0.2388,0.2651
E06,KO,衝擊前,2022-07-01,11325000000,0.1181,0.0241,2341000000.0,-0.2238,0.2067,1905000000.0,-0.2787,0.1682
E06,KO,衝擊前,2022-09-30,11063000000,0.1017,0.0712,3088000000.0,0.0656,0.2791,2825000000.0,0.1433,0.2554
E06,KO,衝擊前,2023-03-31,10980000000,0.0466,0.0411,3367000000.0,-0.0112,0.3066,3107000000.0,0.1172,0.283
E06,KO,衝擊前,2023-06-30,11972000000,0.0571,0.087,2401000000.0,0.0256,0.2006,2547000000.0,0.337,0.2127
E06,KO,衝擊前,2023-09-29,11953000000,0.0804,0.123,3270000000.0,0.0589,0.2736,3087000000.0,0.0927,0.2583
E06,KO,衝擊後,2024-03-29,11300000000,0.0291,0.0603,2141000000.0,-0.3641,0.1895,3177000000.0,0.0225,0.2812
E06,KO,衝擊後,2024-06-28,12363000000,0.0327,0.0695,2632000000.0,0.0962,0.2129,2411000000.0,-0.0534,0.195
E06,KO,衝擊後,2024-09-27,11854000000,-0.0083,-0.0145,2510000000.0,-0.2324,0.2117,2848000000.0,-0.0774,0.2403
E06,KO,衝擊後,2025-03-28,11129000000,-0.0151,-0.014,3659000000.0,0.709,0.3288,3330000000.0,0.0482,0.2992
E06,KO,衝擊後,2025-06-27,12535000000,0.0139,0.0358,4280000000.0,0.6261,0.3414,3810000000.0,0.5803,0.3039
E06,KO,衝擊後,2025-09-26,12455000000,0.0507,0.0651,3982000000.0,0.5865,0.3197,3696000000.0,0.2978,0.2967
E06,KO,衝擊後,2026-04-03,12472000000,0.1207,0.1272,4359000000.0,0.1913,0.3495,3924000000.0,0.1784,0.3146
E06,MDLZ,衝擊前,2008-06-30,10804000000,,,1423000000.0,,0.1317,745000000.0,,0.069
E06,MDLZ,衝擊前,2008-09-30,10401000000,,,1023000000.0,,0.0984,1362000000.0,,0.1309
E06,MDLZ,衝擊前,2009-03-31,8979000000,,,1175000000.0,,0.1309,660000000.0,,0.0735
E06,MDLZ,衝擊前,2009-06-30,9781000000,-0.0947,-0.092,1456000000.0,0.0232,0.1489,827000000.0,0.1101,0.0846
E06,MDLZ,衝擊前,2009-09-30,9397000000,-0.0965,0.0221,1339000000.0,0.3089,0.1425,824000000.0,-0.395,0.0877
E06,MDLZ,衝擊前,2010-03-31,11318000000,0.2605,0.319,1206000000.0,0.0264,0.1066,1883000000.0,1.853,0.1664
E06,MDLZ,衝擊前,2010-06-30,12253000000,0.2527,0.3366,1701000000.0,0.1683,0.1388,937000000.0,0.133,0.0765
E06,MDLZ,衝擊前,2010-09-30,11863000000,0.2624,0.2792,1519000000.0,0.1344,0.128,754000000.0,-0.085,0.0636
E06,MDLZ,衝擊前,2010-12-31,13773000000,,,,,,540000000.0,,0.0392
E06,MDLZ,衝擊前,2011-03-31,8190000000,-0.2764,-0.2382,1646000000.0,0.3648,0.201,799000000.0,-0.5757,0.0976
E06,MDLZ,衝擊前,2011-06-30,9163000000,-0.2522,-0.2942,1806000000.0,0.0617,0.1971,976000000.0,0.0416,0.1065
E06,MDLZ,衝擊前,2011-09-30,8778000000,-0.2601,-0.2486,1698000000.0,0.1178,0.1934,922000000.0,0.2228,0.105
E06,MDLZ,衝擊前,2011-12-31,9679000000,-0.2972,-0.2862,,,,830000000.0,0.537,0.0858
E06,MDLZ,衝擊前,2012-03-31,8667000000,0.0582,0.0257,903000000.0,-0.4514,0.1042,812000000.0,0.0163,0.0937
E06,MDLZ,衝擊前,2012-06-30,8527000000,-0.0694,-0.0308,937000000.0,-0.4812,0.1099,1029000000.0,0.0543,0.1207
E06,MDLZ,衝擊前,2012-09-30,8326000000,-0.0515,-0.0391,838000000.0,-0.5065,0.1006,657000000.0,-0.2874,0.0789
E06,MDLZ,衝擊前,2012-12-31,9495000000,-0.019,0.0365,,,,569000000.0,-0.3145,0.0599
E06,MDLZ,衝擊前,2013-03-31,8744000000,0.0089,0.0147,834000000.0,-0.0764,0.0954,536000000.0,-0.3399,0.0613
E06,MDLZ,衝擊前,2013-06-30,8595000000,0.008,0.0062,865000000.0,-0.0768,0.1006,601000000.0,-0.4159,0.0699
E06,MDLZ,衝擊前,2013-09-30,8472000000,0.0175,0.0077,1262000000.0,0.506,0.149,1012000000.0,0.5403,0.1195
E06,MDLZ,衝擊前,2013-12-31,9488000000,-0.0007,-0.0161,,,,1766000000.0,2.1037,0.1861
E06,MDLZ,衝擊前,2014-03-31,8641000000,-0.0118,-0.0117,843000000.0,0.0108,0.0976,163000000.0,-0.6959,0.0189
E06,MDLZ,衝擊前,2014-06-30,8436000000,-0.0185,-0.039,957000000.0,0.1064,0.1134,622000000.0,0.0349,0.0737
E06,MDLZ,衝擊前,2014-09-30,8337000000,-0.0159,-0.0006,853000000.0,-0.3241,0.1023,899000000.0,-0.1117,0.1078
E06,MDLZ,衝擊前,2014-12-31,8830000000,-0.0694,-0.0993,,,,500000000.0,-0.7169,0.0566
E06,MDLZ,衝擊前,2015-03-31,7762000000,-0.1017,-0.0821,811000000.0,-0.038,0.1045,324000000.0,0.9877,0.0417
E06,MDLZ,衝擊前,2015-06-30,7661000000,-0.0919,-0.0126,841000000.0,-0.1212,0.1098,406000000.0,-0.3473,0.053
E06,MDLZ,衝擊前,2015-09-30,6849000000,-0.1785,-0.1502,7802000000.0,8.1465,1.1391,7266000000.0,7.0823,1.0609
E06,MDLZ,衝擊前,2015-12-31,7364000000,-0.166,-0.0989,,,,-729000000.0,-2.458,-0.099
E06,MDLZ,衝擊前,2016-03-31,6455000000,-0.1684,-0.138,722000000.0,-0.1097,0.1119,554000000.0,0.7099,0.0858
E06,MDLZ,衝擊前,2016-06-30,6302000000,-0.1774,-0.1794,638000000.0,-0.2414,0.1012,464000000.0,0.1429,0.0736
E06,MDLZ,衝擊前,2016-09-30,6396000000,-0.0661,-0.0682,702000000.0,-0.91,0.1098,548000000.0,-0.9246,0.0857
E06,MDLZ,衝擊前,2016-12-31,6770000000,-0.0807,-0.0868,,,,93000000.0,-1.1276,0.0137
E06,MDLZ,衝擊前,2017-03-31,6414000000,-0.0064,-0.0067,825000000.0,0.1427,0.1286,654000000.0,0.1805,0.102
E06,MDLZ,衝擊前,2017-06-30,5986000000,-0.0501,-0.0803,636000000.0,-0.0031,0.1062,498000000.0,0.0733,0.0832
E06,MDLZ,衝擊前,2017-09-30,6530000000,0.021,0.0245,1171000000.0,0.6681,0.1793,981000000.0,0.7901,0.1502
E06,MDLZ,衝擊前,2017-12-31,6966000000,0.029,0.0247,,,,695000000.0,6.4731,0.0998
E06,MDLZ,衝擊前,2018-03-31,6765000000,0.0547,0.1315,1224000000.0,0.4836,0.1809,1046000000.0,0.5994,0.1546
E06,MDLZ,衝擊前,2018-06-30,6112000000,0.021,0.0977,481000000.0,-0.2437,0.0787,318000000.0,-0.3614,0.052
E06,MDLZ,衝擊前,2018-09-30,6288000000,-0.0371,-0.053,737000000.0,-0.3706,0.1172,1194000000.0,0.2171,0.1899
E06,MDLZ,衝擊前,2018-12-31,6773000000,-0.0277,-0.0392,,,,823000000.0,0.1842,0.1215
E06,MDLZ,衝擊前,2019-03-31,6538000000,-0.0336,-0.0899,1036000000.0,-0.1536,0.1585,967000000.0,-0.0755,0.1479
E06,MDLZ,衝擊前,2019-06-30,6062000000,-0.0082,-0.028,1025000000.0,1.131,0.1691,803000000.0,1.5252,0.1325
E06,MDLZ,衝擊前,2019-09-30,6355000000,0.0107,0.0423,876000000.0,0.1886,0.1378,1426000000.0,0.1943,0.2244
E06,MDLZ,衝擊前,2019-12-31,6913000000,0.0207,0.0824,,,,733000000.0,-0.1094,0.106
E06,MDLZ,衝擊前,2020-03-31,6707000000,0.0258,-0.0548,856000000.0,-0.1737,0.1276,736000000.0,-0.2389,0.1097
E06,MDLZ,衝擊前,2020-06-30,5911000000,-0.0249,-0.0559,713000000.0,-0.3044,0.1206,544000000.0,-0.3225,0.092
E06,MDLZ,衝擊前,2020-09-30,6665000000,0.0488,0.1097,1135000000.0,0.2957,0.1703,1119000000.0,-0.2153,0.1679
E06,MDLZ,衝擊前,2020-12-31,7298000000,0.0557,0.041,,,,1156000000.0,0.5771,0.1584
E06,MDLZ,衝擊前,2021-03-31,7238000000,0.0792,0.2101,1283000000.0,0.4988,0.1773,961000000.0,0.3057,0.1328
E06,MDLZ,衝擊前,2021-06-30,6642000000,0.1237,0.1287,872000000.0,0.223,0.1313,1078000000.0,0.9816,0.1623
E06,MDLZ,衝擊前,2021-09-30,7182000000,0.0776,0.0115,1294000000.0,0.1401,0.1802,1258000000.0,0.1242,0.1752
E06,MDLZ,衝擊前,2022-03-31,7764000000,0.0727,0.0057,1094000000.0,-0.1473,0.1409,855000000.0,-0.1103,0.1101
E06,MDLZ,衝擊前,2022-06-30,7274000000,0.0952,0.0038,927000000.0,0.0631,0.1274,747000000.0,-0.3071,0.1027
E06,MDLZ,衝擊前,2022-09-30,7763000000,0.0809,-0.0747,679000000.0,-0.4753,0.0875,532000000.0,-0.5771,0.0685
E06,MDLZ,衝擊前,2023-03-31,9166000000,0.1806,0.1552,1505000000.0,0.3757,0.1642,2081000000.0,1.4339,0.227
E06,MDLZ,衝擊前,2023-06-30,8507000000,0.1695,0.27,1425000000.0,0.5372,0.1675,944000000.0,0.2637,0.111
E06,MDLZ,衝擊前,2023-09-30,9029000000,0.1631,0.3372,1379000000.0,1.0309,0.1527,984000000.0,0.8496,0.109
E06,MDLZ,衝擊後,2024-03-31,9290000000,0.0135,0.3784,2727000000.0,0.812,0.2935,1412000000.0,-0.3215,0.152
E06,MDLZ,衝擊後,2024-06-30,8343000000,-0.0193,-0.1661,854000000.0,-0.4007,0.1024,601000000.0,-0.3633,0.072
E06,MDLZ,衝擊後,2024-09-30,9204000000,0.0194,-0.1417,1153000000.0,-0.1639,0.1253,853000000.0,-0.1331,0.0927
E06,MDLZ,衝擊後,2025-03-31,9313000000,0.0025,-0.4884,680000000.0,-0.7506,0.073,402000000.0,-0.7153,0.0432
E06,MDLZ,衝擊後,2025-06-30,8984000000,0.0768,0.0501,1172000000.0,0.3724,0.1305,641000000.0,0.0666,0.0713
E06,MDLZ,衝擊後,2025-09-30,9744000000,0.0587,-0.129,744000000.0,-0.3547,0.0764,743000000.0,-0.129,0.0763
E06,MDLZ,衝擊後,2026-03-31,10080000000,0.0824,0.1535,808000000.0,0.1882,0.0802,560000000.0,0.393,0.0556
E07,MU,衝擊前,2016-12-01,3970000000,,0.1908,359000000.0,0.5474,0.0904,180000000.0,-0.1262,0.0453
E07,MU,衝擊前,2017-03-02,4648000000,,1.943,1044000000.0,-209.8,0.2246,894000000.0,-10.2165,0.1923
E07,MU,衝擊前,2017-06-01,5566000000,,4.239,1963000000.0,-73.7037,0.3527,1647000000.0,-8.6605,0.2959
E07,MU,衝擊前,2017-08-31,6138000000,,4.3748,2502000000.0,-79.1875,0.4076,2368000000.0,-14.9294,0.3858
E07,MU,衝擊前,2017-11-30,6803000000,0.7136,2.7062,3097000000.0,7.6267,0.4552,2678000000.0,13.8778,0.3936
E07,MU,衝擊前,2018-03-01,7351000000,0.5815,1.5059,3567000000.0,2.4167,0.4852,3309000000.0,2.7013,0.4501
E07,MU,衝擊前,2018-05-31,7797000000,0.4008,0.8103,3953000000.0,1.0138,0.507,3823000000.0,1.3212,0.4903
E07,MU,衝擊前,2018-08-30,8440000000,0.375,0.6552,4377000000.0,0.7494,0.5186,4325000000.0,0.8264,0.5124
E07,MU,衝擊前,2018-11-29,7913000000,0.1632,0.2317,3759000000.0,0.2138,0.475,3293000000.0,0.2296,0.4162
E07,MU,衝擊前,2019-02-28,5835000000,-0.2062,-0.3293,1957000000.0,-0.4514,0.3354,1619000000.0,-0.5107,0.2775
E07,MU,衝擊前,2019-05-30,4788000000,-0.3859,-0.613,1010000000.0,-0.7445,0.2109,840000000.0,-0.7803,0.1754
E07,MU,衝擊前,2019-08-29,4870000000,-0.423,-0.7292,650000000.0,-0.8515,0.1335,561000000.0,-0.8703,0.1152
E07,MU,衝擊前,2019-11-28,5144000000,-0.3499,-0.704,518000000.0,-0.8622,0.1007,491000000.0,-0.8509,0.0955
E07,MU,衝擊前,2020-02-27,4797000000,-0.1779,-0.5269,440000000.0,-0.7752,0.0917,405000000.0,-0.7498,0.0844
E07,MU,衝擊前,2020-05-28,5438000000,0.1358,-0.0356,888000000.0,-0.1208,0.1633,803000000.0,-0.044,0.1477
E07,MU,衝擊前,2020-09-03,6056000000,0.2435,0.4824,1157000000.0,0.78,0.1911,988000000.0,0.7611,0.1631
E07,MU,衝擊前,2020-12-03,5773000000,0.1223,0.2709,866000000.0,0.6718,0.15,803000000.0,0.6354,0.1391
E07,MU,衝擊前,2021-03-04,6236000000,0.3,0.217,663000000.0,0.5068,0.1063,603000000.0,0.4889,0.0967
E07,MU,衝擊前,2021-06-03,7422000000,0.3648,0.7731,1799000000.0,1.0259,0.2424,1735000000.0,1.1606,0.2338
E07,MU,衝擊前,2021-12-02,7687000000,0.3315,1.0536,2631000000.0,2.0381,0.3423,2306000000.0,1.8717,0.3
E07,MU,衝擊前,2022-03-03,7786000000,0.2486,1.2292,2546000000.0,2.8401,0.327,2263000000.0,2.7529,0.2906
E07,MU,衝擊前,2022-06-02,8642000000,0.1644,0.2908,3004000000.0,0.6698,0.3476,2626000000.0,0.5135,0.3039
E07,MU,衝擊前,2022-12-01,4085000000,-0.4686,-0.7495,-209000000.0,-1.0794,-0.0512,-195000000.0,-1.0846,-0.0477
E07,MU,衝擊前,2023-03-02,3693000000,-0.5257,-1.3281,-2303000000.0,-1.9046,-0.6236,-2312000000.0,-2.0217,-0.626
E07,MU,衝擊前,2023-06-01,3752000000,-0.5658,-1.1656,-1761000000.0,-1.5862,-0.4693,-1896000000.0,-1.722,-0.5053
E07,MU,衝擊前,2023-11-30,4726000000,0.1569,-1.0392,-1128000000.0,4.3971,-0.2387,-1234000000.0,5.3282,-0.2611
E07,MU,衝擊前,2024-02-29,5824000000,0.577,-1.8947,191000000.0,-1.0829,0.0328,793000000.0,-1.343,0.1362
E07,MU,衝擊前,2024-05-30,6811000000,0.8153,-3.7425,719000000.0,-1.4083,0.1056,332000000.0,-1.1751,0.0487
E07,MU,衝擊前,2024-11-28,8709000000,0.8428,-96.6571,2174000000.0,-2.9273,0.2496,1870000000.0,-2.5154,0.2147
E07,MU,衝擊後,2025-02-27,8053000000,0.3827,1.7461,1773000000.0,8.2827,0.2202,1583000000.0,0.9962,0.1966
E07,MU,衝擊後,2025-05-29,9301000000,0.3656,0.9148,2169000000.0,2.0167,0.2332,1885000000.0,4.6777,0.2027
E07,MU,衝擊後,2025-11-27,13643000000,0.5665,1.2838,6136000000.0,1.8224,0.4498,5240000000.0,1.8021,0.3841
E07,MU,衝擊後,2026-02-26,23860000000,1.9629,4.9922,16135000000.0,8.1004,0.6762,13785000000.0,7.7081,0.5777
E07,MU,衝擊後,2026-05-28,41456000000,3.4572,8.9932,33318000000.0,14.361,0.8037,28243000000.0,13.983,0.6813
E08,AAPL,衝擊前,2016-12-31,78351000000,,-0.0081,23359000000.0,-0.0336,0.2981,17891000000.0,-0.0256,0.2283
E08,AAPL,衝擊前,2017-04-01,52896000000,,0.0336,14097000000.0,0.0079,0.2665,11029000000.0,0.0488,0.2085
E08,AAPL,衝擊前,2017-07-01,45408000000,,0.0858,10768000000.0,0.0656,0.2371,8717000000.0,0.1181,0.192
E08,AAPL,衝擊前,2017-09-30,52579000000,,0.1189,,,,10714000000.0,0.1886,0.2038
E08,AAPL,衝擊前,2017-12-30,88293000000,0.1269,0.1238,26274000000.0,0.1248,0.2976,20065000000.0,0.1215,0.2273
E08,AAPL,衝擊前,2018-03-31,61137000000,0.1558,0.1375,15894000000.0,0.1275,0.26,13822000000.0,0.2532,0.2261
E08,AAPL,衝擊前,2018-06-30,53265000000,0.173,0.1677,12612000000.0,0.1712,0.2368,11519000000.0,0.3214,0.2163
E08,AAPL,衝擊前,2018-09-29,62900000000,0.1963,0.2084,,,,14125000000.0,0.3184,0.2246
E08,AAPL,衝擊前,2018-12-29,84310000000,-0.0451,-0.0555,23346000000.0,-0.1114,0.2769,19965000000.0,-0.005,0.2368
E08,AAPL,衝擊前,2019-03-30,58015000000,-0.0511,-0.0684,13415000000.0,-0.156,0.2312,11561000000.0,-0.1636,0.1993
E08,AAPL,衝擊前,2019-06-29,53809000000,0.0102,-0.0095,11544000000.0,-0.0847,0.2145,10044000000.0,-0.128,0.1867
E08,AAPL,衝擊前,2019-09-28,64040000000,0.0181,0.0095,,,,13686000000.0,-0.0311,0.2137
E08,AAPL,衝擊前,2019-12-28,91819000000,0.0891,0.0995,25569000000.0,0.0952,0.2785,22236000000.0,0.1137,0.2422
E08,AAPL,衝擊前,2020-03-28,58313000000,0.0051,0.0252,12853000000.0,-0.0419,0.2204,11249000000.0,-0.027,0.1929
E08,AAPL,衝擊前,2020-06-27,59685000000,0.1092,0.1213,13091000000.0,0.134,0.2193,11253000000.0,0.1204,0.1885
E08,AAPL,衝擊前,2020-09-26,64698000000,0.0103,0.0155,,,,12673000000.0,-0.074,0.1959
E08,AAPL,衝擊前,2020-12-26,111439000000,0.2137,0.2587,33534000000.0,0.3115,0.3009,28755000000.0,0.2932,0.258
E08,AAPL,衝擊前,2021-03-27,89584000000,0.5363,0.7022,27503000000.0,1.1398,0.307,23630000000.0,1.1006,0.2638
E08,AAPL,衝擊前,2021-06-26,81434000000,0.3644,0.5545,24126000000.0,0.8429,0.2963,21744000000.0,0.9323,0.267
E08,AAPL,衝擊前,2021-12-25,123945000000,0.1122,0.2237,41488000000.0,0.2372,0.3347,34630000000.0,0.2043,0.2794
E08,AAPL,衝擊前,2022-03-26,97278000000,0.0859,0.1177,29979000000.0,0.09,0.3082,25010000000.0,0.0584,0.2571
E08,AAPL,衝擊前,2022-06-25,82959000000,0.0187,0.0179,23076000000.0,-0.0435,0.2782,19442000000.0,-0.1059,0.2344
E08,AAPL,衝擊前,2022-12-31,117154000000,-0.0548,-0.0721,36016000000.0,-0.1319,0.3074,29998000000.0,-0.1338,0.2561
E08,AAPL,衝擊前,2023-04-01,94836000000,-0.0251,-0.0137,28318000000.0,-0.0554,0.2986,24160000000.0,-0.034,0.2548
E08,AAPL,衝擊前,2023-07-01,81797000000,-0.014,0.0147,22998000000.0,-0.0034,0.2812,19881000000.0,0.0226,0.2431
E08,AAPL,衝擊前,2023-12-30,119575000000,0.0207,0.0899,40373000000.0,0.121,0.3376,33916000000.0,0.1306,0.2836
E08,AAPL,衝擊前,2024-03-30,90753000000,-0.0431,0.007,27900000000.0,-0.0148,0.3074,23636000000.0,-0.0217,0.2604
E08,AAPL,衝擊前,2024-06-29,85777000000,0.0487,0.0897,25352000000.0,0.1024,0.2956,21448000000.0,0.0788,0.25
E08,AAPL,衝擊前,2024-12-28,124300000000,0.0395,0.0623,42832000000.0,0.0609,0.3446,36330000000.0,0.0712,0.2923
E08,AAPL,衝擊前,2025-03-29,95359000000,0.0508,0.0614,29589000000.0,0.0605,0.3103,24780000000.0,0.0484,0.2599
E08,AAPL,衝擊後,2025-06-28,94036000000,0.0963,0.1018,28202000000.0,0.1124,0.2999,23434000000.0,0.0926,0.2492
E08,AAPL,衝擊後,2025-12-27,143756000000,0.1565,0.188,50852000000.0,0.1872,0.3537,42097000000.0,0.1587,0.2928
E08,AAPL,衝擊後,2026-03-28,111184000000,0.166,0.221,35885000000.0,0.2128,0.3228,29578000000.0,0.1936,0.266
E08,AAPL,衝擊後,2026-06-27,109417000000,0.1636,0.2528,35695000000.0,0.2657,0.3262,29789000000.0,0.2712,0.2723
E12,SWKS,衝擊前,2017-12-29,1051900000,,0.1571,383500000.0,0.1914,0.3646,70400000.0,-0.7269,0.0669
E12,SWKS,衝擊前,2018-03-30,913400000,,0.0783,289400000.0,0.0292,0.3168,276000000.0,0.2272,0.3022
E12,SWKS,衝擊前,2018-06-29,894300000,,-0.0044,306300000.0,0.0049,0.3425,286500000.0,0.1637,0.3204
E12,SWKS,衝擊前,2018-09-28,1008400000,,0.0094,,,,285500000.0,0.0149,0.2831
E12,SWKS,衝擊前,2018-12-28,972000000,-0.076,-0.0963,320900000.0,-0.1632,0.3301,284900000.0,3.0469,0.2931
E12,SWKS,衝擊前,2019-03-29,810400000,-0.1128,-0.1275,237600000.0,-0.179,0.2932,214000000.0,-0.2246,0.2641
E12,SWKS,衝擊後,2019-06-28,767000000,-0.1423,-0.308,159600000.0,-0.4789,0.2081,144100000.0,-0.497,0.1879
E12,SWKS,衝擊後,2019-09-27,827400000,-0.1795,-0.1938,,,,210600000.0,-0.2623,0.2545
E12,SWKS,衝擊後,2019-12-27,896100000,-0.0781,-0.0841,277300000.0,-0.1359,0.3095,257100000.0,-0.0976,0.2869
E12,SWKS,衝擊後,2020-03-27,766100000,-0.0547,-0.0615,199500000.0,-0.1604,0.2604,181100000.0,-0.1537,0.2364
E12,SWKS,衝擊後,2020-06-26,736800000,-0.0394,0.0691,147500000.0,-0.0758,0.2002,129700000.0,-0.0999,0.176
E12,SWKS,衝擊後,2020-10-02,956800000,0.1564,0.1303,,,,246900000.0,0.1724,0.258
E12,SWKS,衝擊後,2021-01-01,1510000000,0.6851,0.7144,570700000.0,1.0581,0.3779,509300000.0,0.9809,0.3373
E12,SWKS,衝擊後,2021-04-02,1171800000,0.5296,0.5399,374700000.0,0.8782,0.3198,325000000.0,0.7946,0.2774
E12,SWKS,衝擊後,2021-07-02,1116400000,0.5152,0.672,339800000.0,1.3037,0.3044,337800000.0,1.6045,0.3026
E12,SWKS,衝擊後,2021-12-31,1510400000,0.0003,-0.0617,445900000.0,-0.2187,0.2952,399900000.0,-0.2148,0.2648
E12,SWKS,衝擊後,2022-04-01,1335600000,0.1398,0.1024,367300000.0,-0.0197,0.275,305800000.0,-0.0591,0.229
E12,SWKS,衝擊後,2022-07-01,1232600000,0.1041,0.0442,325800000.0,-0.0412,0.2643,267300000.0,-0.2087,0.2169
E12,SWKS,衝擊後,2022-12-30,1329300000,-0.1199,-0.1077,367000000.0,-0.1769,0.2761,309400000.0,-0.2263,0.2328
E12,SWKS,衝擊後,2023-03-31,1153100000,-0.1366,-0.1728,273300000.0,-0.2559,0.237,232800000.0,-0.2387,0.2019
E12,SWKS,衝擊後,2023-06-30,1071200000,-0.1309,-0.2044,230700000.0,-0.2919,0.2154,195800000.0,-0.2675,0.1828
E12,SWKS,衝擊後,2023-12-29,1201500000,-0.0961,-0.2056,258300000.0,-0.2962,0.215,231300000.0,-0.2524,0.1925
E12,SWKS,衝擊後,2024-03-29,1046000000,-0.0929,-0.2031,189200000.0,-0.3077,0.1809,183300000.0,-0.2126,0.1752
E12,SWKS,衝擊後,2024-06-28,905500000,-0.1547,-0.2155,130400000.0,-0.4348,0.144,120900000.0,-0.3825,0.1335
E12,SWKS,衝擊後,2024-12-27,1068500000,-0.1107,-0.1277,181100000.0,-0.2989,0.1695,162000000.0,-0.2996,0.1516
E12,SWKS,衝擊後,2025-03-28,953200000,-0.0887,-0.0683,97300000.0,-0.4857,0.1021,68700000.0,-0.6252,0.0721
E12,SWKS,衝擊後,2025-06-27,965000000,0.0657,0.1013,110600000.0,-0.1518,0.1146,105000000.0,-0.1315,0.1088
E12,SWKS,衝擊後,2026-01-02,1035400000,-0.031,-0.0333,103800000.0,-0.4268,0.1003,79200000.0,-0.5111,0.0765
E12,SWKS,衝擊後,2026-04-03,943700000,-0.01,-0.0161,42100000.0,-0.5673,0.0446,35600000.0,-0.4818,0.0377
E12,SWKS,衝擊後,2026-07-03,934800000,-0.0313,-0.0648,48500000.0,-0.5615,0.0519,33900000.0,-0.6771,0.0363
E13,MSFT,衝擊前,2007-09-30,13762000000,,,,,,4289000000.0,,0.3117
E13,MSFT,衝擊前,2007-12-31,16367000000,,,,,,4707000000.0,,0.2876
E13,MSFT,衝擊前,2008-03-31,14454000000,,,,,,4388000000.0,,0.3036
E13,MSFT,衝擊前,2008-06-30,15837000000,,,,,,4297000000.0,,0.2713
E13,MSFT,衝擊前,2008-09-30,15061000000,0.0944,0.1016,5999000000.0,,0.3983,4373000000.0,0.0196,0.2904
E13,MSFT,衝擊前,2008-12-31,16629000000,0.016,-0.008,5939000000.0,,0.3571,4174000000.0,-0.1132,0.251
E13,MSFT,衝擊前,2009-03-31,13648000000,-0.0558,-0.0926,4438000000.0,,0.3252,2977000000.0,-0.3216,0.2181
E13,MSFT,衝擊前,2009-06-30,13099000000,-0.1729,-0.1895,,,,3045000000.0,-0.2914,0.2325
E13,MSFT,衝擊前,2009-09-30,12920000000,-0.1422,-0.1748,4482000000.0,-0.2529,0.3469,3574000000.0,-0.1827,0.2766
E13,MSFT,衝擊前,2009-12-31,19022000000,0.1439,0.21,8513000000.0,0.4334,0.4475,6662000000.0,0.5961,0.3502
E13,MSFT,衝擊前,2010-03-31,14503000000,0.0626,0.0844,5173000000.0,0.1656,0.3567,4006000000.0,0.3456,0.2762
E13,MSFT,衝擊前,2010-06-30,16039000000,0.2244,0.2241,,,,4518000000.0,0.4837,0.2817
E13,MSFT,衝擊前,2010-09-30,16195000000,0.2535,0.2955,7116000000.0,0.5877,0.4394,5410000000.0,0.5137,0.3341
E13,MSFT,衝擊前,2010-12-31,19953000000,0.0489,-0.0178,8165000000.0,-0.0409,0.4092,6634000000.0,-0.0042,0.3325
E13,MSFT,衝擊前,2016-09-30,21928000000,,0.0692,6715000000.0,0.1592,0.3062,5667000000.0,0.1561,0.2584
E13,MSFT,衝擊前,2016-12-31,25826000000,,0.1437,7905000000.0,0.3118,0.3061,6267000000.0,0.2489,0.2427
E13,MSFT,衝擊前,2017-03-31,23212000000,,0.1829,6723000000.0,0.2726,0.2896,5486000000.0,0.4606,0.2363
E13,MSFT,衝擊前,2017-06-30,25605000000,,0.3573,7682000000.0,1.4942,0.3,8069000000.0,1.5846,0.3151
E13,MSFT,衝擊前,2017-09-30,24538000000,0.119,0.1545,7708000000.0,0.1479,0.3141,6576000000.0,0.1604,0.268
E13,MSFT,衝擊前,2017-12-31,28918000000,0.1197,0.1211,8679000000.0,0.0979,0.3001,-6302000000.0,-2.0056,-0.2179
E13,MSFT,衝擊前,2018-03-31,26819000000,0.1554,0.1583,8292000000.0,0.2334,0.3092,7424000000.0,0.3533,0.2768
E13,MSFT,衝擊前,2018-06-30,30085000000,0.175,0.1862,10379000000.0,0.3511,0.345,8873000000.0,0.0996,0.2949
E13,MSFT,衝擊前,2018-09-30,29084000000,0.1853,0.1795,9955000000.0,0.2915,0.3423,8824000000.0,0.3418,0.3034
E13,MSFT,衝擊前,2018-12-31,32471000000,0.1229,0.1229,10258000000.0,0.1819,0.3159,8420000000.0,-2.3361,0.2593
E13,MSFT,衝擊前,2019-03-31,30571000000,0.1399,0.1625,10341000000.0,0.2471,0.3383,8809000000.0,0.1866,0.2881
E13,MSFT,衝擊前,2019-06-30,33717000000,0.1207,0.1456,12405000000.0,0.1952,0.3679,13187000000.0,0.4862,0.3911
E13,MSFT,衝擊前,2019-09-30,33055000000,0.1365,0.1809,12686000000.0,0.2743,0.3838,10678000000.0,0.2101,0.323
E13,MSFT,衝擊前,2019-12-31,36906000000,0.1366,0.2245,13891000000.0,0.3542,0.3764,11649000000.0,0.3835,0.3156
E13,MSFT,衝擊前,2020-03-31,35021000000,0.1456,0.1787,12975000000.0,0.2547,0.3705,10752000000.0,0.2206,0.307
E13,MSFT,衝擊前,2020-06-30,38033000000,0.128,0.1025,13407000000.0,0.0808,0.3525,11202000000.0,-0.1505,0.2945
E13,MSFT,衝擊前,2020-09-30,37154000000,0.124,0.1547,15876000000.0,0.2515,0.4273,13893000000.0,0.3011,0.3739
E13,MSFT,衝擊前,2020-12-31,43076000000,0.1672,0.1766,17897000000.0,0.2884,0.4155,15463000000.0,0.3274,0.359
E13,MSFT,衝擊前,2021-03-31,41706000000,0.1909,0.1919,17048000000.0,0.3139,0.4088,15457000000.0,0.4376,0.3706
E13,MSFT,衝擊前,2021-09-30,45317000000,0.2197,0.211,20238000000.0,0.2748,0.4466,20505000000.0,0.4759,0.4525
E13,MSFT,衝擊前,2021-12-31,51728000000,0.2009,0.2038,22247000000.0,0.2431,0.4301,18765000000.0,0.2135,0.3628
E13,MSFT,衝擊後,2022-03-31,49360000000,0.1835,0.1774,20364000000.0,0.1945,0.4126,16728000000.0,0.0822,0.3389
E13,MSFT,衝擊後,2022-09-30,50122000000,0.106,0.0947,21518000000.0,0.0632,0.4293,17556000000.0,-0.1438,0.3503
E13,MSFT,衝擊後,2022-12-31,52747000000,0.0197,0.0141,20399000000.0,-0.0831,0.3867,16425000000.0,-0.1247,0.3114
E13,MSFT,衝擊後,2023-03-31,52857000000,0.0708,0.0884,22352000000.0,0.0976,0.4229,18299000000.0,0.0939,0.3462
E13,MSFT,衝擊後,2023-09-30,56517000000,0.1276,0.1599,26895000000.0,0.2499,0.4759,22291000000.0,0.2697,0.3944
E13,MSFT,衝擊後,2023-12-31,62020000000,0.1758,0.2024,27032000000.0,0.3252,0.4359,21870000000.0,0.3315,0.3526
E13,MSFT,衝擊後,2024-03-31,61858000000,0.1703,0.1803,27581000000.0,0.2339,0.4459,21939000000.0,0.1989,0.3547
E13,MSFT,衝擊後,2024-09-30,65585000000,0.1604,0.1311,30552000000.0,0.136,0.4658,24667000000.0,0.1066,0.3761
E13,MSFT,衝擊後,2024-12-31,69632000000,0.1227,0.1282,31653000000.0,0.1709,0.4546,24108000000.0,0.1023,0.3462
E13,MSFT,衝擊後,2025-03-31,70066000000,0.1327,0.1106,32000000000.0,0.1602,0.4567,25824000000.0,0.1771,0.3686
E13,MSFT,衝擊後,2025-09-30,77673000000,0.1843,0.179,37961000000.0,0.2425,0.4887,27747000000.0,0.1249,0.3572
E13,MSFT,衝擊後,2025-12-31,81273000000,0.1672,0.156,38275000000.0,0.2092,0.4709,38458000000.0,0.5952,0.4732
E13,MSFT,衝擊後,2026-03-31,82886000000,0.183,0.1643,38398000000.0,0.1999,0.4633,31778000000.0,0.2306,0.3834
E14,DUOL,衝擊前,2020-06-30,40011000,,,82000.0,,0.002,40000.0,,0.001
E14,DUOL,衝擊前,2020-09-30,45305000,,,-3067000.0,,-0.0677,-3176000.0,,-0.0701
E14,DUOL,衝擊前,2021-03-31,55360000,,,-13414000.0,,-0.2423,-176000.0,,-0.0032
E14,DUOL,衝擊前,2021-06-30,58803000,0.4697,0.5129,-478000.0,-6.8293,-0.0081,-176000.0,-5.4,-0.003
E14,DUOL,衝擊前,2021-09-30,63595000,0.4037,0.4134,-28700000.0,8.3577,-0.4513,-28970000.0,8.1215,-0.4555
E14,DUOL,衝擊前,2022-03-31,81220000,0.4671,0.4806,-11847000.0,-0.1168,-0.1459,-12154000.0,68.0568,-0.1496
E14,DUOL,衝擊前,2022-06-30,88386000,0.5031,0.5121,-15034000.0,30.4519,-0.1701,-15045000.0,84.483,-0.1702
E14,DUOL,衝擊前,2022-09-30,96065000,0.5106,0.5327,-20162000.0,-0.2975,-0.2099,-18445000.0,-0.3633,-0.192
E14,DUOL,衝擊前,2023-03-31,115661000,0.424,0.4092,-8519000.0,-0.2809,-0.0737,-2582000.0,-0.7876,-0.0223
E14,DUOL,衝擊後,2023-06-30,126839000,0.4351,0.4423,-4865000.0,-0.6764,-0.0384,3725000.0,-1.2476,0.0294
E14,DUOL,衝擊後,2023-09-30,137624000,0.4326,0.4531,-4670000.0,-0.7684,-0.0339,2807000.0,-1.1522,0.0204
E14,DUOL,衝擊後,2024-03-31,167553000,0.4487,0.4538,16439000.0,-2.9297,0.0981,26956000.0,-11.44,0.1609
E14,DUOL,衝擊後,2024-06-30,178327000,0.4059,0.4076,18700000.0,-4.8438,0.1049,24351000.0,5.5372,0.1366
E14,DUOL,衝擊後,2024-09-30,192594000,0.3994,0.3852,13574000.0,-3.9066,0.0705,23360000.0,7.3221,0.1213
E14,DUOL,衝擊後,2025-03-31,230743000,0.3771,0.3411,23594000.0,0.4352,0.1023,35135000.0,0.3034,0.1523
E14,DUOL,衝擊後,2025-06-30,252265000,0.4146,0.394,33363000.0,0.7841,0.1323,44781000.0,0.839,0.1775
E14,DUOL,衝擊後,2025-09-30,271713000,0.4108,0.4024,35159000.0,1.5902,0.1294,292195000.0,11.5083,1.0754
E14,DUOL,衝擊後,2026-03-31,291967000,0.2653,0.2986,44527000.0,0.8872,0.1525,43460000.0,0.2369,0.1489
E14,DUOL,衝擊後,2026-06-30,298454000,0.1831,0.1871,33945000.0,0.0174,0.1137,33158000.0,-0.2596,0.1111
