group,holding_month,picks,retreat_to_spy,momentum_top3,gross_ret_pct,net_ret_pct,spy_ret_pct,ew9_ret_pct,turnover,hits_in_top3
main_12_1,2000-01,XLK|XLE|XLI,False,43.06|17.13|12.73,-5.693846093241976,-5.7438460932419755,-5.833563669721597,-5.650176722175408,0.5,1
main_12_1,2000-02,XLK|XLB|XLE,False,42.48|27.65|26.23,-0.9555462880675251,-0.9888796214008584,-1.5205642504048655,-5.80850279433909,0.3333333333333333,2
main_12_1,2000-03,XLK|XLE|XLI,False,48.44|28.35|12.11,11.619687776707565,11.586354443374232,9.35980493776254,11.556908675940711,0.3333333333333333,1
main_12_1,2000-04,XLK|XLE|XLI,False,52.69|7.69|3.74,-2.1025025568773352,-2.1025025568773352,-2.3729485615035406,-1.3746090353814109,0.0,1
main_12_1,2000-05,XLK|XLV|XLE,False,64.52|6.38|5.48,-0.856682212193168,-0.8900155455265013,-1.9616461472429236,0.2487314109498811,0.3333333333333333,1
main_12_1,2000-06,XLK|XLV|XLI,False,48.90|8.47|6.30,0.9561195684952247,0.9227862351618914,1.456238474450422,-1.6749111438909434,0.3333333333333333,1
main_12_1,2000-07,XLK|XLE|XLV,False,21.73|16.29|1.12,-2.811539541824333,-2.844872875157667,-1.2462509511091957,0.10951115676426124,0.3333333333333333,0
main_12_1,2000-08,XLK|XLE|XLV,False,35.42|7.85|4.45,8.128410910840733,8.128410910840733,6.701532983076808,4.786686130990134,0.0,1
main_12_1,2000-09,XLK|XLF|XLV,False,23.88|11.91|7.75,-6.042973496549687,-6.076306829883019,-5.6158440236747875,-1.580821203773423,0.3333333333333333,0
main_12_1,2000-10,XLK|XLF|XLE,False,37.05|30.07|19.31,-4.06195325598702,-4.095286589320353,-1.4079152069633283,1.85801211891522,0.3333333333333333,0
main_12_1,2000-11,XLE|XLF|XLU,False,23.10|15.02|11.07,-3.425138579370527,-3.4584719127038603,-6.370773593339507,-4.488706639427889,0.3333333333333333,1
main_12_1,2000-12,XLU|XLE|XLF,False,21.51|19.96|19.28,6.11184722271025,6.11184722271025,-0.5876104419242245,3.8377525981957623,0.0,2
main_12_1,2001-01,XLU|XLP|XLF,False,24.17|21.14|15.96,-3.8894360525569014,-3.9227693858902346,3.863617707438549,2.243306873119107,0.3333333333333333,0
main_12_1,2001-02,XLF|XLU|XLP,False,29.69|24.69|24.44,-2.198489267017112,-2.198489267017112,-9.518596633757316,-5.605954354066638,0.0,2
main_12_1,2001-03,XLF|XLU|XLP,False,44.90|33.96|30.66,-3.6184036750861313,-3.6184036750861313,-5.995016704883039,-4.915708037883197,0.0,1
main_12_1,2001-04,XLP|XLU|XLF,False,26.69|23.27|14.28,3.9668925186821338,3.9668925186821338,7.540850294849788,7.680558562344691,0.0,0
main_12_1,2001-05,XLU|XLP|XLF,False,14.04|11.96|9.79,1.465271308719407,1.465271308719407,0.903423585796026,1.688819232362251,0.0,1
main_12_1,2001-06,XLU|XLF|XLB,False,19.81|11.28|6.69,-2.9711061904348317,-3.0044395237681654,-2.417384166865999,-3.192220864582359,0.3333333333333333,1
main_12_1,2001-07,XLU|XLF|XLB,False,24.89|22.10|21.16,-0.5420564095093838,-0.5420564095093838,-0.6758691089874369,-0.06301474815832986,0.0,1
main_12_1,2001-08,XLU|XLB|XLF,False,16.81|15.96|11.41,-3.995912088736738,-3.995912088736738,-6.657370591660539,-5.663652318289266,0.0,2
main_12_1,2001-09,XLY|XLB|XLU,False,17.03|13.06|11.42,-8.363249211894146,-8.39658254522748,-8.397109961559735,-9.335906094566742,0.3333333333333333,1
main_12_1,2001-10,XLB|XLY|XLP,False,24.84|6.66|1.66,2.7226005750136157,2.689267241680282,2.5986072150763206,2.4336817961656836,0.3333333333333333,1
main_12_1,2001-11,XLB|XLP|XLY,False,1.18|-5.06|-5.63,8.549650130831761,8.549650130831761,6.613528486571307,6.20634456742945,0.0,1
main_12_1,2001-12,XLB|XLY|XLP,False,6.61|1.86|-8.81,0.8866028813151609,0.8866028813151609,1.6330388031293497,2.650456953523202,0.0,1
main_12_1,2002-01,XLY|XLB|XLV,False,7.83|5.29|-3.17,1.5355378984958237,1.5022045651624905,-1.7548359308440675,-1.1376846021026892,0.3333333333333333,2
main_12_1,2002-02,XLB|XLY|XLP,False,4.94|0.99|-2.84,2.1309528006714746,2.097619467338141,-1.2114628614127376,0.6846620483798188,0.3333333333333333,1
main_12_1,2002-03,XLY|XLB|XLF,False,12.33|6.02|-3.78,2.1662615766511335,2.1329282433178,2.5395970141207425,2.876995848456919,0.3333333333333333,1
main_12_1,2002-04,XLB|XLY|XLP,False,17.51|14.61|5.24,-2.4566788804432123,-2.4900122137765455,-5.480179200454483,-3.9775768049815676,0.3333333333333333,1
main_12_1,2002-05,XLY|XLB|XLP,False,10.92|9.45|4.90,0.9799251089898727,0.9799251089898727,-0.815069227610643,-0.05742976363995764,0.0,1
main_12_1,2002-06,XLY|XLB|XLP,False,5.31|0.42|-0.46,-5.701311170342879,-5.701311170342879,-7.062150204697881,-6.573587177467406,0.0,1
main_12_1,2002-07,XLB|XLY|XLP,False,9.17|5.60|3.21,-9.344549282842307,-9.344549282842307,-8.36864799971071,-9.569220672036616,0.0,1
main_12_1,2002-08,XLB|XLV|XLY,False,7.60|-4.14|-4.22,-0.06885440435728438,-0.1021877376906177,-0.1650319207318951,-0.01529876424501728,0.3333333333333333,1
main_12_1,2002-09,SPY,True,-1.94|-4.21|-7.56,-8.740737005402766,-8.840737005402765,-8.740737005402766,-8.469620943186024,1.0,0
main_12_1,2002-10,XLV|XLY|XLB,False,15.77|8.99|8.08,4.400986707083673,4.3009867070836725,7.181886823295902,5.2807104330130805,1.0,1
main_12_1,2002-11,XLV|XLY|XLB,False,8.05|-5.69|-8.43,9.147261163913074,9.147261163913074,8.058905820662755,7.491341170628201,0.0,2
main_12_1,2002-12,XLV|XLY|XLF,False,2.47|-11.16|-11.39,-6.743595642155493,-6.776928975488827,-6.476857265482439,-4.415150484492672,0.3333333333333333,0
main_12_1,2003-01,XLV|XLB|XLF,False,3.14|-0.78|-9.85,-2.933084976549642,-2.9664183098829753,-3.0500763518345186,-3.4346181330661425,0.3333333333333333,2
main_12_1,2003-02,XLV|XLB|XLE,False,0.00|-7.49|-11.53,-0.6680473709597605,-0.7013807042930937,-1.0215772834292203,-1.3081744379722315,0.3333333333333333,1
main_12_1,2003-03,SPY,True,-4.72|-13.35|-16.52,0.391382391403039,0.291382391403039,0.391382391403039,0.8473210202659639,1.0,0
main_12_1,2003-04,SPY,True,-11.95|-21.13|-21.16,7.824092274740124,7.824092274740124,7.824092274740124,7.234255314618959,0.0,0
main_12_1,2003-05,SPY,True,-8.25|-16.74|-18.09,6.103129951489361,6.103129951489361,6.103129951489361,6.66342853346385,0.0,0
main_12_1,2003-06,SPY,True,-6.53|-9.60|-12.00,0.07308664947720533,0.07308664947720533,0.07308664947720533,-0.3328917010053679,0.0,0
main_12_1,2003-07,XLK|XLV|XLF,False,7.43|2.75|-0.75,2.720800097875542,2.620800097875542,1.9948318717716518,1.665014198519674,1.0,1
main_12_1,2003-08,XLK|XLY|XLU,False,19.53|12.70|11.67,4.31499136981317,4.248324703146503,2.470015258525926,2.843376440644167,0.6666666666666666,2
main_12_1,2003-09,XLK|XLB|XLY,False,24.28|11.95|11.42,-3.477501101759147,-3.5108344350924803,-0.9987767786712065,-0.9674681350584703,0.3333333333333333,0
main_12_1,2003-10,XLK|XLB|XLY,False,56.30|32.22|28.58,8.392500342814401,8.392500342814401,5.496787226684341,5.117873988790812,0.0,3
main_12_1,2003-11,XLU|XLK|XLB,False,24.95|24.18|19.45,1.362755786882075,1.3294224535487418,1.0401777281112468,1.2203599376250325,0.3333333333333333,1
main_12_1,2003-12,XLU|XLY|XLF,False,22.26|19.60|18.50,4.732670253304231,4.666003586637564,5.070648057499372,6.0549980038125755,0.6666666666666666,0
main_12_1,2004-01,XLK|XLY|XLB,False,34.46|31.92|25.14,-0.5012894245348749,-0.5679560912015417,1.754115988425542,0.8938745719844691,0.6666666666666666,1
main_12_1,2004-02,XLB|XLK|XLY,False,44.63|42.03|41.93,1.730899438911689,1.730899438911689,1.52151672578551,2.5675781051119686,0.0,1
main_12_1,2004-03,XLK|XLI|XLB,False,47.38|42.98|42.00,-1.7491141963016525,-1.782447529634986,-1.7011193911041556,-1.325168574597984,0.3333333333333333,0
main_12_1,2004-04,XLB|XLF|XLK,False,48.49|46.23|45.85,-4.621192132659394,-4.6545254659927275,-1.5034681337102063,-1.3984535800605213,0.3333333333333333,0
main_12_1,2004-05,XLE|XLB|XLK,False,35.06|33.05|30.06,1.6050155001608262,1.5716821668274927,0.9786780258941308,0.7628441385065897,0.3333333333333333,2
main_12_1,2004-06,XLE|XLB|XLI,False,24.18|23.08|21.82,5.9997785550596285,5.966445221726295,1.9625356548072403,2.8810057275720986,0.3333333333333333,3
main_12_1,2004-07,XLE|XLB|XLI,False,25.41|25.41|22.26,-1.1655316322889,-1.1655316322889,-3.553591372890308,-2.8276761246378306,0.0,1
main_12_1,2004-08,XLE|XLI|XLB,False,38.12|25.65|22.10,0.38119598436942015,0.38119598436942015,0.6897141166739562,0.88291210066977,0.0,0
main_12_1,2004-09,XLE|XLU|XLI,False,33.83|18.68|17.57,3.923455060266353,3.8901217269330197,1.6018604897499955,1.9106393326446518,0.3333333333333333,1
main_12_1,2004-10,XLE|XLB|XLI,False,34.55|23.62|20.97,0.8026323694019085,0.7692990360685752,1.1580560793083006,1.6811618367373438,0.3333333333333333,0
main_12_1,2004-11,XLE|XLU|XLB,False,46.28|17.59|17.40,5.67108464240369,5.637751309070357,4.359085586782996,4.5784786895863725,0.3333333333333333,2
main_12_1,2004-12,XLE|XLU|XLI,False,46.02|23.04|15.28,0.7723717443566518,0.7390384110233185,3.3634029787840136,2.9661187046773057,0.3333333333333333,0
main_12_1,2005-01,XLE|XLU|XLI,False,37.82|20.62|14.90,1.3587579146613495,1.3587579146613495,-2.7229515878797295,-1.7339971404286607,0.0,2
main_12_1,2005-02,XLE|XLU|XLB,False,30.99|21.09|18.74,8.94606637958204,8.912733046248707,2.1733689599560124,3.4350522195437523,0.3333333333333333,2
main_12_1,2005-03,XLE|XLU|XLI,False,28.66|21.37|14.16,0.37538863468248307,0.34205530134914974,-1.426948177806564,-1.2457809200253251,0.3333333333333333,3
main_12_1,2005-04,XLE|XLU|XLB,False,51.20|22.66|20.81,-3.5372023253645115,-3.5705356586978447,-2.157966182274973,-2.0681825943976926,0.3333333333333333,1
main_12_1,2005-05,XLE|XLU|XLB,False,45.82|29.56|23.31,0.863000586849294,0.863000586849294,2.9723192735632065,2.324405797502218,0.0,1
main_12_1,2005-06,XLE|XLU|XLB,False,38.35|31.97|11.39,3.5979232018643468,3.5979232018643468,0.34482778806159686,0.794260241452438,0.0,2
main_12_1,2005-07,XLE|XLU|XLI,False,33.86|29.64|6.82,4.360290820299398,4.326957486966066,3.6668292626390597,4.0167137085408156,0.3333333333333333,1
main_12_1,2005-08,XLE|XLU|XLV,False,38.92|35.31|8.65,2.11361679557381,2.0802834622404767,-1.0579229182699823,-1.051683931828546,0.3333333333333333,3
main_12_1,2005-09,XLE|XLU|XLK,False,51.09|32.95|15.54,3.573781301318524,3.5404479679851906,0.7863464972815537,1.4767754064546679,0.3333333333333333,2
main_12_1,2005-10,XLE|XLU|XLK,False,46.44|32.97|11.21,-6.3560808211058655,-6.3560808211058655,-1.9356036676347221,-2.444767174335538,0.0,0
main_12_1,2005-11,XLE|XLU|XLV,False,54.72|32.16|12.77,1.4611666590873096,1.4278333257539764,4.511488113958428,4.024587700507292,0.3333333333333333,0
main_12_1,2005-12,XLE|XLU|XLV,False,31.85|18.42|7.22,1.9293424596473912,1.9293424596473912,-0.13197178822150768,0.025626276795304777,0.0,2
main_12_1,2006-01,XLE|XLU|XLF,False,37.70|15.39|6.18,5.497143055624121,5.4638097222907875,2.100792415386765,3.1975150157231056,0.3333333333333333,1
main_12_1,2006-02,XLE|XLU|XLV,False,35.59|13.97|9.84,-2.588924107428174,-2.622257440761507,0.6102071115774654,0.027085472657300484,0.3333333333333333,0
main_12_1,2006-03,XLE|XLU|XLF,False,33.07|14.28|10.25,0.26517533006998517,0.2318419967366518,1.5453353438806605,1.641164058075749,0.3333333333333333,1
main_12_1,2006-04,XLE|XLF|XLU,False,23.14|17.05|14.51,3.566721720295448,3.566721720295448,1.076341516586088,1.2366993086961788,0.0,2
main_12_1,2006-05,XLE|XLB|XLK,False,35.71|18.20|18.13,-5.4985524432234065,-5.565219109890074,-3.1110151725753266,-2.6531271579006193,0.6666666666666666,0
main_12_1,2006-06,XLE|XLB|XLF,False,38.68|23.19|18.75,1.806388004449222,1.7730546711158885,0.4814309661810068,1.0909432813912954,0.3333333333333333,1
main_12_1,2006-07,XLE|XLB|XLI,False,26.03|20.64|17.11,-2.7357736587841504,-2.7691069921174836,-0.07061146893159176,-0.16466601811800313,0.3333333333333333,1
main_12_1,2006-08,XLE|XLB|XLI,False,20.68|14.91|12.67,0.4105235073064632,0.4105235073064632,2.9841293767834287,2.6196476556690427,0.0,0
main_12_1,2006-09,XLE|XLB|XLF,False,17.23|15.45|15.03,-0.5616079492080612,-0.5949412825413946,2.2779727454498078,1.1528709149221872,0.3333333333333333,1
main_12_1,2006-10,XLB|XLF|XLP,False,18.02|15.40|11.35,4.015249759841902,3.9819164265085694,3.5045502124564365,4.012385920459874,0.3333333333333333,1
main_12_1,2006-11,XLB|XLF|XLI,False,17.75|16.50|14.01,2.008360634973272,1.9750273016399384,1.6712551446628199,2.060952160006741,0.3333333333333333,1
main_12_1,2006-12,XLU|XLB|XLE,False,17.77|15.94|13.91,-0.5940359475629469,-0.6607026142296135,1.7879157394860234,1.1782237224634462,0.6666666666666666,0
main_12_1,2007-01,XLE|XLU|XLB,False,21.49|19.87|17.62,1.8021795045073952,1.8021795045073952,1.3356883503850892,1.9702850766274218,0.0,1
main_12_1,2007-02,XLU|XLF|XLY,False,18.03|17.85|16.35,-1.1170295915965411,-1.1836962582632078,-3.336822971439568,-2.3454501422347347,0.6666666666666666,1
main_12_1,2007-03,XLB|XLY|XLF,False,20.06|18.82|16.46,1.5968842505426406,1.5635509172093072,2.4284996653643365,3.0451896293025595,0.3333333333333333,1
main_12_1,2007-04,XLU|XLB|XLY,False,28.19|17.78|14.60,2.723347708618773,2.6900143752854393,4.403513701287576,4.0748173689055465,0.3333333333333333,0
main_12_1,2007-05,XLU|XLB|XLP,False,30.72|16.42|14.13,2.800972564147197,2.7676392308138635,3.678731146981784,3.8930541959361444,0.3333333333333333,1
main_12_1,2007-06,XLU|XLB|XLV,False,34.94|23.13|20.73,-2.4005153450334937,-2.4338486783668274,-1.533508596369959,-1.5177668312653623,0.3333333333333333,1
main_12_1,2007-07,XLU|XLB|XLK,False,32.52|29.73|27.15,-2.9899020345601213,-3.023235367893455,-3.7714375241283737,-3.6534406511420974,0.3333333333333333,1
main_12_1,2007-08,XLB|XLK|XLI,False,34.05|30.39|24.52,0.7077780937222371,0.6744447603889038,1.5635632701692659,1.4612591861319801,0.3333333333333333,0
main_12_1,2007-09,XLB|XLE|XLI,False,26.66|25.51|24.30,6.784761642706886,6.751428309373553,3.9836746408564716,4.1302097436706715,0.3333333333333333,3
main_12_1,2007-10,XLE|XLB|XLI,False,31.85|25.81|19.76,0.7625762799070162,0.7625762799070162,0.4521800088831407,1.1721103924658673,0.0,1
main_12_1,2007-11,XLE|XLB|XLI,False,35.81|28.25|21.99,-2.880464506974545,-2.880464506974545,-3.3270414114870417,-1.9699794558727366,0.0,0
main_12_1,2007-12,XLE|XLB|XLK,False,28.26|28.00|21.77,4.0319776819353725,3.9986443486020393,-0.5953906079545601,-0.6673605514521402,0.3333333333333333,3
main_12_1,2008-01,XLE|XLB|XLU,False,26.42|20.79|18.64,-6.786629188197679,-6.819962521531013,-5.862279573192031,-5.417281805149573,0.3333333333333333,1
main_12_1,2008-02,XLE|XLU|XLB,False,38.16|18.84|17.34,1.230286877824586,1.230286877824586,-3.479815325969171,-2.7388856709391263,0.0,2
main_12_1,2008-03,XLE|XLB|XLI,False,23.72|9.48|6.23,0.5250187873121037,0.4916854539787704,0.8498420633142878,1.0764297945286094,0.3333333333333333,1
main_12_1,2008-04,XLE|XLB|XLP,False,27.19|9.42|3.53,4.135180694753645,4.101847361420312,3.5701425013422217,3.4424146830571107,0.3333333333333333,1
main_12_1,2008-05,XLE|XLB|XLP,False,18.16|6.29|3.96,4.500477574931741,4.500477574931741,1.0478774040171723,1.9435210313149616,0.0,2
main_12_1,2008-06,XLE|XLB|XLP,False,21.01|5.71|1.80,-3.5307077476373627,-3.5307077476373627,-9.066180804484192,-8.034157657872548,0.0,1
main_12_1,2008-07,XLE|XLB|XLP,False,25.67|11.80|7.02,-4.357885432917045,-4.357885432917045,0.47423795521601697,0.18205436706863537,0.0,1
main_12_1,2008-08,XLE|XLU|XLB,False,29.61|10.28|8.19,-1.8010796335498513,-1.8344129668831848,2.2891721804646714,1.9889562047801803,0.3333333333333333,0
main_12_1,2008-09,XLE|XLB|XLP,False,7.69|5.41|3.95,-10.436233969483123,-10.469567302816456,-10.838094471599913,-10.879421218881562,0.3333333333333333,1
main_12_1,2008-10,XLP|XLE|XLU,False,2.07|0.61|-3.26,-13.875029033119727,-13.908362366453058,-16.040580857505894,-16.620798642667626,0.3333333333333333,2
main_12_1,2008-11,SPY,True,-0.73|-15.09|-16.53,-9.578476264245628,-9.678476264245628,-9.578476264245628,-8.866509624284207,1.0,0
main_12_1,2008-12,SPY,True,-15.57|-25.79|-29.24,4.187168982258016,4.187168982258016,4.187168982258016,3.7794810112755575,0.0,0
main_12_1,2009-01,SPY,True,-15.04|-27.16|-28.45,-9.807642348088208,-9.807642348088208,-9.807642348088208,-9.66814478310684,0.0,0
main_12_1,2009-02,SPY,True,-10.02|-19.65|-23.27,-11.094694972337315,-11.094694972337315,-11.094694972337315,-10.988074463247413,0.0,0
main_12_1,2009-03,SPY,True,-16.29|-18.44|-20.13,9.062428695625568,9.062428695625568,9.062428695625568,9.148536203244616,0.0,0
main_12_1,2009-04,SPY,True,-25.14|-25.47|-31.24,11.346020976539805,11.346020976539805,11.346020976539805,12.428335269630983,0.0,0
main_12_1,2009-05,SPY,True,-21.43|-21.72|-33.27,7.124831011038291,7.124831011038291,7.124831011038291,7.055883883508479,0.0,0
main_12_1,2009-06,SPY,True,-20.78|-22.99|-26.45,-0.8630150911244527,-0.8630150911244527,-0.8630150911244527,-1.2536072469957482,0.0,0
main_12_1,2009-07,SPY,True,-11.72|-14.10|-17.47,8.132969960247083,8.132969960247083,8.132969960247083,8.564586693557203,0.0,0
main_12_1,2009-08,SPY,True,-13.64|-15.84|-17.02,2.1031508693218015,2.1031508693218015,2.1031508693218015,1.8433557393402602,0.0,0
main_12_1,2009-09,SPY,True,-10.32|-11.81|-12.65,1.5111395922221105,1.5111395922221105,1.5111395922221105,3.81569859210908,0.0,0
main_12_1,2009-10,XLK|XLV|XLY,False,2.37|-3.10|-4.61,-1.6390146211440675,-1.7390146211440676,1.0970858609727463,-1.6436803500853192,1.0,1
main_12_1,2009-11,XLK|XLB|XLY,False,27.70|22.71|22.01,8.684247447167255,8.650914113833922,6.520671908506515,6.965318810401665,0.3333333333333333,1
main_12_1,2009-12,XLK|XLY|XLB,False,37.68|33.60|30.29,4.101929601536999,4.101929601536999,1.8526764088199643,2.3295700148866616,0.0,2
main_12_1,2010-01,XLB|XLK|XLY,False,45.15|43.02|34.40,-7.130132948233099,-7.130132948233099,-3.755459055778265,-3.955837503620289,0.0,0
main_12_1,2010-02,XLB|XLF|XLK,False,59.98|59.30|58.85,3.5699141166506854,3.536580783317352,2.8201527702017115,2.83254206110546,0.3333333333333333,1
main_12_1,2010-03,XLF|XLY|XLI,False,90.71|67.97|64.67,8.808917233022344,8.742250566355677,6.371452004711253,6.074739213501711,0.6666666666666666,2
main_12_1,2010-04,XLF|XLI|XLY,False,68.63|59.39|57.34,3.5979619704872143,3.5979619704872143,1.3413110588180732,1.319226651700716,0.0,2
main_12_1,2010-05,XLF|XLI|XLY,False,50.78|46.74|43.12,-9.700441732275289,-9.700441732275289,-9.239405172634708,-8.844698379964518,0.0,0
main_12_1,2010-06,XLY|XLI|XLK,False,52.86|48.02|34.52,-6.575233221795081,-6.608566555128414,-4.346363416600607,-4.342374525780152,0.3333333333333333,0
main_12_1,2010-07,XLY|XLI|XLF,False,41.75|36.85|23.97,9.767785086298126,9.734451752964793,8.570081091836412,9.026116004500615,0.3333333333333333,1
main_12_1,2010-08,XLI|XLY|XLF,False,17.20|16.88|7.34,-6.265927320183666,-6.265927320183666,-4.6968411706861835,-3.929464649219762,0.0,0
main_12_1,2010-09,XLI|XLY|XLP,False,23.52|21.86|11.78,8.620128981261521,8.586795647928188,8.315920710199798,7.760862245666804,0.3333333333333333,2
main_12_1,2010-10,XLY|XLI|XLU,False,11.07|8.62|8.37,3.0072408513229414,2.973907517989608,3.548138380525523,3.6194396352187748,0.3333333333333333,0
main_12_1,2010-11,XLY|XLI|XLB,False,26.30|26.17|15.39,2.8236403207060263,2.7903069873726927,0.9490395623053649,1.003216388166438,0.3333333333333333,2
main_12_1,2010-12,XLY|XLI|XLK,False,24.91|19.33|13.52,4.915838607576347,4.882505274243014,5.970357899873191,5.971841265362624,0.3333333333333333,0
main_12_1,2011-01,XLY|XLI|XLE,False,22.45|18.93|11.40,3.2905082058081105,3.2571748724747773,2.1703196668762414,1.703173212955532,0.3333333333333333,2
main_12_1,2011-02,XLB|XLY|XLI,False,31.95|31.25|29.73,3.1376555242416413,3.104322190908308,3.1747477705051708,3.0344411505994144,0.3333333333333333,1
main_12_1,2011-03,XLE|XLI|XLB,False,32.54|28.01|26.36,2.159498469079561,2.1261651357462275,0.3140745792148847,0.7856255856386385,0.3333333333333333,3
main_12_1,2011-04,XLE|XLY|XLI,False,38.41|21.49|20.27,2.2651130161764748,2.2317796828431415,2.7434204704555487,2.9676094689292207,0.3333333333333333,1
main_12_1,2011-05,XLE|XLB|XLI,False,35.39|22.05|17.93,-3.9947616634358827,-4.028094996769216,-1.8676693280748613,-1.4840400349347673,0.3333333333333333,0
main_12_1,2011-06,XLE|XLB|XLI,False,54.30|37.78|33.31,-0.6622301445435963,-0.6622301445435963,-1.3122792137051809,-1.099057896557808,0.0,1
main_12_1,2011-07,XLE|XLB|XLY,False,57.15|44.60|40.56,0.43276480964533626,0.39943147631200293,-0.9462909674104125,-0.8595439942940986,0.3333333333333333,1
main_12_1,2011-08,XLE|XLY|XLB,False,42.22|29.95|27.64,-8.924929709340601,-8.924929709340601,-6.534710025282298,-6.027682418163762,0.0,0
main_12_1,2011-09,XLE|XLY|XLB,False,51.73|33.45|27.09,-13.466833356532625,-13.466833356532625,-7.53784931214343,-8.407278002477941,0.0,0
main_12_1,2011-10,XLE|XLY|XLP,False,23.85|13.89|13.19,9.767746653308611,9.734413319975276,8.480791723140824,8.87881198239538,0.3333333333333333,1
main_12_1,2011-11,XLU|XLP|XLV,False,10.54|6.07|3.85,3.228002296758429,3.161335630091762,2.310893652589341,2.717818312162734,0.6666666666666666,1
main_12_1,2011-12,XLU|XLV|XLE,False,18.16|13.11|12.89,2.9305708366662575,2.897237503332924,2.9797609049494245,2.7693642614941893,0.3333333333333333,2
main_12_1,2012-01,XLU|XLP|XLV,False,15.78|11.01|9.16,-1.0794509598992974,-1.1127842932326306,3.545766755769053,3.3287884861905224,0.3333333333333333,0
main_12_1,2012-02,XLU|XLP|XLV,False,18.21|15.79|11.76,1.5424852011156251,1.5424852011156251,3.7946617701257512,3.0084407477586805,0.0,0
main_12_1,2012-03,XLU|XLV|XLP,False,12.55|11.84|10.92,2.910151780344454,2.910151780344454,2.874024327329261,2.1492944497259825,0.0,1
main_12_1,2012-04,XLP|XLU|XLK,False,13.66|12.97|12.45,0.3483927666317369,0.3150594332984036,-0.6043683532627409,-0.19998732850897458,0.3333333333333333,2
main_12_1,2012-05,XLK|XLY|XLP,False,14.54|12.97|11.24,-5.773213946313971,-5.806547279647304,-7.425425505089556,-6.997826075821628,0.3333333333333333,1
main_12_1,2012-06,XLY|XLK|XLU,False,14.58|14.44|9.65,4.789140553252605,4.755807219919273,6.009699831670456,5.832506166442866,0.3333333333333333,0
main_12_1,2012-07,XLP|XLU|XLK,False,10.51|10.43|9.92,2.6564808321864737,2.62314749885314,1.6266185088087637,1.6391914019598843,0.3333333333333333,2
main_12_1,2012-08,XLU|XLP|XLV,False,16.04|16.01|13.81,-1.5967612797084068,-1.6300946130417402,1.6870845688943037,1.1076105099481512,0.3333333333333333,0
main_12_1,2012-09,XLK|XLP|XLY,False,21.56|18.65|17.74,2.406651945617777,2.3399852789511106,3.014381255565568,3.0370472765277357,0.6666666666666666,0
main_12_1,2012-10,XLY|XLK|XLF,False,32.29|30.68|30.22,-2.080483049851693,-2.1138163831850263,-1.9858692604761696,-1.3521754379572988,0.3333333333333333,1
main_12_1,2012-11,XLV|XLY|XLK,False,22.08|21.83|20.39,1.8095050934596735,1.77617176012634,0.8118765803845518,0.6166703693586666,0.3333333333333333,1
main_12_1,2012-12,XLF|XLY|XLV,False,26.44|20.82|20.65,3.3362444963381366,3.3029111630048034,2.3383573619460973,2.6957555906657675,0.3333333333333333,1
main_12_1,2013-01,XLY|XLF|XLV,False,23.04|22.71|17.80,4.780083584021755,4.780083584021755,3.817839317279037,3.9973739990227846,0.0,1
main_12_1,2013-02,XLF|XLY|XLV,False,18.73|16.72|13.73,0.16996951154779616,0.16996951154779616,0.2920436510879476,0.1787964907597201,0.0,0
main_12_1,2013-03,XLV|XLF|XLY,False,21.09|19.93|18.00,5.487007238994809,5.487007238994809,4.101122697936299,4.374452336054886,0.0,2
main_12_1,2013-04,XLV|XLP|XLY,False,17.36|14.60|14.48,2.6243821907217857,2.591048857388452,1.7497950280831676,1.6566114641407226,0.3333333333333333,2
main_12_1,2013-05,XLV|XLF|XLP,False,24.98|20.23|19.90,2.658411521239183,2.6250781879058493,2.824323252247085,2.0312615652100963,0.3333333333333333,1
main_12_1,2013-06,XLF|XLV|XLY,False,35.98|33.58|28.80,-0.3072210885225727,-0.34055442185590606,-1.0478470995193945,-0.9781630655737055,0.3333333333333333,1
main_12_1,2013-07,XLF|XLY|XLV,False,37.40|29.85|28.44,6.181344965739685,6.181344965739685,5.413600414191211,5.247581670612181,0.0,2
main_12_1,2013-08,XLF|XLY|XLV,False,35.05|31.63|26.42,-3.531802107321073,-3.531802107321073,-2.8001274576521573,-2.6186475155076043,0.0,0
main_12_1,2013-09,XLF|XLV|XLY,False,37.58|33.90|32.45,2.7397783471002857,2.7397783471002857,2.257158376016055,2.3212249792733024,0.0,1
main_12_1,2013-10,XLF|XLY|XLV,False,26.41|24.83|24.44,4.2517434084968855,4.2517434084968855,4.686563526110166,4.6617238622852915,0.0,1
main_12_1,2013-11,XLY|XLI|XLV,False,33.66|29.93|28.72,3.556740916202076,3.523407582868743,2.8803604595240895,2.15230446070801,0.3333333333333333,2
main_12_1,2013-12,XLY|XLI|XLV,False,35.50|33.77|33.57,2.149760883081771,2.149760883081771,2.147530062549996,2.0590998821595834,0.0,1
main_12_1,2014-01,XLV|XLY|XLI,False,40.37|39.55|34.86,-2.8203451478821195,-2.8203451478821195,-3.2666779944027224,-2.8650273032318414,0.0,1
main_12_1,2014-02,XLY|XLI|XLV,False,35.07|32.90|31.42,4.388822403945928,4.388822403945928,3.753419791207402,3.9458704192433838,0.0,1
main_12_1,2014-03,XLV|XLY|XLI,False,31.01|24.97|24.47,0.41625130273186634,0.41625130273186634,2.0568892936757344,2.1445807965093717,0.0,0
main_12_1,2014-04,XLV|XLY|XLI,False,31.02|27.40|26.52,-0.5197704775423251,-0.5197704775423251,0.31980327260308083,0.9642934382941972,0.0,0
main_12_1,2014-05,XLI|XLV|XLB,False,28.69|25.60|22.31,2.6755922143704813,2.6422588810371477,2.5129982714575005,2.099435628460315,0.3333333333333333,1
main_12_1,2014-06,XLI|XLV|XLB,False,24.18|22.78|21.03,1.5708982711708952,1.5708982711708952,2.1715998716967277,2.414997520682707,0.0,1
main_12_1,2014-07,XLB|XLI|XLV,False,29.95|28.55|27.06,-2.4255756558552903,-2.4255756558552903,-1.8552276192493444,-2.7242935781053523,0.0,1
main_12_1,2014-08,XLB|XLE|XLK,False,25.10|23.76|23.14,3.3870514396031095,3.3203847729364426,4.367489333758434,4.420868919172616,0.6666666666666666,0
main_12_1,2014-09,XLK|XLV|XLB,False,26.54|25.67|22.75,-0.6992869976502392,-0.7326203309835725,-1.6671827911779902,-1.8094070651759733,0.3333333333333333,1
main_12_1,2014-10,XLV|XLK|XLB,False,27.67|27.47|22.09,1.6604780691652017,1.6604780691652017,2.653765266607633,2.5575443351073113,0.0,1
main_12_1,2014-11,XLV|XLK|XLB,False,22.92|20.74|15.53,2.868968077329548,2.868968077329548,2.218708576317585,1.6103356465749736,0.0,1
main_12_1,2014-12,XLU|XLV|XLK,False,24.00|23.56|19.00,0.9530675352664572,0.9197342019331238,0.5421987885517954,0.847957091962126,0.3333333333333333,1
main_12_1,2015-01,XLV|XLU|XLK,False,26.92|24.31|20.46,-0.47543834581552646,-0.47543834581552646,-3.0671973207978653,-2.3664099507213066,0.0,2
main_12_1,2015-02,XLU|XLV|XLP,False,25.03|23.97|22.02,0.6728426121082414,0.639509278774908,5.363680018241768,4.474103713151774,0.3333333333333333,0
main_12_1,2015-03,XLU|XLV|XLP,False,23.67|18.23|16.30,-0.972662131512958,-0.972662131512958,-1.6456564493010695,-1.849725417102224,0.0,1
main_12_1,2015-04,XLV|XLK|XLY,False,24.87|20.22|18.64,1.1673435442923021,1.1006768776256357,1.458393621097076,1.5764868269910155,0.6666666666666666,1
main_12_1,2015-05,XLV|XLY|XLK,False,26.47|19.70|15.77,2.369904045952957,2.369904045952957,1.2129824258695132,0.6689840395490044,0.0,2
main_12_1,2015-06,XLV|XLY|XLK,False,21.60|16.28|14.65,-0.809785193638927,-0.809785193638927,-1.5096440707145442,-2.01470547975458,0.0,2
main_12_1,2015-07,XLV|XLY|XLK,False,24.44|15.57|14.63,2.5664005617749286,2.5664005617749286,1.3142414658735113,0.5343953840383664,0.0,1
main_12_1,2015-08,XLV|XLY|XLP,False,23.79|17.71|13.22,-8.893423049875652,-8.926756383208986,-8.23913235524797,-7.679375063983046,0.3333333333333333,0
main_12_1,2015-09,XLV|XLY|XLP,False,21.56|18.21|14.39,0.417790413703741,0.417790413703741,-0.021422144247229546,-0.2724461942576423,0.0,2
main_12_1,2015-10,XLY|XLV|XLP,False,13.64|11.40|6.94,7.712555644519877,7.712555644519877,8.454813230096981,8.042896019663354,0.0,1
main_12_1,2015-11,XLY|XLP|XLV,False,10.63|3.68|-0.20,-0.40230160220225963,-0.40230160220225963,0.5376361400710294,0.27578983343072727,0.0,0
main_12_1,2015-12,XLY|XLK|XLV,False,14.39|4.62|3.88,-3.2943729815271197,-3.327706314860453,-3.703607771570605,-3.6647489368908,0.3333333333333333,1
main_12_1,2016-01,XLY|XLK|XLV,False,13.12|7.71|5.02,-4.367730731199501,-4.367730731199501,-3.9702503349070106,-3.6901771619949995,0.0,1
main_12_1,2016-02,XLY|XLK|XLP,False,13.29|9.30|7.92,1.209345053684315,1.1760117203509817,1.2881241103208874,2.276612181818316,0.3333333333333333,0
main_12_1,2016-03,XLP|XLU|XLY,False,4.18|4.16|-1.03,5.268405402447232,5.235072069113899,5.329953532726184,5.502393522766101,0.3333333333333333,1
main_12_1,2016-04,XLU|XLP|XLK,False,7.25|6.58|0.26,-2.285057445393272,-2.3183907787266054,1.2576372017132131,2.3424161522173956,0.3333333333333333,0
main_12_1,2016-05,XLU|XLP|XLY,False,16.35|12.48|6.64,0.40276567939591484,0.3694323460625815,1.0631931353876078,0.503536633874176,0.3333333333333333,1
main_12_1,2016-06,XLU|XLP|XLY,False,12.82|9.92|5.39,4.380167673613186,4.380167673613186,0.6931143166805764,1.664797550784157,0.0,2
main_12_1,2016-07,XLU|XLP|XLK,False,21.81|12.74|8.30,1.500090771488464,1.4667574381551307,3.6805473230418606,2.6765963540520743,0.3333333333333333,1
main_12_1,2016-08,XLU|XLP|XLI,False,23.57|12.38|5.61,-1.7205255159371473,-1.7538588492704807,0.0828418067206238,-0.2608738916120518,0.3333333333333333,1
main_12_1,2016-09,XLU|XLP|XLK,False,27.16|18.53|17.72,0.40024202243014173,0.3669086890968084,-0.21152435009528237,-0.13833530012054132,0.3333333333333333,2
main_12_1,2016-10,XLB|XLK|XLI,False,23.59|20.75|19.41,-1.278118267624769,-1.3447849342914355,-1.339061972313449,-1.2303945031123888,0.6666666666666666,1
main_12_1,2016-11,XLU|XLK|XLI,False,15.90|11.57|9.98,1.0302865648529371,0.9969532315196039,3.6631794367542714,3.994351340161194,0.3333333333333333,1
main_12_1,2016-12,XLU|XLK|XLP,False,19.48|9.94|9.50,4.046415323624894,4.01308199029156,2.5535173309134906,2.3205489712577396,0.3333333333333333,2
main_12_1,2017-01,XLE|XLI|XLF,False,25.85|19.64|17.98,-0.9790214262272298,-1.0790214262272297,1.1064900829760083,1.383352087922491,1.0,0
main_12_1,2017-02,XLF|XLE|XLB,False,34.31|32.67|30.80,2.095398069437167,2.062064736103834,4.772991889240985,3.83448282642234,0.3333333333333333,1
main_12_1,2017-03,XLF|XLE|XLB,False,38.68|32.10|26.84,-2.370088508087609,-2.370088508087609,-0.6561410008013024,-0.6566900921915647,0.0,0
main_12_1,2017-04,XLF|XLI|XLK,False,36.24|20.77|19.60,1.305695822150188,1.2390291554835213,1.2213519970946773,0.976840730121447,0.6666666666666666,2
main_12_1,2017-05,XLK|XLF|XLI,False,28.74|27.62|18.38,1.4953507088945828,1.4953507088945828,1.3784387921548458,0.9626123557695407,0.0,1
main_12_1,2017-06,XLK|XLF|XLI,False,25.20|24.20|21.22,1.8179941799274846,1.8179941799274846,0.8655557982382822,0.7452449846296758,0.0,1
main_12_1,2017-07,XLK|XLF|XLI,False,31.97|26.82|22.51,2.096758820722862,2.096758820722862,1.8857285546578062,1.807844697400322,0.0,1
main_12_1,2017-08,XLF|XLI|XLK,False,30.57|19.82|19.75,0.30534814946060107,0.30534814946060107,0.18586323048019882,-0.2057223045530601,0.0,1
main_12_1,2017-09,XLF|XLK|XLI,False,27.87|23.65|19.04,3.177301054581242,3.177301054581242,1.9433949447759558,2.1622195872076295,0.0,2
main_12_1,2017-10,XLF|XLK|XLI,False,29.51|24.65|19.08,3.779033279923527,3.779033279923527,2.60449412902255,2.324271981121811,0.0,1
main_12_1,2017-11,XLF|XLK|XLI,False,33.12|26.62|26.60,2.387999827988259,2.387999827988259,2.6042547809218775,2.762237428678123,0.0,1
main_12_1,2017-12,XLK|XLU|XLB,False,34.64|21.85|20.50,-0.7791909956093208,-0.8458576622759876,1.6804188784704355,1.4649274436942674,0.6666666666666666,0
main_12_1,2018-01,XLK|XLV|XLB,False,33.53|22.45|21.43,4.89656855752422,4.863235224190888,4.93951569529838,3.771111869036603,0.3333333333333333,2
main_12_1,2018-02,XLK|XLI|XLF,False,29.65|21.71|21.69,-1.9036903871103905,-1.9703570537770572,-3.4368920430192462,-4.393584075994203,0.6666666666666666,2
main_12_1,2018-03,XLK|XLY|XLI,False,32.75|26.45|23.41,-3.47680065378528,-3.5101339871186132,-2.8769993511332914,-1.994062531596705,0.3333333333333333,0
main_12_1,2018-04,XLK|XLF|XLI,False,29.33|23.20|19.56,-0.9922377726626223,-1.0255711059959556,0.5027716875896759,0.8851331626534521,0.3333333333333333,0
main_12_1,2018-05,XLK|XLF|XLI,False,22.05|19.09|14.10,3.971443315634978,3.971443315634978,3.2364525070657457,2.2611258195382518,0.0,2
main_12_1,2018-06,XLF|XLK|XLE,False,20.00|17.48|16.65,-1.9954735426918502,-2.028806876025184,-0.6203415701877213,-0.20059218598089432,0.3333333333333333,0
main_12_1,2018-07,XLK|XLE|XLY,False,29.08|20.28|19.17,2.580411013876442,2.5470776805431083,4.471052155073907,4.197802600553148,0.3333333333333333,0
main_12_1,2018-08,XLK|XLY|XLE,False,23.24|21.14|17.88,2.685528398900035,2.685528398900035,2.9408098484925427,1.6453409859088188,0.0,2
main_12_1,2018-09,XLE|XLY|XLK,False,26.65|25.66|22.24,1.5563580908054173,1.5563580908054173,1.2393882873604323,1.0781600787804557,0.0,1
main_12_1,2018-10,XLY|XLK|XLV,False,31.00|29.25|14.80,-8.513973227927096,-8.54730656126043,-7.021323647515388,-6.3472821896715,0.3333333333333333,0
main_12_1,2018-11,XLY|XLK|XLV,False,28.96|21.33|19.09,4.0552371059679935,4.0552371059679935,3.1958971957459115,3.4797088826699323,0.0,2
main_12_1,2018-12,XLY|XLK|XLV,False,10.34|10.06|7.88,-11.49526755500863,-11.49526755500863,-11.725282596055065,-11.32319178729047,0.0,0
main_12_1,2019-01,XLV|XLY|XLU,False,17.25|10.36|8.26,6.949052910506996,6.915719577173663,9.82601937459886,9.124302061898204,0.3333333333333333,1
main_12_1,2019-02,XLU|XLV|XLY,False,7.27|-0.26|-7.01,3.064538652869908,3.064538652869908,3.8089823915387955,3.803827788406306,0.0,1
main_12_1,2019-03,XLU|XLV|XLY,False,15.48|9.46|5.84,2.2907452278278466,2.2907452278278466,1.966237693957562,1.7168925854020967,0.0,1
main_12_1,2019-04,XLU|XLV|XLY,False,15.83|13.96|9.85,0.7514026413619017,0.7514026413619017,3.5194451111234537,2.8081489768165317,0.0,1
main_12_1,2019-05,XLU|XLK|XLP,False,16.69|14.69|14.53,-4.407306966167409,-4.473973632834076,-6.585909248883814,-6.3920766119348995,0.6666666666666666,2
main_12_1,2019-06,XLP|XLU|XLY,False,19.67|19.09|15.01,5.993029570241437,5.959696236908104,8.286285126374636,8.40956701391608,0.3333333333333333,0
main_12_1,2019-07,XLU|XLP|XLV,False,14.92|10.28|5.85,-0.2130407281210167,-0.24637406145435006,0.31013350571063025,-0.38129151507435316,0.3333333333333333,1
main_12_1,2019-08,XLU|XLK|XLP,False,16.72|11.64|11.61,1.3843236782991672,1.3509903449658338,-2.3622713920203986,-2.1917599867480084,0.3333333333333333,2
main_12_1,2019-09,XLU|XLP|XLK,False,15.08|13.78|8.40,3.0166656149325526,3.0166656149325526,2.940759515443414,3.578696170411138,0.0,0
main_12_1,2019-10,XLU|XLP|XLK,False,21.72|15.11|6.75,1.0445036008550512,1.0445036008550512,2.411503955220984,1.2934660921608616,0.0,1
main_12_1,2019-11,XLU|XLK|XLY,False,24.44|17.87|16.16,1.182685243652415,1.1493519103190817,3.171385812245986,2.366426731284367,0.3333333333333333,1
main_12_1,2019-12,XLK|XLU|XLY,False,24.91|19.28|13.49,4.170971724225669,4.170971724225669,3.350568662117981,3.5913296661215357,0.0,2
main_12_1,2020-01,XLK|XLI|XLF,False,43.65|29.34|28.52,0.07938978068879518,0.012723114022128511,-0.05872095630203855,-1.456698606746033,0.6666666666666666,1
main_12_1,2020-02,XLK|XLU|XLP,False,40.13|21.70|21.20,-7.8794625703846695,-7.946129237051336,-7.774861158058622,-8.995198441720436,0.6666666666666666,1
main_12_1,2020-03,XLK|XLU|XLP,False,36.31|24.78|19.46,-11.861446224703354,-11.861446224703354,-16.354868132899124,-18.381160290570932,0.0,2
main_12_1,2020-04,XLK|XLU|XLP,False,20.61|9.43|5.61,10.298198827330525,10.298198827330525,15.053688810206523,15.59977982196463,0.0,0
main_12_1,2020-05,XLK|XLV|XLU,False,3.66|1.63|-2.42,6.1127277434749185,6.079394410141585,6.4175464846732755,6.244391688691985,0.3333333333333333,1
main_12_1,2020-06,XLK|XLV|XLP,False,29.09|17.02|7.67,2.0251927043860363,1.9918593710527028,2.4083745260395917,0.9923789414326799,0.3333333333333333,1
main_12_1,2020-07,XLK|XLV|XLY,False,27.00|13.40|5.39,6.711846345404367,6.678513012071033,6.056804208977562,4.914315804645598,0.3333333333333333,1
main_12_1,2020-08,XLK|XLV|XLY,False,31.23|12.45|7.26,7.498868406380743,7.498868406380743,6.66725231956935,4.204241138181269,0.0,2
main_12_1,2020-09,XLK|XLV|XLY,False,40.86|19.29|16.16,-2.4873377235712772,-2.4873377235712772,-3.1890036061092975,-2.4722722110811293,0.0,0
main_12_1,2020-10,XLK|XLY|XLV,False,55.15|25.66|22.50,-3.552298684695295,-3.552298684695295,-2.218002834468824,-0.912460611514105,0.0,0
main_12_1,2020-11,XLK|XLY|XLV,False,41.36|23.16|13.99,9.426489291293187,9.426489291293187,10.711657703333067,12.207220013838379,0.0,0
main_12_1,2020-12,XLK|XLY|XLB,False,27.45|18.24|7.61,3.0427787388635092,3.0094454055301756,3.101986930396561,2.348918221865697,0.3333333333333333,1
main_12_1,2021-01,XLK|XLY|XLB,False,36.08|26.56|17.54,-0.37904521971128624,-0.37904521971128624,-0.4236570553943886,-0.5520115631217459,0.0,1
main_12_1,2021-02,XLK|XLY|XLB,False,38.10|29.73|28.38,1.9467010835996927,1.9467010835996927,3.1761778447841005,4.565670928174425,0.0,0
main_12_1,2021-03,XLK|XLY|XLB,False,47.73|41.44|36.95,3.902167155884184,3.902167155884184,3.660558877224318,4.852519968550991,0.0,0
main_12_1,2021-04,XLE|XLB|XLY,False,72.86|65.79|65.34,4.520005396570056,4.486672063236723,5.278638727630258,4.584440173627987,0.3333333333333333,2
main_12_1,2021-05,XLI|XLB|XLF,False,55.72|54.86|52.67,4.5562425372910775,4.48957587062441,0.7486273593221959,1.8794677050886295,0.6666666666666666,2
main_12_1,2021-06,XLF|XLI|XLB,False,58.28|52.98|52.69,-3.925476353918752,-3.925476353918752,1.8228962891056577,0.1398168781344343,0.0,0
main_12_1,2021-07,XLF|XLB|XLI,False,66.70|57.02|54.72,0.7380932299926128,0.7380932299926128,2.6745003907685305,1.0908406404712923,0.0,0
main_12_1,2021-08,XLE|XLF|XLI,False,57.23|55.65|44.80,1.0947506231729944,1.0614172898396612,2.7751140253600814,1.8250823773904437,0.3333333333333333,1
main_12_1,2021-09,XLF|XLE|XLB,False,48.56|45.69|35.84,0.5124005451224638,0.4790672117891305,-4.463331924018554,-3.0143346862101477,0.3333333333333333,2
main_12_1,2021-10,XLE|XLF|XLI,False,67.19|61.74|37.18,8.228799363331895,8.195466029998562,6.803100170373799,7.181729761151533,0.3333333333333333,1
main_12_1,2021-11,XLE|XLF|XLK,False,89.93|60.16|35.78,-0.9656792044033432,-0.9990125377366765,0.29112142745606473,-0.764344052897708,0.3333333333333333,1
main_12_1,2021-12,XLE|XLF|XLK,False,63.71|47.03|31.87,1.7998390238035251,1.7998390238035251,3.5381095861861667,4.709649915011957,0.0,0
main_12_1,2022-01,XLE|XLK|XLF,False,48.84|30.51|30.41,3.492191480946353,3.492191480946353,-5.378977932437145,-2.4324076571198234,0.0,2
main_12_1,2022-02,XLE|XLF|XLK,False,47.74|37.27|35.88,0.2830224320338267,0.2830224320338267,-3.470294596527357,-1.417429267711254,0.0,1
main_12_1,2022-03,XLE|XLK|XLP,False,43.30|24.88|23.04,4.770529737207455,4.7371964038741226,4.523295526018423,5.4837220242367035,0.3333333333333333,1
main_12_1,2022-04,XLE|XLK|XLF,False,49.01|16.65|14.61,-7.83455806364749,-7.8678913969808235,-9.097501916637096,-6.050005422486795,0.3333333333333333,1
main_12_1,2022-05,XLE|XLU|XLK,False,61.83|14.97|14.60,7.635817988292056,7.6024846549587215,0.7522968783454376,2.156170705459468,0.3333333333333333,2
main_12_1,2022-06,XLE|XLU|XLP,False,50.51|12.67|12.31,-8.104856626864613,-8.138189960197947,-8.90799032823686,-9.21094501785052,0.3333333333333333,2
main_12_1,2022-07,XLE|XLU|XLP,False,67.55|20.17|8.32,4.70297322071771,4.70297322071771,8.654646242288266,7.800747630147094,0.0,0
main_12_1,2022-08,XLE|XLU|XLP,False,51.54|9.54|3.50,0.4280061873270828,0.4280061873270828,-3.9740903612437983,-2.6692370604143423,0.0,2
main_12_1,2022-09,XLE|XLU|XLP,False,69.59|11.18|5.70,-7.1779209642779795,-7.1779209642779795,-7.7188945228410795,-7.021730184383218,0.0,1
main_12_1,2022-10,XLE|XLU|XLP,False,59.81|19.02|8.22,10.682686935097426,10.682686935097426,8.048073400538257,9.565802340203458,0.0,1
main_12_1,2022-11,XLE|XLU|XLP,False,31.00|0.81|-3.94,4.446001380019285,4.446001380019285,4.775191133060641,5.3948990525778076,0.0,1
main_12_1,2022-12,XLE|XLP|XLU,False,72.35|6.14|4.55,-2.66980539806642,-2.66980539806642,-5.537304035527946,-4.742087324578013,0.0,2
main_12_1,2023-01,XLE|XLP|XLU,False,69.49|1.97|1.95,-0.32807176787912706,-0.32807176787912706,5.421842259970222,3.9052928813821643,0.0,0
main_12_1,2023-02,XLE|XLV|XLU,False,38.35|5.13|4.86,-5.828529984227729,-5.861863317561062,-2.4184911401779585,-2.948032438925345,0.3333333333333333,0
main_12_1,2023-03,XLE|XLU|XLV,False,32.85|4.76|4.21,3.9899260544619786,3.9899260544619786,3.7936148610610454,2.1613612164479807,0.0,1
main_12_1,2023-04,XLE|XLI|XLP,False,13.07|-0.58|-3.06,-0.049397863452201506,-0.11606453011886816,1.6191885833457098,0.9328106808045337,0.6666666666666666,1
main_12_1,2023-05,XLE|XLI|XLK,False,15.02|8.28|7.87,-0.9810342553627153,-1.0143675886960486,0.6305880044671142,-2.9493234872817498,0.3333333333333333,2
main_12_1,2023-06,XLK|XLI|XLP,False,8.48|7.52|6.72,6.533876241568397,6.500542908235063,6.332447360556603,6.82691585122808,0.3333333333333333,1
main_12_1,2023-07,XLK|XLI|XLY,False,30.21|12.41|11.15,2.0580931235169686,2.024759790183635,3.014074316919091,2.96598517251569,0.3333333333333333,1
main_12_1,2023-08,XLK|XLI|XLB,False,21.72|14.21|8.35,-1.2034212642910456,-1.2367545976243788,-0.6794212232044128,-1.3052122930467869,0.3333333333333333,1
main_12_1,2023-09,XLK|XLI|XLB,False,33.13|20.93|16.12,-6.642404702557199,-6.642404702557199,-5.526650863663074,-5.044958963867706,0.0,0
main_12_1,2023-10,XLK|XLI|XLE,False,48.95|32.34|27.15,-2.4847239957124496,-2.518057329045783,-1.739250221468902,-2.093811043601394,0.3333333333333333,1
main_12_1,2023-11,XLK|XLY|XLI,False,29.40|12.84|9.28,10.360133755412885,10.326800422079552,8.723767223022772,7.031324568697034,0.3333333333333333,2
main_12_1,2023-12,XLK|XLY|XLI,False,21.76|5.06|-1.65,5.1790501041386525,5.1790501041386525,4.016132635908676,3.6889900526348773,0.0,2
main_12_1,2024-01,XLK|XLY|XLI,False,49.75|31.57|10.33,0.3994412969662335,0.3994412969662335,2.641058501606408,0.4491217313046938,0.0,1
main_12_1,2024-02,XLK|XLY|XLI,False,42.80|21.29|13.91,6.110146936539551,6.110146936539551,5.024442713923216,4.121929444411619,0.0,2
main_12_1,2024-03,XLK|XLY|XLI,False,46.06|18.46|13.79,1.8128064009476308,1.8128064009476308,3.237372332964039,4.440651620036519,0.0,0
main_12_1,2024-04,XLK|XLF|XLY,False,37.95|27.23|24.01,-5.118744739816253,-5.152078073149586,-4.285740268698779,-3.369948685973794,0.3333333333333333,0
main_12_1,2024-05,XLK|XLF|XLI,False,39.20|29.24|28.07,4.609146933225894,4.575813599892561,5.512780682153906,3.37334298205963,0.3333333333333333,2
main_12_1,2024-06,XLF|XLI|XLE,False,29.34|27.57|26.29,-0.5293279746985606,-0.5626613080318938,3.4725044564379415,0.5718487558954124,0.3333333333333333,0
main_12_1,2024-07,XLF|XLK|XLE,False,25.16|21.60|17.72,1.290557224135954,1.2572238908026205,1.271914921413897,2.825265203443196,0.3333333333333333,1
main_12_1,2024-08,XLK|XLF|XLI,False,27.83|18.37|12.15,2.0389580631688538,2.00562472983552,1.4296948467976023,1.9196931162538005,0.3333333333333333,0
main_12_1,2024-09,XLF|XLK|XLI,False,29.42|25.53|20.05,2.3202193844516272,2.3202193844516272,2.620796508411072,2.5261561937348542,0.0,0
main_12_1,2024-10,XLF|XLK|XLU,False,39.65|35.16|32.82,0.34171229224336797,0.30837895891003464,-0.36275018480911303,-0.7726440073790666,0.3333333333333333,1
main_12_1,2024-11,XLF|XLI|XLU,False,42.35|39.81|39.79,7.010996835786476,6.977663502453142,5.539788521976052,5.449699127691827,0.3333333333333333,2
main_12_1,2024-12,XLF|XLU|XLI,False,31.59|31.52|26.93,-6.570889791736863,-6.570889791736863,-1.9231796140200652,-5.3780798923808195,0.0,0
main_12_1,2025-01,XLF|XLU|XLI,False,38.10|34.00|27.56,2.559281560253039,2.559281560253039,0.556490245392216,1.7481002248777529,0.0,1
main_12_1,2025-02,XLY|XLU|XLF,False,32.35|27.08|26.65,0.5686968373323646,0.5353635039990313,0.592249613880802,1.8586403695129798,0.3333333333333333,1
main_12_1,2025-03,XLF|XLU|XLY,False,29.59|29.39|26.95,-4.500313609931106,-4.500313609931106,-6.2150830003178665,-3.34318609387928,0.0,1
main_12_1,2025-04,XLF|XLU|XLY,False,25.36|23.48|18.16,-0.2732772653378457,-0.2732772653378457,0.5238075589209634,-2.099884540961821,0.0,1
main_12_1,2025-05,XLF|XLU|XLY,False,25.34|21.76|13.44,4.820179592511583,4.820179592511583,4.88784725111473,3.96919781806353,0.0,1
main_12_1,2025-06,XLF|XLY|XLU,False,18.92|13.10|11.81,1.8396965815980233,1.8396965815980233,5.175940019118097,2.753737973261461,0.0,1
main_12_1,2025-07,XLF|XLU|XLI,False,25.39|22.91|18.53,1.9090518450436262,1.8757185117102928,1.6126817923419967,0.7335157966008353,0.3333333333333333,1
main_12_1,2025-08,XLF|XLI|XLY,False,21.53|17.05|16.94,3.2710041376042978,3.2376708042709645,1.788289193432413,2.3966331345402256,0.3333333333333333,1
main_12_1,2025-09,XLK|XLY|XLI,False,20.07|19.39|17.31,5.368030108323326,5.334696774989993,4.315081722808678,2.079466965940222,0.3333333333333333,2
main_12_1,2025-10,XLF|XLK|XLY,False,20.48|16.84|16.44,2.3978493996551498,2.364516066321816,3.392791053230182,0.5753358717337015,0.3333333333333333,1
main_12_1,2025-11,XLK|XLY|XLF,False,27.63|22.76|17.60,-2.712901477755085,-2.712901477755085,-1.0004818278940175,1.297167220281164,0.0,0
main_12_1,2025-12,XLK|XLU|XLI,False,29.46|10.60|9.34,0.3935554890450684,0.3268888223784017,1.3149802073915806,0.7852418526969976,0.6666666666666666,1
main_12_1,2026-01,XLK|XLU|XLI,False,23.67|22.24|17.84,1.8942596517023607,1.8942596517023607,0.5643875511190277,3.504251578928419,0.0,0
main_12_1,2026-02,XLK|XLI|XLU,False,25.53|13.66|12.76,3.9301763002549097,3.9301763002549097,-1.5777732323030036,3.7498925037550674,0.0,1
main_12_1,2026-03,XLK|XLI|XLE,False,28.39|23.02|15.95,-1.6872955489295645,-1.720628882262898,-3.3909264444743403,-3.6123298251082097,0.3333333333333333,2
main_12_1,2026-04,XLI|XLK|XLB,False,36.59|35.01|26.11,9.783414757374809,9.750081424041475,10.2997340489148,5.2169749715298135,0.3333333333333333,2
main_12_1,2026-05,XLE|XLK|XLI,False,57.09|27.31|24.91,4.797762337711308,4.764429004377976,4.729289090034916,0.42144356552202833,0.3333333333333333,1
main_12_1,2026-06,XLE|XLK|XLI,False,51.02|38.94|23.89,-0.44479541269667466,-0.44479541269667466,-1.1174391690643826,1.8096711421949956,0.0,1
main_12_1,2026-07,XLK|XLE|XLI,False,51.48|35.90|18.58,0.5496308733867787,0.5496308733867787,0.5959734820679463,1.299867931120402,0.0,1
sub_12_7,2000-01,XLK|XLI|XLE,False,24.09|21.98|21.19,-5.693846093241976,-5.7438460932419755,-5.833563669721597,-5.650176722175408,0.5,1
sub_12_7,2000-02,XLE|XLB|XLI,False,32.15|22.55|18.79,-6.358150521048016,-6.39148385438135,-1.5205642504048655,-5.80850279433909,0.3333333333333333,2
sub_12_7,2000-03,XLE|XLK|XLI,False,34.76|21.61|18.69,11.619687776707565,11.586354443374232,9.35980493776254,11.556908675940711,0.3333333333333333,1
sub_12_7,2000-04,XLI|XLU|XLK,False,15.65|13.14|12.72,0.2447363808418368,0.21140304750850344,-2.3729485615035406,-1.3746090353814109,0.3333333333333333,2
sub_12_7,2000-05,XLK|XLU|XLI,False,15.45|3.71|-1.65,-3.421679625503075,-3.421679625503075,-1.9616461472429236,0.2487314109498811,0.0,0
sub_12_7,2000-06,XLK|XLY|XLV,False,26.35|1.68|1.39,0.6169539205429435,0.5502872538762767,1.456238474450422,-1.6749111438909434,0.6666666666666666,1
sub_12_7,2000-07,XLK|XLV|XLY,False,33.08|5.89|4.58,-1.4156848421219745,-1.4156848421219745,-1.2462509511091957,0.10951115676426124,0.0,1
sub_12_7,2000-08,XLK|XLV|XLY,False,26.36|6.38|-1.04,3.2337085291092285,3.2337085291092285,6.701532983076808,4.786686130990134,0.0,1
sub_12_7,2000-09,XLK|XLV|XLY,False,34.90|4.11|-2.81,-6.526715389879749,-6.526715389879749,-5.6158440236747875,-1.580821203773423,0.0,0
sub_12_7,2000-10,XLK|XLV|XLY,False,46.82|15.06|12.58,-2.5295080211673886,-2.5295080211673886,-1.4079152069633283,1.85801211891522,0.0,0
sub_12_7,2000-11,XLK|XLV|XLE,False,29.41|8.23|7.49,-10.740130504673303,-10.773463838006636,-6.370773593339507,-4.488706639427889,0.3333333333333333,0
sub_12_7,2000-12,XLE|XLI|XLK,False,20.33|7.92|5.59,0.9096296926373371,0.8762963593040037,-0.5876104419242245,3.8377525981957623,0.3333333333333333,1
sub_12_7,2001-01,XLE|XLP|XLF,False,12.91|10.17|0.65,-3.9840455578993925,-4.05071222456606,3.863617707438549,2.243306873119107,0.6666666666666666,0
sub_12_7,2001-02,XLF|XLE|XLI,False,12.86|7.74|6.07,-5.036172784445969,-5.069506117779302,-9.518596633757316,-5.605954354066638,0.3333333333333333,0
sub_12_7,2001-03,XLF|XLE|XLI,False,39.23|24.79|23.38,-5.396949657472346,-5.396949657472346,-5.995016704883039,-4.915708037883197,0.0,0
sub_12_7,2001-04,XLU|XLF|XLP,False,22.67|20.29|18.47,3.9668925186821338,3.900225852015467,7.540850294849788,7.680558562344691,0.6666666666666666,0
sub_12_7,2001-05,XLU|XLP|XLF,False,21.82|20.31|18.11,1.465271308719407,1.465271308719407,0.903423585796026,1.688819232362251,0.0,1
sub_12_7,2001-06,XLU|XLP|XLF,False,22.04|16.18|9.63,-2.5453536634638523,-2.5453536634638523,-2.417384166865999,-3.192220864582359,0.0,1
sub_12_7,2001-07,XLF|XLU|XLP,False,25.05|24.60|13.95,0.08454568124772002,0.08454568124772002,-0.6758691089874369,-0.06301474815832986,0.0,1
sub_12_7,2001-08,XLU|XLF|XLE,False,15.80|14.64|10.89,-5.085429020462148,-5.11876235379548,-6.657370591660539,-5.663652318289266,0.3333333333333333,1
sub_12_7,2001-09,XLU|XLP|XLB,False,13.77|11.68|7.56,-4.007585583867024,-4.074252250533691,-8.397109961559735,-9.335906094566742,0.6666666666666666,2
sub_12_7,2001-10,XLB|XLY|XLP,False,13.28|5.29|-0.48,2.7226005750136157,2.689267241680282,2.5986072150763206,2.4336817961656836,0.3333333333333333,1
sub_12_7,2001-11,XLB|XLY|XLE,False,15.25|11.58|6.90,5.454633721875482,5.42130038854215,6.613528486571307,6.20634456742945,0.3333333333333333,1
sub_12_7,2001-12,XLB|XLY|XLE,False,22.79|17.14|11.75,3.885701208116162,3.885701208116162,1.6330388031293497,2.650456953523202,0.0,2
sub_12_7,2002-01,XLY|XLV|XLB,False,8.57|8.51|3.91,1.5355378984958237,1.5022045651624905,-1.7548359308440675,-1.1376846021026892,0.3333333333333333,2
sub_12_7,2002-02,XLB|XLY|XLU,False,6.47|1.58|-0.03,1.5951806549730014,1.561847321639668,-1.2114628614127376,0.6846620483798188,0.3333333333333333,1
sub_12_7,2002-03,XLB|XLY|XLF,False,4.68|-0.19|-3.63,2.1662615766511335,2.1329282433178,2.5395970141207425,2.876995848456919,0.3333333333333333,1
sub_12_7,2002-04,XLP|XLB|XLU,False,2.02|-2.85|-5.09,-4.2427335528644825,-4.30940021953115,-5.480179200454483,-3.9775768049815676,0.6666666666666666,0
sub_12_7,2002-05,SPY,True,-0.56|-9.84|-10.81,-0.815069227610643,-0.9150692276106431,-0.815069227610643,-0.05742976363995764,1.0,0
sub_12_7,2002-06,XLP|XLY|XLB,False,2.33|-1.46|-2.17,-5.701311170342879,-5.801311170342879,-7.062150204697881,-6.573587177467406,1.0,1
sub_12_7,2002-07,XLP|XLY|XLB,False,5.19|3.83|-1.71,-9.344549282842307,-9.344549282842307,-8.36864799971071,-9.569220672036616,0.0,1
sub_12_7,2002-08,XLY|XLP|XLB,False,2.68|1.40|0.86,-0.1150619537595099,-0.1150619537595099,-0.1650319207318951,-0.01529876424501728,0.0,1
sub_12_7,2002-09,XLY|XLB|XLP,False,13.14|6.64|3.03,-8.034107917570344,-8.034107917570344,-8.740737005402766,-8.469620943186024,0.0,1
sub_12_7,2002-10,XLY|XLV|XLB,False,31.15|26.19|24.68,4.400986707083673,4.36765337375034,7.181886823295902,5.2807104330130805,0.3333333333333333,1
sub_12_7,2002-11,XLV|XLY|XLB,False,24.79|21.10|15.66,9.147261163913074,9.147261163913074,8.058905820662755,7.491341170628201,0.0,2
sub_12_7,2002-12,XLV|XLE|XLB,False,13.38|8.70|7.74,-2.6536348564341687,-2.6869681897675024,-6.476857265482439,-4.415150484492672,0.3333333333333333,1
sub_12_7,2003-01,XLB|XLV|XLE,False,9.17|2.78|-0.95,-3.293507100422103,-3.293507100422103,-3.0500763518345186,-3.4346181330661425,0.0,2
sub_12_7,2003-02,XLV|XLB|XLF,False,0.56|-5.42|-10.66,-2.063177052754117,-2.0965103860874508,-1.0215772834292203,-1.3081744379722315,0.3333333333333333,0
sub_12_7,2003-03,SPY,True,-2.93|-7.39|-10.65,0.391382391403039,0.291382391403039,0.391382391403039,0.8473210202659639,1.0,0
sub_12_7,2003-04,SPY,True,-13.94|-23.12|-23.45,7.824092274740124,7.824092274740124,7.824092274740124,7.234255314618959,0.0,0
sub_12_7,2003-05,SPY,True,-8.36|-13.90|-16.31,6.103129951489361,6.103129951489361,6.103129951489361,6.66342853346385,0.0,0
sub_12_7,2003-06,SPY,True,-6.35|-6.83|-10.42,0.07308664947720533,0.07308664947720533,0.07308664947720533,-0.3328917010053679,0.0,0
sub_12_7,2003-07,SPY,True,-3.42|-6.20|-9.32,1.9948318717716518,1.9948318717716518,1.9948318717716518,1.665014198519674,0.0,0
sub_12_7,2003-08,XLK|XLV|XLE,False,1.18|-0.89|-2.52,2.9204715680882605,2.8204715680882604,2.470015258525926,2.843376440644167,1.0,2
sub_12_7,2003-09,XLK|XLE|XLV,False,2.53|-1.14|-4.03,-0.7585158133415242,-0.7585158133415242,-0.9987767786712065,-0.9674681350584703,0.0,1
sub_12_7,2003-10,XLK|XLE|XLV,False,21.21|6.58|5.96,3.084090394297016,3.084090394297016,5.496787226684341,5.117873988790812,0.0,1
sub_12_7,2003-11,XLU|XLB|XLK,False,12.09|8.47|6.04,1.362755786882075,1.2960891202154083,1.0401777281112468,1.2203599376250325,0.6666666666666666,1
sub_12_7,2003-12,XLU|XLE|XLF,False,19.93|10.23|6.06,8.061727780760515,7.995061114093849,5.070648057499372,6.0549980038125755,0.6666666666666666,1
sub_12_7,2004-01,XLU|XLY|XLK,False,17.74|17.55|15.34,1.9531138271155712,1.8864471604489046,1.754115988425542,0.8938745719844691,0.6666666666666666,1
sub_12_7,2004-02,XLY|XLK|XLB,False,23.85|21.80|19.83,1.730899438911689,1.6975661055783555,1.52151672578551,2.5675781051119686,0.3333333333333333,1
sub_12_7,2004-03,XLY|XLK|XLB,False,30.77|27.00|26.51,-1.617445593109738,-1.617445593109738,-1.7011193911041556,-1.325168574597984,0.0,1
sub_12_7,2004-04,XLK|XLF|XLY,False,27.83|23.62|21.66,-3.489663635947008,-3.5229969692803413,-1.5034681337102063,-1.3984535800605213,0.3333333333333333,0
sub_12_7,2004-05,XLK|XLB|XLY,False,25.69|20.61|18.83,1.599951611758373,1.5666182784250395,0.9786780258941308,0.7628441385065897,0.3333333333333333,2
sub_12_7,2004-06,XLB|XLK|XLI,False,19.64|17.40|15.40,5.356314922366493,5.32298158903316,1.9625356548072403,2.8810057275720986,0.3333333333333333,2
sub_12_7,2004-07,XLB|XLI|XLK,False,30.19|20.53|20.23,-4.277959918137056,-4.277959918137056,-3.553591372890308,-2.8276761246378306,0.0,0
sub_12_7,2004-08,XLE|XLK|XLI,False,22.58|21.59|17.85,-1.5621085516354807,-1.5954418849688141,0.6897141166739562,0.88291210066977,0.3333333333333333,0
sub_12_7,2004-09,XLE|XLF|XLB,False,21.28|19.34|18.10,4.393348314308328,4.326681647641662,1.6018604897499955,1.9106393326446518,0.6666666666666666,2
sub_12_7,2004-10,XLE|XLB|XLF,False,23.06|20.82|16.92,0.39828462375732787,0.39828462375732787,1.1580560793083006,1.6811618367373438,0.0,0
sub_12_7,2004-11,XLE|XLV|XLP,False,23.98|10.87|9.99,3.4701042289201345,3.4034375622534676,4.359085586782996,4.5784786895863725,0.6666666666666666,1
sub_12_7,2004-12,XLE|XLU|XLV,False,22.64|8.48|8.20,2.0338023536830634,2.00046902034973,3.3634029787840136,2.9661187046773057,0.3333333333333333,1
sub_12_7,2005-01,XLE|XLI|XLP,False,15.21|7.70|6.80,0.6625167275345529,0.5958500608678863,-2.7229515878797295,-1.7339971404286607,0.6666666666666666,2
sub_12_7,2005-02,XLE|XLI|XLB,False,16.14|3.64|3.43,8.684375902183117,8.651042568849784,2.1733689599560124,3.4350522195437523,0.3333333333333333,2
sub_12_7,2005-03,XLE|XLU|XLI,False,8.65|5.22|4.49,0.37538863468248307,0.34205530134914974,-1.426948177806564,-1.2457809200253251,0.3333333333333333,3
sub_12_7,2005-04,XLE|XLI|XLB,False,20.00|8.06|6.43,-5.581270895772664,-5.614604229105997,-2.157966182274973,-2.0681825943976926,0.3333333333333333,0
sub_12_7,2005-05,XLE|XLU|XLB,False,18.70|14.78|10.54,0.863000586849294,0.8296672535159607,2.9723192735632065,2.324405797502218,0.3333333333333333,1
sub_12_7,2005-06,XLE|XLU|XLB,False,27.09|18.47|16.27,3.5979232018643468,3.5979232018643468,0.34482778806159686,0.794260241452438,0.0,2
sub_12_7,2005-07,XLU|XLE|XLB,False,19.32|16.26|12.19,4.972361270005066,4.972361270005066,3.6668292626390597,4.0167137085408156,0.0,1
sub_12_7,2005-08,XLU|XLE|XLY,False,20.03|16.60|11.52,1.2697197633319557,1.2363864299986225,-1.0579229182699823,-1.051683931828546,0.3333333333333333,2
sub_12_7,2005-09,XLE|XLB|XLU,False,38.29|18.07|17.82,3.8096549461247817,3.7763216127914485,0.7863464972815537,1.4767754064546679,0.3333333333333333,2
sub_12_7,2005-10,XLE|XLU|XLB,False,23.59|18.37|10.50,-5.398860498675236,-5.398860498675236,-1.9356036676347221,-2.444767174335538,0.0,1
sub_12_7,2005-11,XLU|XLE|XLV,False,16.36|16.20|10.48,1.4611666590873096,1.4278333257539764,4.511488113958428,4.024587700507292,0.3333333333333333,0
sub_12_7,2005-12,XLE|XLU|XLV,False,11.89|11.32|9.73,1.9293424596473912,1.9293424596473912,-0.13197178822150768,0.025626276795304777,0.0,2
sub_12_7,2006-01,XLE|XLU|XLV,False,23.18|15.11|3.45,5.789984178800664,5.789984178800664,2.100792415386765,3.1975150157231056,0.0,1
sub_12_7,2006-02,XLE|XLU|XLV,False,27.58|15.26|9.18,-2.588924107428174,-2.588924107428174,0.6102071115774654,0.027085472657300484,0.0,0
sub_12_7,2006-03,XLE|XLU|XLV,False,16.23|13.58|5.62,0.009055397200300835,0.009055397200300835,1.5453353438806605,1.641164058075749,0.0,1
sub_12_7,2006-04,XLE|XLU|XLK,False,25.94|17.08|6.85,1.5985632790654014,1.565229945732068,1.076341516586088,1.2366993086961788,0.3333333333333333,1
sub_12_7,2006-05,XLE|XLF|XLK,False,21.12|8.22|8.21,-5.118854884174499,-5.152188217507832,-3.1110151725753266,-2.6531271579006193,0.3333333333333333,0
sub_12_7,2006-06,XLE|XLF|XLB,False,19.59|10.13|7.72,1.806388004449222,1.7730546711158885,0.4814309661810068,1.0909432813912954,0.3333333333333333,1
sub_12_7,2006-07,XLE|XLB|XLF,False,13.80|13.07|8.80,0.07191144320058962,0.07191144320058962,-0.07061146893159176,-0.16466601811800313,0.0,1
sub_12_7,2006-08,XLE|XLB|XLF,False,21.80|12.31|8.07,0.2367495457613722,0.2367495457613722,2.9841293767834287,2.6196476556690427,0.0,0
sub_12_7,2006-09,XLB|XLF|XLI,False,14.71|12.21|10.19,2.3125838423715335,2.2792505090382,2.2779727454498078,1.1528709149221872,0.3333333333333333,2
sub_12_7,2006-10,XLB|XLI|XLF,False,19.15|13.17|11.58,3.9559719037918217,3.9559719037918217,3.5045502124564365,4.012385920459874,0.0,1
sub_12_7,2006-11,XLB|XLE|XLI,False,23.11|17.70|17.28,4.633677347814605,4.600344014481273,1.6712551446628199,2.060952160006741,0.3333333333333333,2
sub_12_7,2006-12,XLE|XLB|XLI,False,12.74|9.75|8.94,-0.21018276700830452,-0.21018276700830452,1.7879157394860234,1.1782237224634462,0.0,0
sub_12_7,2007-01,XLE|XLI|XLB,False,13.55|8.29|7.25,2.3605360855044055,2.3605360855044055,1.3356883503850892,1.9702850766274218,0.0,1
sub_12_7,2007-02,XLU|XLP|XLF,False,6.93|6.44|4.70,-1.2379961515332125,-1.3379961515332124,-3.336822971439568,-2.3454501422347347,1.0,1
sub_12_7,2007-03,XLP|XLU|XLE,False,9.61|8.46|7.07,5.266083187549642,5.2327498542163084,2.4284996653643365,3.0451896293025595,0.3333333333333333,2
sub_12_7,2007-04,XLU|XLP|XLF,False,12.07|8.66|7.59,3.794455699204091,3.761122365870758,4.403513701287576,4.0748173689055465,0.3333333333333333,0
sub_12_7,2007-05,XLU|XLY|XLP,False,16.16|9.60|9.52,1.902385243696066,1.8690519103627325,3.678731146981784,3.8930541959361444,0.3333333333333333,0
sub_12_7,2007-06,XLU|XLK|XLY,False,17.33|15.36|12.87,-2.1350383009800007,-2.168371634313334,-1.533508596369959,-1.5177668312653623,0.3333333333333333,1
sub_12_7,2007-07,XLU|XLY|XLK,False,15.68|15.52|15.30,-3.8281170647643026,-3.8281170647643026,-3.7714375241283737,-3.6534406511420974,0.0,1
sub_12_7,2007-08,XLY|XLK|XLB,False,22.92|20.78|19.29,0.5897136252889679,0.5563802919556345,1.5635632701692659,1.4612591861319801,0.3333333333333333,0
sub_12_7,2007-09,XLB|XLY|XLU,False,18.91|16.92|12.72,3.889959776389725,3.856626443056392,3.9836746408564716,4.1302097436706715,0.3333333333333333,1
sub_12_7,2007-10,XLB|XLU|XLE,False,21.73|18.50|13.49,3.1363722806565963,3.1030389473232627,0.4521800088831407,1.1721103924658673,0.3333333333333333,2
sub_12_7,2007-11,XLU|XLB|XLE,False,18.06|16.55|14.42,-1.3719216543857882,-1.3719216543857882,-3.3270414114870417,-1.9699794558727366,0.0,1
sub_12_7,2007-12,XLB|XLU|XLE,False,18.29|15.54|13.58,2.740783468643641,2.740783468643641,-0.5953906079545601,-0.6673605514521402,0.0,2
sub_12_7,2008-01,XLE|XLB|XLI,False,18.40|16.92|12.04,-6.134164307085136,-6.167497640418469,-5.862279573192031,-5.417281805149573,0.3333333333333333,1
sub_12_7,2008-02,XLE|XLI|XLB,False,19.52|10.79|9.37,1.620809593099511,1.620809593099511,-3.479815325969171,-2.7388856709391263,0.0,2
sub_12_7,2008-03,XLE|XLK|XLI,False,23.48|12.86|12.07,1.9176008613381386,1.8842675280048051,0.8498420633142878,1.0764297945286094,0.3333333333333333,2
sub_12_7,2008-04,XLE|XLI|XLK,False,24.78|16.44|15.96,5.465422067205853,5.465422067205853,3.5701425013422217,3.4424146830571107,0.0,2
sub_12_7,2008-05,XLE|XLK|XLB,False,21.71|16.61|14.60,5.22851582434655,5.195182491013217,1.0478774040171723,1.9435210313149616,0.3333333333333333,3
sub_12_7,2008-06,XLE|XLP|XLU,False,8.17|6.35|3.56,-1.856096843733342,-1.9227635104000087,-9.066180804484192,-8.034157657872548,0.6666666666666666,2
sub_12_7,2008-07,XLE|XLU|XLP,False,15.62|8.52|7.61,-5.387065417790008,-5.387065417790008,0.47423795521601697,0.18205436706863537,0.0,1
sub_12_7,2008-08,XLU|XLP|XLB,False,4.73|4.61|2.78,0.4151499421259697,0.38181660879263635,2.2891721804646714,1.9889562047801803,0.3333333333333333,1
sub_12_7,2008-09,XLE|XLB|XLP,False,9.48|5.87|1.94,-10.436233969483123,-10.469567302816456,-10.838094471599913,-10.879421218881562,0.3333333333333333,1
sub_12_7,2008-10,XLP|XLE|XLU,False,0.62|-0.45|-3.25,-13.875029033119727,-13.908362366453058,-16.040580857505894,-16.620798642667626,0.3333333333333333,2
sub_12_7,2008-11,XLE|XLP|XLB,False,7.17|-1.65|-2.31,-6.997941999668777,-7.031275333002111,-9.578476264245628,-8.866509624284207,0.3333333333333333,2
sub_12_7,2008-12,XLE|XLB|XLI,False,17.69|8.22|-0.51,2.153640500059388,2.1203071667260542,4.187168982258016,3.7794810112755575,0.3333333333333333,0
sub_12_7,2009-01,XLE|XLB|XLU,False,12.12|0.84|-2.44,-5.345383477552801,-5.378716810886134,-9.807642348088208,-9.66814478310684,0.3333333333333333,2
sub_12_7,2009-02,XLE|XLB|XLP,False,7.49|1.86|1.71,-9.808009510782878,-9.841342844116213,-11.094694972337315,-10.988074463247413,0.3333333333333333,1
sub_12_7,2009-03,XLP|XLK|XLU,False,4.73|3.03|1.60,6.009519699641172,5.942853032974504,9.062428695625568,9.148536203244616,0.6666666666666666,0
sub_12_7,2009-04,XLP|XLV|XLY,False,0.17|-2.70|-8.53,7.666041464981155,7.599374798314488,11.346020976539805,12.428335269630983,0.6666666666666666,0
sub_12_7,2009-05,SPY,True,-11.79|-14.72|-26.32,7.124831011038291,7.024831011038291,7.124831011038291,7.055883883508479,1.0,0
sub_12_7,2009-06,SPY,True,-14.57|-21.60|-25.90,-0.8630150911244527,-0.8630150911244527,-0.8630150911244527,-1.2536072469957482,0.0,0
sub_12_7,2009-07,SPY,True,-9.39|-12.25|-23.42,8.132969960247083,8.132969960247083,8.132969960247083,8.564586693557203,0.0,0
sub_12_7,2009-08,SPY,True,-17.03|-17.92|-22.25,2.1031508693218015,2.1031508693218015,2.1031508693218015,1.8433557393402602,0.0,0
sub_12_7,2009-09,SPY,True,-26.53|-28.78|-31.23,1.5111395922221105,1.5111395922221105,1.5111395922221105,3.81569859210908,0.0,0
sub_12_7,2009-10,SPY,True,-18.44|-20.49|-21.28,1.0970858609727463,1.0970858609727463,1.0970858609727463,-1.6436803500853192,0.0,0
sub_12_7,2009-11,XLK|XLY|XLB,False,4.68|2.67|0.85,8.684247447167255,8.584247447167256,6.520671908506515,6.965318810401665,1.0,1
sub_12_7,2009-12,XLB|XLK|XLY,False,19.52|16.94|14.31,4.101929601536999,4.101929601536999,1.8526764088199643,2.3295700148866616,0.0,2
sub_12_7,2010-01,XLK|XLB|XLY,False,19.30|14.75|8.04,-7.130132948233099,-7.130132948233099,-3.755459055778265,-3.955837503620289,0.0,0
sub_12_7,2010-02,XLF|XLB|XLK,False,42.95|39.85|35.48,3.5699141166506854,3.536580783317352,2.8201527702017115,2.83254206110546,0.3333333333333333,1
sub_12_7,2010-03,XLF|XLB|XLY,False,96.37|55.66|50.67,8.553819581307165,8.520486247973832,6.371452004711253,6.074739213501711,0.3333333333333333,2
sub_12_7,2010-04,XLF|XLI|XLY,False,70.98|44.64|40.85,3.5979619704872143,3.564628637153881,1.3413110588180732,1.319226651700716,0.3333333333333333,2
sub_12_7,2010-05,XLF|XLE|XLK,False,32.02|21.84|20.46,-10.800020670345171,-10.866687337011838,-9.239405172634708,-8.844698379964518,0.6666666666666666,0
sub_12_7,2010-06,XLY|XLK|XLI,False,24.72|24.25|23.79,-6.575233221795081,-6.641899888461747,-4.346363416600607,-4.342374525780152,0.6666666666666666,0
sub_12_7,2010-07,XLY|XLB|XLI,False,30.11|29.11|28.05,11.952835072632036,11.919501739298703,8.570081091836412,9.026116004500615,0.3333333333333333,2
sub_12_7,2010-08,XLI|XLY|XLV,False,16.01|15.40|13.35,-4.195937831132427,-4.22927116446576,-4.6968411706861835,-3.929464649219762,0.3333333333333333,1
sub_12_7,2010-09,XLY|XLI|XLV,False,17.69|16.63|10.80,9.887723262154696,9.887723262154696,8.315920710199798,7.760862245666804,0.0,2
sub_12_7,2010-10,XLY|XLI|XLV,False,20.43|19.78|13.06,3.234743470014586,3.234743470014586,3.548138380525523,3.6194396352187748,0.0,0
sub_12_7,2010-11,XLY|XLI|XLB,False,30.79|30.07|16.74,2.8236403207060263,2.7903069873726927,0.9490395623053649,1.003216388166438,0.3333333333333333,2
sub_12_7,2010-12,XLY|XLI|XLF,False,13.94|8.67|0.74,6.850709505409751,6.8173761720764166,5.970357899873191,5.971841265362624,0.3333333333333333,1
sub_12_7,2011-01,SPY,True,-0.47|-1.65|-2.56,2.1703196668762414,2.0703196668762414,2.1703196668762414,1.703173212955532,1.0,0
sub_12_7,2011-02,XLI|XLY|XLB,False,11.55|9.31|6.91,3.1376555242416413,3.037655524241641,3.1747477705051708,3.0344411505994144,1.0,1
sub_12_7,2011-03,XLU|XLY|XLB,False,7.80|-0.57|-0.81,1.08456050459802,1.0512271712646868,0.3140745792148847,0.7856255856386385,0.3333333333333333,1
sub_12_7,2011-04,XLU|XLY|XLP,False,8.01|2.39|1.25,4.203141636543339,4.169808303210006,2.7434204704555487,2.9676094689292207,0.3333333333333333,2
sub_12_7,2011-05,XLU|XLP|XLB,False,6.38|5.62|4.93,0.15055488319644095,0.11722154986310762,-1.8676693280748613,-1.4840400349347673,0.3333333333333333,2
sub_12_7,2011-06,XLE|XLB|XLY,False,19.29|17.28|12.40,-0.4863114312695112,-0.5529780979361779,-1.3122792137051809,-1.099057896557808,0.6666666666666666,2
sub_12_7,2011-07,XLB|XLE|XLY,False,39.27|38.62|29.60,0.43276480964533626,0.43276480964533626,-0.9462909674104125,-0.8595439942940986,0.0,1
sub_12_7,2011-08,XLE|XLB|XLI,False,37.10|23.53|20.87,-9.37442755457076,-9.407760887904093,-6.534710025282298,-6.027682418163762,0.3333333333333333,0
sub_12_7,2011-09,XLE|XLI|XLY,False,54.79|32.63|31.73,-11.061327592018207,-11.09466092535154,-7.53784931214343,-8.407278002477941,0.3333333333333333,0
sub_12_7,2011-10,XLE|XLB|XLI,False,43.37|23.49|21.58,13.848767008687698,13.815433675354367,8.480791723140824,8.87881198239538,0.3333333333333333,3
sub_12_7,2011-11,XLE|XLI|XLB,False,36.92|21.41|18.79,4.427536531792945,4.427536531792945,2.310893652589341,2.717818312162734,0.0,2
sub_12_7,2011-12,XLE|XLV|XLI,False,23.93|20.46|16.49,2.5097480119644118,2.476414678631078,2.9797609049494245,2.7693642614941893,0.3333333333333333,1
sub_12_7,2012-01,XLV|XLE|XLU,False,13.86|11.18|8.98,-0.19436350991455242,-0.22769684324788578,3.545766755769053,3.3287884861905224,0.3333333333333333,0
sub_12_7,2012-02,XLV|XLP|XLY,False,8.72|8.11|7.38,2.9460794431316923,2.8794127764650255,3.7946617701257512,3.0084407477586805,0.6666666666666666,1
sub_12_7,2012-03,XLU|XLP|XLV,False,7.67|5.26|3.20,2.910151780344454,2.87681844701112,2.874024327329261,2.1492944497259825,0.3333333333333333,1
sub_12_7,2012-04,XLU|XLP|XLV,False,7.65|0.54|-3.18,0.5846732385363891,0.5846732385363891,-0.6043683532627409,-0.19998732850897458,0.0,2
sub_12_7,2012-05,XLU|XLP|XLK,False,7.25|-0.12|-1.97,-3.433516617785696,-3.466849951119029,-7.425425505089556,-6.997826075821628,0.3333333333333333,2
sub_12_7,2012-06,XLU|XLP|XLK,False,6.09|0.13|-2.42,4.937544033705662,4.937544033705662,6.009699831670456,5.832506166442866,0.0,0
sub_12_7,2012-07,XLU|XLP|XLK,False,9.78|5.73|-0.16,2.6564808321864737,2.6564808321864737,1.6266185088087637,1.6391914019598843,0.0,2
sub_12_7,2012-08,XLU|XLV|XLI,False,6.80|6.08|5.73,-1.1044267978415956,-1.1710934645082622,1.6870845688943037,1.1076105099481512,0.6666666666666666,0
sub_12_7,2012-09,XLK|XLI|XLY,False,19.42|16.32|16.02,2.5194761776578716,2.452809510991205,3.014381255565568,3.0370472765277357,0.6666666666666666,0
sub_12_7,2012-10,XLF|XLY|XLI,False,35.07|30.50|29.52,-0.11986662645941577,-0.15319995979274909,-1.9858692604761696,-1.3521754379572988,0.3333333333333333,2
sub_12_7,2012-11,XLY|XLK|XLF,False,17.93|15.52|15.40,1.287437335479439,1.2541040021461058,0.8118765803845518,0.6166703693586666,0.3333333333333333,1
sub_12_7,2012-12,XLY|XLF|XLK,False,12.24|10.42|9.85,3.373939956857449,3.373939956857449,2.3383573619460973,2.6957555906657675,0.0,1
sub_12_7,2013-01,XLK|XLF|XLY,False,13.69|13.52|12.94,2.83911133915673,2.83911133915673,3.817839317279037,3.9973739990227846,0.0,0
sub_12_7,2013-02,XLP|XLU|XLK,False,12.60|11.38|9.02,1.0564576608943979,0.9897909942277313,0.2920436510879476,0.1787964907597201,0.6666666666666666,2
sub_12_7,2013-03,XLV|XLP|XLY,False,8.48|8.01|6.16,5.739243040568512,5.672576373901846,4.101122697936299,4.374452336054886,0.6666666666666666,2
sub_12_7,2013-04,XLV|XLP|XLU,False,7.78|6.61|5.93,3.5971512161245167,3.5638178827911835,1.7497950280831676,1.6566114641407226,0.3333333333333333,2
sub_12_7,2013-05,XLV|XLU|XLP,False,7.83|5.55|4.99,-2.538448381885128,-2.538448381885128,2.824323252247085,2.0312615652100963,0.0,0
sub_12_7,2013-06,XLF|XLE|XLV,False,13.50|12.72|12.47,-1.3786184845066884,-1.445285151173355,-1.0478470995193945,-0.9781630655737055,0.6666666666666666,0
sub_12_7,2013-07,XLF|XLY|XLE,False,13.12|9.44|8.64,5.49442167278571,5.461088339452377,5.413600414191211,5.247581670612181,0.3333333333333333,1
sub_12_7,2013-08,XLF|XLY|XLB,False,19.79|16.28|13.58,-2.250953527513873,-2.2842868608472067,-2.8001274576521573,-2.6186475155076043,0.3333333333333333,1
sub_12_7,2013-09,XLF|XLI|XLV,False,17.24|14.24|13.03,2.948131009152159,2.881464342485492,2.257158376016055,2.3212249792733024,0.6666666666666666,1
sub_12_7,2013-10,XLF|XLI|XLV,False,17.93|15.66|15.65,4.22246975522386,4.22246975522386,4.686563526110166,4.6617238622852915,0.0,0
sub_12_7,2013-11,XLY|XLV|XLF,False,19.65|19.39|18.75,3.951317699611242,3.9179843662779086,2.8803604595240895,2.15230446070801,0.3333333333333333,2
sub_12_7,2013-12,XLF|XLV|XLY,False,27.10|20.72|19.19,1.5553760701285002,1.5553760701285002,2.147530062549996,2.0590998821595834,0.0,0
sub_12_7,2014-01,XLV|XLY|XLF,False,20.44|19.62|19.55,-2.6844877226119945,-2.6844877226119945,-3.2666779944027224,-2.8650273032318414,0.0,1
sub_12_7,2014-02,XLV|XLY|XLF,False,19.96|19.17|18.77,4.055699969758231,4.055699969758231,3.753419791207402,3.9458704192433838,0.0,1
sub_12_7,2014-03,XLV|XLY|XLF,False,14.28|13.96|11.34,1.1125013762137739,1.1125013762137739,2.0568892936757344,2.1445807965093717,0.0,1
sub_12_7,2014-04,XLY|XLI|XLV,False,15.10|12.22|11.05,-0.5197704775423251,-0.5531038108756584,0.31980327260308083,0.9642934382941972,0.3333333333333333,0
sub_12_7,2014-05,XLI|XLY|XLV,False,18.44|16.83|12.46,2.578016073881602,2.578016073881602,2.5129982714575005,2.099435628460315,0.0,1
sub_12_7,2014-06,XLY|XLI|XLV,False,17.61|16.91|15.86,1.7176062240826055,1.7176062240826055,2.1715998716967277,2.414997520682707,0.0,1
sub_12_7,2014-07,XLI|XLB|XLY,False,23.75|21.89|19.32,-2.8646238759097886,-2.8979572092431223,-1.8552276192493444,-2.7242935781053523,0.3333333333333333,1
sub_12_7,2014-08,XLI|XLK|XLV,False,11.86|10.81|10.59,4.599047195802175,4.532380529135508,4.367489333758434,4.420868919172616,0.6666666666666666,1
sub_12_7,2014-09,XLV|XLI|XLB,False,21.76|19.36|17.77,-0.9055455736126983,-0.9388789069460316,-1.6671827911779902,-1.8094070651759733,0.3333333333333333,1
sub_12_7,2014-10,XLV|XLK|XLI,False,16.49|14.50|13.82,3.841139398487855,3.8078060651545216,2.653765266607633,2.5575443351073113,0.3333333333333333,2
sub_12_7,2014-11,XLU|XLV|XLI,False,13.55|10.97|10.10,2.1383527218242033,2.1050193884908697,2.218708576317585,1.6103356465749736,0.3333333333333333,0
sub_12_7,2014-12,XLU|XLB|XLE,False,14.53|11.83|11.32,1.4304160783146482,1.3637494116479818,0.5421987885517954,0.847957091962126,0.6666666666666666,1
sub_12_7,2015-01,XLU|XLE|XLV,False,18.54|14.18|10.52,-0.1703691730063535,-0.20370250633968684,-3.0671973207978653,-2.3664099507213066,0.3333333333333333,2
sub_12_7,2015-02,XLE|XLK|XLB,False,17.00|13.01|11.43,6.33363421766157,6.266967550994903,5.363680018241768,4.474103713151774,0.6666666666666666,2
sub_12_7,2015-03,XLE|XLK|XLU,False,13.73|11.80|8.81,-1.8442310353808316,-1.877564368714165,-1.6456564493010695,-1.849725417102224,0.3333333333333333,1
sub_12_7,2015-04,XLK|XLV|XLP,False,10.75|10.07|6.15,0.8249132228095757,0.758246556142909,1.458393621097076,1.5764868269910155,0.6666666666666666,1
sub_12_7,2015-05,XLV|XLK|XLF,False,16.59|12.21|9.44,2.716219773946589,2.682886440613256,1.2129824258695132,0.6689840395490044,0.3333333333333333,3
sub_12_7,2015-06,XLV|XLK|XLP,False,17.28|13.35|10.91,-1.7073517438340808,-1.7406850771674143,-1.5096440707145442,-2.01470547975458,0.3333333333333333,1
sub_12_7,2015-07,XLV|XLP|XLF,False,13.23|10.15|9.76,2.9310635866911223,2.8977302533577887,1.3142414658735113,0.5343953840383664,0.3333333333333333,1
sub_12_7,2015-08,XLU|XLV|XLP,False,19.25|14.55|12.82,-7.646796211531197,-7.68012954486453,-8.23913235524797,-7.679375063983046,0.3333333333333333,1
sub_12_7,2015-09,XLV|XLP|XLY,False,13.95|12.32|11.22,0.417790413703741,0.3844570803704076,-0.021422144247229546,-0.2724461942576423,0.3333333333333333,2
sub_12_7,2015-10,XLV|XLY|XLP,False,14.18|13.83|9.49,7.712555644519877,7.712555644519877,8.454813230096981,8.042896019663354,0.0,1
sub_12_7,2015-11,XLY|XLV|XLK,False,11.42|7.29|6.01,0.1706725694017493,0.13733923606841597,0.5376361400710294,0.27578983343072727,0.3333333333333333,1
sub_12_7,2015-12,XLV|XLY|XLB,False,8.36|7.05|3.99,-3.8644832740614143,-3.8978166073947476,-3.703607771570605,-3.6647489368908,0.3333333333333333,1
sub_12_7,2016-01,XLV|XLY|XLK,False,9.47|6.70|0.98,-4.367730731199501,-4.401064064532834,-3.9702503349070106,-3.6901771619949995,0.3333333333333333,1
sub_12_7,2016-02,XLY|XLV|XLF,False,15.37|11.26|10.45,0.3448591224480121,0.3115257891146787,1.2881241103208874,2.276612181818316,0.3333333333333333,0
sub_12_7,2016-03,SPY,True,-0.66|-1.81|-3.00,5.329953532726184,5.229953532726183,5.329953532726184,5.502393522766101,1.0,0
sub_12_7,2016-04,SPY,True,-0.75|-0.76|-1.95,1.2576372017132131,1.2576372017132131,1.2576372017132131,2.3424161522173956,0.0,0
sub_12_7,2016-05,XLY|XLP|XLK,False,8.26|4.43|3.44,1.3649725893420208,1.264972589342021,1.0631931353876078,0.503536633874176,1.0,1
sub_12_7,2016-06,XLY|XLP|XLK,False,6.61|2.58|2.28,1.3073636569102396,1.3073636569102396,0.6931143166805764,1.664797550784157,0.0,1
sub_12_7,2016-07,XLP|XLU|XLK,False,7.54|6.46|4.44,1.500090771488464,1.4667574381551307,3.6805473230418606,2.6765963540520743,0.3333333333333333,1
sub_12_7,2016-08,XLU|XLP|XLK,False,5.30|2.29|-2.22,-1.7774954343541483,-1.7774954343541483,0.0828418067206238,-0.2608738916120518,0.0,0
sub_12_7,2016-09,XLU|XLP|XLK,False,11.21|9.12|2.81,0.40024202243014173,0.40024202243014173,-0.21152435009528237,-0.13833530012054132,0.0,2
sub_12_7,2016-10,XLU|XLP|XLB,False,16.68|13.85|13.48,-0.6591633182077634,-0.6924966515410967,-1.339061972313449,-1.2303945031123888,0.3333333333333333,1
sub_12_7,2016-11,XLU|XLP|XLB,False,12.66|6.17|5.16,-1.1834902945538608,-1.1834902945538608,3.6631794367542714,3.994351340161194,0.0,0
sub_12_7,2016-12,XLU|XLP|XLB,False,16.84|7.89|3.77,3.063901891774057,3.063901891774057,2.5535173309134906,2.3205489712577396,0.0,2
sub_12_7,2017-01,XLU|XLE|XLP,False,23.14|14.69|10.45,-0.5663680936720132,-0.5997014270053465,1.1064900829760083,1.383352087922491,0.3333333333333333,0
sub_12_7,2017-02,XLB|XLE|XLI,False,26.65|17.35|17.34,1.4875171531999722,1.4208504865333058,4.772991889240985,3.83448282642234,0.6666666666666666,0
sub_12_7,2017-03,XLE|XLF|XLB,False,22.75|17.60|17.16,-2.370088508087609,-2.4034218414209425,-0.6561410008013024,-0.6566900921915647,0.3333333333333333,0
sub_12_7,2017-04,XLE|XLK|XLB,False,15.53|8.68|7.65,0.28526028650271984,0.2519269531693865,1.2213519970946773,0.976840730121447,0.3333333333333333,1
sub_12_7,2017-05,XLK|XLF|XLU,False,13.57|5.31|3.80,2.092952978461145,2.0262863117944785,1.3784387921548458,0.9626123557695407,0.6666666666666666,2
sub_12_7,2017-06,XLF|XLI|XLE,False,17.86|12.83|12.72,2.7534373277586637,2.6867706610919972,0.8655557982382822,0.7452449846296758,0.6666666666666666,1
sub_12_7,2017-07,XLF|XLK|XLI,False,26.37|12.46|12.38,2.096758820722862,2.063425487389529,1.8857285546578062,1.807844697400322,0.3333333333333333,1
sub_12_7,2017-08,XLF|XLI|XLE,False,22.46|10.47|9.42,-2.3775789099384603,-2.410912243271794,0.18586323048019882,-0.2057223045530601,0.3333333333333333,0
sub_12_7,2017-09,XLF|XLI|XLK,False,24.15|13.71|12.36,3.177301054581242,3.143967721247909,1.9433949447759558,2.1622195872076295,0.3333333333333333,2
sub_12_7,2017-10,XLF|XLI|XLK,False,23.95|12.63|12.50,3.779033279923527,3.779033279923527,2.60449412902255,2.324271981121811,0.0,1
sub_12_7,2017-11,XLF|XLI|XLY,False,20.17|17.20|16.34,3.821224972212874,3.787891638879541,2.6042547809218775,2.762237428678123,0.3333333333333333,2
sub_12_7,2017-12,XLK|XLU|XLP,False,20.00|17.16|13.41,-0.7448967676264979,-0.844896767626498,1.6804188784704355,1.4649274436942674,0.9999999999999999,0
sub_12_7,2018-01,XLV|XLK|XLY,False,15.82|14.04|10.78,6.687919141234973,6.621252474568307,4.93951569529838,3.771111869036603,0.6666666666666666,3
sub_12_7,2018-02,XLK|XLV|XLU,False,15.04|14.15|9.92,-2.558407622245433,-2.591740955578766,-3.4368920430192462,-4.393584075994203,0.3333333333333333,1
sub_12_7,2018-03,XLK|XLV|XLU,False,13.27|9.23|7.86,-1.2401560166445966,-1.2401560166445966,-2.8769993511332914,-1.994062531596705,0.0,1
sub_12_7,2018-04,XLK|XLV|XLI,False,11.71|10.75|10.15,-0.32227491690183985,-0.3556082502351732,0.5027716875896759,0.8851331626534521,0.3333333333333333,0
sub_12_7,2018-05,XLK|XLF|XLB,False,16.64|13.95|12.30,3.8184887674206727,3.751822100754006,3.2364525070657457,2.2611258195382518,0.6666666666666666,1
sub_12_7,2018-06,XLF|XLK|XLB,False,19.31|13.79|13.34,-2.2312284990333624,-2.2312284990333624,-0.6203415701877213,-0.20059218598089432,0.0,0
sub_12_7,2018-07,XLK|XLF|XLB,False,17.72|14.13|13.65,4.591276564202581,4.591276564202581,4.471052155073907,4.197802600553148,0.0,1
sub_12_7,2018-08,XLK|XLF|XLY,False,20.63|19.58|18.83,3.5795779933313954,3.546244659998062,2.9408098484925427,1.6453409859088188,0.3333333333333333,2
sub_12_7,2018-09,XLF|XLY|XLK,False,17.92|16.88|16.72,0.2908010316192514,0.2908010316192514,1.2393882873604323,1.0781600787804557,0.0,0
sub_12_7,2018-10,XLY|XLK|XLF,False,13.16|11.45|7.50,-7.912223125172195,-7.912223125172195,-7.021323647515388,-6.3472821896715,0.0,1
sub_12_7,2018-11,XLY|XLE|XLK,False,13.45|10.19|4.70,1.663166176374653,1.6298328430413196,3.1958971957459115,3.4797088826699323,0.3333333333333333,1
sub_12_7,2018-12,XLE|XLK|XLY,False,11.54|10.24|10.12,-13.182426947643219,-13.182426947643219,-11.725282596055065,-11.32319178729047,0.0,0
sub_12_7,2019-01,XLY|XLK|XLE,False,11.37|9.36|6.56,11.423887810758204,11.423887810758204,9.82601937459886,9.124302061898204,0.0,2
sub_12_7,2019-02,XLU|XLE|XLK,False,5.16|4.47|4.30,4.681216559096479,4.647883225763146,3.8089823915387955,3.803827788406306,0.3333333333333333,2
sub_12_7,2019-03,XLE|XLY|XLK,False,13.09|13.00|11.64,3.6214094527817173,3.588076119448384,1.966237693957562,1.7168925854020967,0.3333333333333333,2
sub_12_7,2019-04,XLV|XLY|XLK,False,17.78|16.38|15.95,2.6717811075833637,2.63844777425003,3.5194451111234537,2.8081489768165317,0.3333333333333333,2
sub_12_7,2019-05,XLP|XLV|XLK,False,10.66|8.65|6.60,-5.103697021231387,-5.13703035456472,-6.585909248883814,-6.3920766119348995,0.3333333333333333,2
sub_12_7,2019-06,XLV|XLP|XLU,False,17.22|14.97|10.99,5.288862181506282,5.255528848172949,8.286285126374636,8.40956701391608,0.3333333333333333,0
sub_12_7,2019-07,XLV|XLU|XLP,False,4.53|3.64|0.15,-0.2130407281210167,-0.2130407281210167,0.31013350571063025,-0.38129151507435316,0.0,1
sub_12_7,2019-08,XLU|XLV|XLP,False,5.55|2.82|1.29,1.8298104632750538,1.8298104632750538,-2.3622713920203986,-2.1917599867480084,0.0,3
sub_12_7,2019-09,XLU|XLP|XLI,False,8.49|2.69|0.11,3.5147271705713377,3.4813938372380044,2.940759515443414,3.578696170411138,0.3333333333333333,1
sub_12_7,2019-10,XLU|XLP|XLK,False,12.25|5.57|-1.02,1.0445036008550512,1.011170267521718,2.411503955220984,1.2934660921608616,0.3333333333333333,1
sub_12_7,2019-11,XLY|XLK|XLI,False,14.78|14.44|12.97,3.233362921013557,3.16669625434689,3.171385812245986,2.366426731284367,0.6666666666666666,1
sub_12_7,2019-12,XLK|XLU|XLY,False,6.62|6.46|3.49,4.170971724225669,4.137638390892336,3.350568662117981,3.5913296661215357,0.3333333333333333,2
sub_12_7,2020-01,XLK|XLI|XLY,False,26.76|21.42|21.22,0.8061578258974392,0.7728244925641059,-0.05872095630203855,-1.456698606746033,0.3333333333333333,1
sub_12_7,2020-02,XLK|XLP|XLY,False,22.69|12.78|11.74,-7.302801934926483,-7.3361352682598175,-7.774861158058622,-8.995198441720436,0.3333333333333333,2
sub_12_7,2020-03,XLP|XLK|XLU,False,13.21|13.00|11.47,-11.861446224703354,-11.894779558036687,-16.354868132899124,-18.381160290570932,0.3333333333333333,2
sub_12_7,2020-04,XLU|XLP|XLF,False,13.05|10.95|10.02,9.501078456348083,9.467745123014748,15.053688810206523,15.59977982196463,0.3333333333333333,0
sub_12_7,2020-05,XLU|XLP|XLV,False,11.16|7.42|7.05,3.848276094959561,3.8149427616262277,6.4175464846732755,6.244391688691985,0.3333333333333333,0
sub_12_7,2020-06,XLK|XLF|XLB,False,23.45|17.10|15.08,3.1011485146628033,3.001148514662803,2.4083745260395917,0.9923789414326799,1.0,1
sub_12_7,2020-07,XLK|XLF|XLV,False,18.22|12.66|11.59,5.499277270444888,5.465943937111555,6.056804208977562,4.914315804645598,0.3333333333333333,0
sub_12_7,2020-08,XLK|XLU|XLV,False,18.78|17.64|10.40,3.448274315568963,3.41494098223563,6.66725231956935,4.204241138181269,0.3333333333333333,1
sub_12_7,2020-09,XLK|XLV|XLU,False,11.83|3.74|0.91,-1.6039166754305056,-1.6039166754305056,-3.1890036061092975,-2.4722722110811293,0.0,1
sub_12_7,2020-10,XLK|XLV|XLP,False,0.65|-0.19|-10.08,-3.428564365735435,-3.461897699068768,-2.218002834468824,-0.912460611514105,0.3333333333333333,0
sub_12_7,2020-11,XLK|XLV|XLY,False,10.18|6.90|-2.73,9.426489291293187,9.393155957959854,10.711657703333067,12.207220013838379,0.3333333333333333,0
sub_12_7,2020-12,XLK|XLV|XLY,False,12.07|5.15|2.25,3.5589695927516964,3.5589695927516964,3.101986930396561,2.348918221865697,0.0,2
sub_12_7,2021-01,XLK|XLY|XLV,False,14.90|2.56|-0.86,0.9903896378057775,0.9903896378057775,-0.4236570553943886,-0.5520115631217459,0.0,2
sub_12_7,2021-02,XLK|XLY|XLV,False,16.77|10.11|7.42,-0.225846385631275,-0.225846385631275,3.1761778447841005,4.565670928174425,0.0,0
sub_12_7,2021-03,XLK|XLY|XLB,False,40.93|30.51|20.94,3.902167155884184,3.868833822550851,3.660558877224318,4.852519968550991,0.3333333333333333,0
sub_12_7,2021-04,XLY|XLK|XLB,False,50.53|45.93|42.74,5.596865655972386,5.596865655972386,5.278638727630258,4.584440173627987,0.0,2
sub_12_7,2021-05,XLY|XLB|XLK,False,23.16|23.03|21.88,0.34412733266982276,0.34412733266982276,0.7486273593221959,1.8794677050886295,0.0,1
sub_12_7,2021-06,XLI|XLB|XLY,False,31.17|29.33|27.19,-1.7167691697435112,-1.7501025030768447,1.8228962891056577,0.1398168781344343,0.3333333333333333,1
sub_12_7,2021-07,XLI|XLB|XLF,False,29.93|29.71|28.79,0.7380932299926128,0.7047598966592795,2.6745003907685305,1.0908406404712923,0.3333333333333333,0
sub_12_7,2021-08,XLF|XLI|XLY,False,21.79|19.13|18.73,2.2525898005490097,2.219256467215676,2.7751140253600814,1.8250823773904437,0.3333333333333333,1
sub_12_7,2021-09,XLE|XLF|XLB,False,39.12|30.34|17.90,0.5124005451224638,0.44573387845579704,-4.463331924018554,-3.0143346862101477,0.6666666666666666,2
sub_12_7,2021-10,XLE|XLF|XLI,False,67.76|42.85|28.81,8.228799363331895,8.195466029998562,6.803100170373799,7.181729761151533,0.3333333333333333,1
sub_12_7,2021-11,XLE|XLF|XLI,False,76.12|53.46|35.32,-3.5808208991793897,-3.5808208991793897,0.29112142745606473,-0.764344052897708,0.0,0
sub_12_7,2021-12,XLE|XLF|XLB,False,45.46|37.60|24.05,3.043399431438032,3.0100660981046983,3.5381095861861667,4.709649915011957,0.3333333333333333,0
sub_12_7,2022-01,XLE|XLF|XLI,False,45.11|25.50|16.36,4.307497076544764,4.274163743211431,-5.378977932437145,-2.4324076571198234,0.3333333333333333,2
sub_12_7,2022-02,XLE|XLF|XLI,False,28.24|27.21|22.69,1.4660100969781023,1.4660100969781023,-3.470294596527357,-1.417429267711254,0.0,2
sub_12_7,2022-03,XLK|XLV|XLF,False,22.03|20.96|19.85,3.9839865337374234,3.9173198670707565,4.523295526018423,5.4837220242367035,0.6666666666666666,0
sub_12_7,2022-04,XLK|XLF|XLV,False,12.84|11.14|9.86,-8.858777499208248,-8.858777499208248,-9.097501916637096,-6.050005422486795,0.0,0
sub_12_7,2022-05,XLE|XLK|XLY,False,18.98|16.04|12.76,4.80016142351856,4.733494756851893,0.7522968783454376,2.156170705459468,0.6666666666666666,1
sub_12_7,2022-06,XLK|XLY|XLE,False,22.35|18.64|6.91,-13.021351316314057,-13.021351316314057,-8.90799032823686,-9.21094501785052,0.0,0
sub_12_7,2022-07,XLK|XLU|XLY,False,18.18|14.96|14.84,11.998328943719956,11.964995610386623,8.654646242288266,7.800747630147094,0.3333333333333333,2
sub_12_7,2022-08,XLE|XLF|XLP,False,36.84|7.93|7.63,-0.20038990053163155,-0.3003899005316315,-3.9740903612437983,-2.6692370604143423,0.9999999999999999,2
sub_12_7,2022-09,XLE|XLP|XLF,False,49.51|5.01|1.23,-6.133907890188869,-6.133907890188869,-7.7188945228410795,-7.021730184383218,0.0,2
sub_12_7,2022-10,XLE|XLU|XLB,False,50.07|18.26|12.41,10.788549151511706,10.72188248484504,8.048073400538257,9.565802340203458,0.6666666666666666,1
sub_12_7,2022-11,XLE|XLP|XLU,False,33.72|10.21|8.06,4.446001380019285,4.412668046685953,4.775191133060641,5.3948990525778076,0.3333333333333333,1
sub_12_7,2022-12,XLE|XLU|XLP,False,63.35|14.66|7.16,-2.66980539806642,-2.66980539806642,-5.537304035527946,-4.742087324578013,0.0,2
sub_12_7,2023-01,XLE|XLU|XLP,False,31.54|-0.58|-5.26,-0.32807176787912706,-0.32807176787912706,5.421842259970222,3.9052928813821643,0.0,0
sub_12_7,2023-02,XLE|XLU|XLV,False,21.45|8.36|1.63,-5.828529984227729,-5.861863317561062,-2.4184911401779585,-2.948032438925345,0.3333333333333333,0
sub_12_7,2023-03,XLE|XLU|XLP,False,16.44|11.05|-1.21,4.602879538422741,4.569546205089408,3.7936148610610454,2.1613612164479807,0.3333333333333333,2
sub_12_7,2023-04,SPY,True,-3.69|-10.72|-10.83,1.6191885833457098,1.5191885833457097,1.6191885833457098,0.9328106808045337,1.0,0
sub_12_7,2023-05,XLE|XLV|XLI,False,22.42|2.73|0.08,-5.305709397794289,-5.40570939779429,0.6305880044671142,-2.9493234872817498,1.0,1
sub_12_7,2023-06,XLI|XLE|XLV,False,8.40|6.85|6.00,7.1187366819881985,7.1187366819881985,6.332447360556603,6.82691585122808,0.0,1
sub_12_7,2023-07,XLE|XLI|XLF,False,24.93|13.52|10.00,4.930527227003748,4.897193893670416,3.014074316919091,2.96598517251569,0.3333333333333333,3
sub_12_7,2023-08,XLE|XLF|XLB,False,17.12|9.71|9.66,-0.2067221506051727,-0.24005548393850606,-0.6794212232044128,-1.3052122930467869,0.3333333333333333,1
sub_12_7,2023-09,XLB|XLI|XLF,False,9.83|9.69|9.33,-5.636078202894482,-5.669411536227815,-5.526650863663074,-5.044958963867706,0.3333333333333333,1
sub_12_7,2023-10,XLK|XLI|XLB,False,27.78|23.23|19.89,-1.7839124404481506,-1.817245773781484,-1.739250221468902,-2.093811043601394,0.3333333333333333,1
sub_12_7,2023-11,XLK|XLB|XLP,False,18.56|9.91|7.74,8.347851437268616,8.314518103935283,8.723767223022772,7.031324568697034,0.3333333333333333,1
sub_12_7,2023-12,XLK|XLY|XLI,False,21.44|4.32|-3.94,5.1790501041386525,5.112383437471986,4.016132635908676,3.6889900526348773,0.6666666666666666,2
sub_12_7,2024-01,XLK|XLY|XLI,False,40.32|32.14|10.16,0.3994412969662335,0.3994412969662335,2.641058501606408,0.4491217313046938,0.0,1
sub_12_7,2024-02,XLK|XLY|XLI,False,31.74|17.43|9.29,6.110146936539551,6.110146936539551,5.024442713923216,4.121929444411619,0.0,2
sub_12_7,2024-03,XLK|XLY|XLE,False,29.22|17.89|8.30,3.6324443909088844,3.599111057575551,3.237372332964039,4.440651620036519,0.3333333333333333,1
sub_12_7,2024-04,XLE|XLK|XLY,False,10.90|9.02|8.06,-4.129509038155717,-4.129509038155717,-4.285740268698779,-3.369948685973794,0.0,1
sub_12_7,2024-05,XLK|XLY|XLE,False,9.20|3.26|1.70,2.719496705640212,2.719496705640212,5.512780682153906,3.37334298205963,0.0,1
sub_12_7,2024-06,XLF|XLK|XLE,False,14.05|13.19|12.23,2.1450997358625616,2.1117664025292284,3.4725044564379415,0.5718487558954124,0.3333333333333333,1
sub_12_7,2024-07,XLF|XLK|XLI,False,12.59|11.19|7.23,2.2726629557770646,2.239329622443731,1.271914921413897,2.825265203443196,0.3333333333333333,1
sub_12_7,2024-08,XLK|XLF|XLV,False,11.32|10.74|5.54,2.6205032133000334,2.5871698799667,1.4296948467976023,1.9196931162538005,0.3333333333333333,1
sub_12_7,2024-09,XLF|XLK|XLI,False,18.44|18.34|12.87,2.3202193844516272,2.2868860511182936,2.620796508411072,2.5261561937348542,0.3333333333333333,0
sub_12_7,2024-10,XLF|XLK|XLI,False,28.09|27.54|25.31,0.45629733146377305,0.45629733146377305,-0.36275018480911303,-0.7726440073790666,0.0,1
sub_12_7,2024-11,XLF|XLI|XLK,False,25.81|24.61|20.13,7.462099501198168,7.462099501198168,5.539788521976052,5.449699127691827,0.0,2
sub_12_7,2024-12,XLU|XLF|XLI,False,17.93|17.00|16.37,-6.570889791736863,-6.604223125070197,-1.9231796140200652,-5.3780798923808195,0.3333333333333333,0
sub_12_7,2025-01,XLK|XLE|XLF,False,17.93|10.48|10.18,0.7474260267033388,0.680759360036672,0.556490245392216,1.7481002248777529,0.6666666666666666,1
sub_12_7,2025-02,XLU|XLI|XLF,False,20.40|14.00|13.72,2.3163014125856085,2.249634745918942,0.592249613880802,1.8586403695129798,0.6666666666666666,1
sub_12_7,2025-03,XLU|XLF|XLP,False,24.86|14.26|12.48,-1.668774955888186,-1.7021082892215194,-6.2150830003178665,-3.34318609387928,0.3333333333333333,2
sub_12_7,2025-04,XLU|XLP|XLY,False,24.88|10.10|9.42,0.1932566101657633,0.15992327683242996,0.5238075589209634,-2.099884540961821,0.3333333333333333,1
sub_12_7,2025-05,XLU|XLF|XLK,False,21.52|16.04|13.63,4.753513604066187,4.686846937399521,4.88784725111473,3.96919781806353,0.6666666666666666,1
sub_12_7,2025-06,XLY|XLF|XLI,False,26.86|24.23|17.36,2.7469290066657477,2.680262339999081,5.175940019118097,2.753737973261461,0.6666666666666666,2
sub_12_7,2025-07,XLY|XLF|XLU,False,23.49|18.49|12.76,1.4768587006542968,1.4435253673209636,1.6126817923419967,0.7335157966008353,0.3333333333333333,1
sub_12_7,2025-08,XLY|XLF|XLI,False,24.32|18.60|9.10,3.2710041376042978,3.2376708042709645,1.788289193432413,2.3966331345402256,0.3333333333333333,1
sub_12_7,2025-09,XLY|XLF|XLU,False,15.87|14.98|5.41,3.207821925285148,3.174488591951815,4.315081722808678,2.079466965940222,0.3333333333333333,2
sub_12_7,2025-10,XLF|XLE|XLP,False,10.78|8.17|-0.33,-1.9927228494099707,-2.0593895160766373,3.392791053230182,0.5753358717337015,0.6666666666666666,0
sub_12_7,2025-11,XLF|XLP|XLY,False,5.74|3.45|0.65,0.8714499695411307,0.8381166362077974,-1.0004818278940175,1.297167220281164,0.3333333333333333,1
sub_12_7,2025-12,XLP|XLU|XLF,False,0.82|0.31|0.05,-0.5314101405912004,-0.5647434739245337,1.3149802073915806,0.7852418526969976,0.3333333333333333,1
sub_12_7,2026-01,XLI|XLU|XLK,False,12.65|9.41|9.28,1.8942596517023607,1.827592985035694,0.5643875511190277,3.504251578928419,0.6666666666666666,0
sub_12_7,2026-02,XLK|XLU|XLI,False,14.22|11.55|10.55,3.9301763002549097,3.9301763002549097,-1.5777732323030036,3.7498925037550674,0.0,1
sub_12_7,2026-03,XLK|XLI|XLU,False,16.77|12.18|7.94,-3.958586119146379,-3.958586119146379,-3.3909264444743403,-3.6123298251082097,0.0,1
sub_12_7,2026-04,XLK|XLY|XLI,False,36.91|21.83|18.52,11.633269908060374,11.599936574727039,10.2997340489148,5.2169749715298135,0.3333333333333333,3
sub_12_7,2026-05,XLK|XLY|XLI,False,43.62|22.10|19.02,6.247006758496539,6.247006758496539,4.729289090034916,0.42144356552202833,0.0,2
sub_12_7,2026-06,XLK|XLV|XLE,False,24.32|19.97|12.80,-0.3685860128502102,-0.43525267951687685,-1.1174391690643826,1.8096711421949956,0.6666666666666666,1
sub_12_7,2026-07,XLV|XLK|XLY,False,15.86|14.03|10.30,-1.4873600630264474,-1.5206933963597808,0.5959734820679463,1.299867931120402,0.3333333333333333,0
