版本,臂,分期,成本bp,年化,最大回撤,年換手
A版 攤薄股數,D1 只做多(A版 攤薄股數),全期,0.0,0.17146,-0.4241,3.784
A版 攤薄股數,D1 只做多(A版 攤薄股數),全期,15.0,0.16484,-0.4247,3.784
A版 攤薄股數,D1 只做多(A版 攤薄股數),全期,25.0,0.16044,-0.4251,3.784
A版 攤薄股數,D1 只做多(A版 攤薄股數),全期,50.0,0.14951,-0.426,3.784
A版 攤薄股數,D10 只做多(A版 攤薄股數),全期,0.0,0.13707,-0.3897,3.721
A版 攤薄股數,D10 只做多(A版 攤薄股數),全期,15.0,0.13074,-0.3901,3.721
A版 攤薄股數,D10 只做多(A版 攤薄股數),全期,25.0,0.12654,-0.3903,3.721
A版 攤薄股數,D10 只做多(A版 攤薄股數),全期,50.0,0.1161,-0.3909,3.721
A版 攤薄股數,D1-D10 長短(A版 攤薄股數),全期,0.0,0.01248,-0.1642,3.752
A版 攤薄股數,D1-D10 長短(A版 攤薄股數),全期,15.0,0.0068,-0.1757,3.752
A版 攤薄股數,D1-D10 長短(A版 攤薄股數),全期,25.0,0.00303,-0.1847,3.752
A版 攤薄股數,D1-D10 長短(A版 攤薄股數),全期,50.0,-0.00635,-0.2199,3.752
A版 攤薄股數,同池等權,全期,0.0,0.14132,-0.3959,0.981
A版 攤薄股數,同池等權,全期,15.0,0.13964,-0.3959,0.981
A版 攤薄股數,同池等權,全期,25.0,0.13853,-0.396,0.981
A版 攤薄股數,同池等權,全期,50.0,0.13574,-0.396,0.981
A版 攤薄股數,SPY,全期,0.0,0.14123,-0.3372,0.0
A版 攤薄股數,SPY,全期,15.0,0.14123,-0.3372,0.0
A版 攤薄股數,SPY,全期,25.0,0.14123,-0.3372,0.0
A版 攤薄股數,SPY,全期,50.0,0.14123,-0.3372,0.0
A版 攤薄股數,XLK,全期,0.0,0.20162,-0.3356,0.0
A版 攤薄股數,XLK,全期,15.0,0.20162,-0.3356,0.0
A版 攤薄股數,XLK,全期,25.0,0.20162,-0.3356,0.0
A版 攤薄股數,XLK,全期,50.0,0.20162,-0.3356,0.0
A版 攤薄股數,D1 只做多(A版 攤薄股數),2010-2016,0.0,0.17071,-0.2388,3.77
A版 攤薄股數,D1 只做多(A版 攤薄股數),2010-2016,15.0,0.16411,-0.2426,3.77
A版 攤薄股數,D1 只做多(A版 攤薄股數),2010-2016,25.0,0.15973,-0.2452,3.77
A版 攤薄股數,D1 只做多(A版 攤薄股數),2010-2016,50.0,0.14885,-0.2516,3.77
A版 攤薄股數,D10 只做多(A版 攤薄股數),2010-2016,0.0,0.13852,-0.2732,3.943
A版 攤薄股數,D10 只做多(A版 攤薄股數),2010-2016,15.0,0.1318,-0.2771,3.943
A版 攤薄股數,D10 只做多(A版 攤薄股數),2010-2016,25.0,0.12734,-0.2796,3.943
A版 攤薄股數,D10 只做多(A版 攤薄股數),2010-2016,50.0,0.11626,-0.286,3.943
A版 攤薄股數,D1-D10 長短(A版 攤薄股數),2010-2016,0.0,0.00975,-0.1642,3.856
A版 攤薄股數,D1-D10 長短(A版 攤薄股數),2010-2016,15.0,0.00392,-0.1757,3.856
A版 攤薄股數,D1-D10 長短(A版 攤薄股數),2010-2016,25.0,5e-05,-0.1847,3.856
A版 攤薄股數,D1-D10 長短(A版 攤薄股數),2010-2016,50.0,-0.00957,-0.2068,3.856
A版 攤薄股數,同池等權,2010-2016,0.0,0.1492,-0.2197,1.06
A版 攤薄股數,同池等權,2010-2016,15.0,0.14738,-0.2207,1.06
A版 攤薄股數,同池等權,2010-2016,25.0,0.14617,-0.2214,1.06
A版 攤薄股數,同池等權,2010-2016,50.0,0.14315,-0.2231,1.06
A版 攤薄股數,SPY,2010-2016,0.0,0.12404,-0.1861,0.0
A版 攤薄股數,SPY,2010-2016,15.0,0.12404,-0.1861,0.0
A版 攤薄股數,SPY,2010-2016,25.0,0.12404,-0.1861,0.0
A版 攤薄股數,SPY,2010-2016,50.0,0.12404,-0.1861,0.0
A版 攤薄股數,XLK,2010-2016,0.0,0.13905,-0.161,0.0
A版 攤薄股數,XLK,2010-2016,15.0,0.13905,-0.161,0.0
A版 攤薄股數,XLK,2010-2016,25.0,0.13905,-0.161,0.0
A版 攤薄股數,XLK,2010-2016,50.0,0.13905,-0.161,0.0
A版 攤薄股數,D1 只做多(A版 攤薄股數),2017-2026,0.0,0.172,-0.4241,3.793
A版 攤薄股數,D1 只做多(A版 攤薄股數),2017-2026,15.0,0.16535,-0.4247,3.793
A版 攤薄股數,D1 只做多(A版 攤薄股數),2017-2026,25.0,0.16094,-0.4251,3.793
A版 攤薄股數,D1 只做多(A版 攤薄股數),2017-2026,50.0,0.14998,-0.426,3.793
A版 攤薄股數,D10 只做多(A版 攤薄股數),2017-2026,0.0,0.13604,-0.3897,3.564
A版 攤薄股數,D10 只做多(A版 攤薄股數),2017-2026,15.0,0.12999,-0.3901,3.564
A版 攤薄股數,D10 只做多(A版 攤薄股數),2017-2026,25.0,0.12597,-0.3903,3.564
A版 攤薄股數,D10 只做多(A版 攤薄股數),2017-2026,50.0,0.11598,-0.3909,3.564
A版 攤薄股數,D1-D10 長短(A版 攤薄股數),2017-2026,0.0,0.01442,-0.1064,3.679
A版 攤薄股數,D1-D10 長短(A版 攤薄股數),2017-2026,15.0,0.00884,-0.1187,3.679
A版 攤薄股數,D1-D10 長短(A版 攤薄股數),2017-2026,25.0,0.00513,-0.1268,3.679
A版 攤薄股數,D1-D10 長短(A版 攤薄股數),2017-2026,50.0,-0.00408,-0.1467,3.679
A版 攤薄股數,同池等權,2017-2026,0.0,0.13578,-0.3959,0.925
A版 攤薄股數,同池等權,2017-2026,15.0,0.13421,-0.3959,0.925
A版 攤薄股數,同池等權,2017-2026,25.0,0.13316,-0.396,0.925
A版 攤薄股數,同池等權,2017-2026,50.0,0.13054,-0.396,0.925
A版 攤薄股數,SPY,2017-2026,0.0,0.15352,-0.3372,0.0
A版 攤薄股數,SPY,2017-2026,15.0,0.15352,-0.3372,0.0
A版 攤薄股數,SPY,2017-2026,25.0,0.15352,-0.3372,0.0
A版 攤薄股數,SPY,2017-2026,50.0,0.15352,-0.3372,0.0
A版 攤薄股數,XLK,2017-2026,0.0,0.24785,-0.3356,0.0
A版 攤薄股數,XLK,2017-2026,15.0,0.24785,-0.3356,0.0
A版 攤薄股數,XLK,2017-2026,25.0,0.24785,-0.3356,0.0
A版 攤薄股數,XLK,2017-2026,50.0,0.24785,-0.3356,0.0
B版 封面頁在外股數,D1 只做多(B版 封面頁在外股數),全期,0.0,0.1554,-0.434,3.421
B版 封面頁在外股數,D1 只做多(B版 封面頁在外股數),全期,15.0,0.14949,-0.4346,3.421
B版 封面頁在外股數,D1 只做多(B版 封面頁在外股數),全期,25.0,0.14557,-0.435,3.421
B版 封面頁在外股數,D1 只做多(B版 封面頁在外股數),全期,50.0,0.13581,-0.436,3.421
B版 封面頁在外股數,D10 只做多(B版 封面頁在外股數),全期,0.0,0.15042,-0.3788,3.223
B版 封面頁在外股數,D10 只做多(B版 封面頁在外股數),全期,15.0,0.14487,-0.3792,3.223
B版 封面頁在外股數,D10 只做多(B版 封面頁在外股數),全期,25.0,0.14119,-0.3795,3.223
B版 封面頁在外股數,D10 只做多(B版 封面頁在外股數),全期,50.0,0.13202,-0.3802,3.223
B版 封面頁在外股數,D1-D10 長短(B版 封面頁在外股數),全期,0.0,-0.00064,-0.2227,3.322
B版 封面頁在外股數,D1-D10 長短(B版 封面頁在外股數),全期,15.0,-0.00561,-0.2413,3.322
B版 封面頁在外股數,D1-D10 長短(B版 封面頁在外股數),全期,25.0,-0.00891,-0.2535,3.322
B版 封面頁在外股數,D1-D10 長短(B版 封面頁在外股數),全期,50.0,-0.01712,-0.3081,3.322
B版 封面頁在外股數,同池等權,全期,0.0,0.14221,-0.395,0.951
B版 封面頁在外股數,同池等權,全期,15.0,0.14058,-0.395,0.951
B版 封面頁在外股數,同池等權,全期,25.0,0.1395,-0.3951,0.951
B版 封面頁在外股數,同池等權,全期,50.0,0.13679,-0.3951,0.951
B版 封面頁在外股數,SPY,全期,0.0,0.14123,-0.3372,0.0
B版 封面頁在外股數,SPY,全期,15.0,0.14123,-0.3372,0.0
B版 封面頁在外股數,SPY,全期,25.0,0.14123,-0.3372,0.0
B版 封面頁在外股數,SPY,全期,50.0,0.14123,-0.3372,0.0
B版 封面頁在外股數,XLK,全期,0.0,0.20162,-0.3356,0.0
B版 封面頁在外股數,XLK,全期,15.0,0.20162,-0.3356,0.0
B版 封面頁在外股數,XLK,全期,25.0,0.20162,-0.3356,0.0
B版 封面頁在外股數,XLK,全期,50.0,0.20162,-0.3356,0.0
B版 封面頁在外股數,D1 只做多(B版 封面頁在外股數),2010-2016,0.0,0.15447,-0.2193,3.541
B版 封面頁在外股數,D1 只做多(B版 封面頁在外股數),2010-2016,15.0,0.14835,-0.2228,3.541
B版 封面頁在外股數,D1 只做多(B版 封面頁在外股數),2010-2016,25.0,0.14429,-0.2251,3.541
B版 封面頁在外股數,D1 只做多(B版 封面頁在外股數),2010-2016,50.0,0.1342,-0.2308,3.541
B版 封面頁在外股數,D10 只做多(B版 封面頁在外股數),2010-2016,0.0,0.13437,-0.3016,3.511
B版 封面頁在外股數,D10 只做多(B版 封面頁在外股數),2010-2016,15.0,0.12841,-0.3047,3.511
B版 封面頁在外股數,D10 只做多(B版 封面頁在外股數),2010-2016,25.0,0.12446,-0.3067,3.511
B版 封面頁在外股數,D10 只做多(B版 封面頁在外股數),2010-2016,50.0,0.11463,-0.3118,3.511
B版 封面頁在外股數,D1-D10 長短(B版 封面頁在外股數),2010-2016,0.0,0.00445,-0.1597,3.526
B版 封面頁在外股數,D1-D10 長短(B版 封面頁在外股數),2010-2016,15.0,-0.00085,-0.1654,3.526
B版 封面頁在外股數,D1-D10 長短(B版 封面頁在外股數),2010-2016,25.0,-0.00437,-0.1692,3.526
B版 封面頁在外股數,D1-D10 長短(B版 封面頁在外股數),2010-2016,50.0,-0.01313,-0.1786,3.526
B版 封面頁在外股數,同池等權,2010-2016,0.0,0.14987,-0.2211,1.0
B版 封面頁在外股數,同池等權,2010-2016,15.0,0.14816,-0.2218,1.0
B版 封面頁在外股數,同池等權,2010-2016,25.0,0.14702,-0.2222,1.0
B版 封面頁在外股數,同池等權,2010-2016,50.0,0.14417,-0.2233,1.0
B版 封面頁在外股數,SPY,2010-2016,0.0,0.12404,-0.1861,0.0
B版 封面頁在外股數,SPY,2010-2016,15.0,0.12404,-0.1861,0.0
B版 封面頁在外股數,SPY,2010-2016,25.0,0.12404,-0.1861,0.0
B版 封面頁在外股數,SPY,2010-2016,50.0,0.12404,-0.1861,0.0
B版 封面頁在外股數,XLK,2010-2016,0.0,0.13905,-0.161,0.0
B版 封面頁在外股數,XLK,2010-2016,15.0,0.13905,-0.161,0.0
B版 封面頁在外股數,XLK,2010-2016,25.0,0.13905,-0.161,0.0
B版 封面頁在外股數,XLK,2010-2016,50.0,0.13905,-0.161,0.0
B版 封面頁在外股數,D1 只做多(B版 封面頁在外股數),2017-2026,0.0,0.15607,-0.434,3.336
B版 封面頁在外股數,D1 只做多(B版 封面頁在外股數),2017-2026,15.0,0.1503,-0.4346,3.336
B版 封面頁在外股數,D1 只做多(B版 封面頁在外股數),2017-2026,25.0,0.14647,-0.435,3.336
B版 封面頁在外股數,D1 只做多(B版 封面頁在外股數),2017-2026,50.0,0.13694,-0.436,3.336
B版 封面頁在外股數,D10 只做多(B版 封面頁在外股數),2017-2026,0.0,0.16188,-0.3788,3.019
B版 封面頁在外股數,D10 只做多(B版 封面頁在外股數),2017-2026,15.0,0.15664,-0.3792,3.019
B版 封面頁在外股數,D10 只做多(B版 封面頁在外股數),2017-2026,25.0,0.15315,-0.3795,3.019
B版 封面頁在外股數,D10 只做多(B版 封面頁在外股數),2017-2026,50.0,0.14447,-0.3802,3.019
B版 封面頁在外股數,D1-D10 長短(B版 封面頁在外股數),2017-2026,0.0,-0.00422,-0.1332,3.178
B版 封面頁在外股數,D1-D10 長短(B版 封面頁在外股數),2017-2026,15.0,-0.00896,-0.1422,3.178
B版 封面頁在外股數,D1-D10 長短(B版 封面頁在外股數),2017-2026,25.0,-0.0121,-0.1481,3.178
B版 封面頁在外股數,D1-D10 長短(B版 封面頁在外股數),2017-2026,50.0,-0.01993,-0.192,3.178
B版 封面頁在外股數,同池等權,2017-2026,0.0,0.13683,-0.395,0.917
B版 封面頁在外股數,同池等權,2017-2026,15.0,0.13526,-0.395,0.917
B版 封面頁在外股數,同池等權,2017-2026,25.0,0.13422,-0.3951,0.917
B版 封面頁在外股數,同池等權,2017-2026,50.0,0.13162,-0.3951,0.917
B版 封面頁在外股數,SPY,2017-2026,0.0,0.15352,-0.3372,0.0
B版 封面頁在外股數,SPY,2017-2026,15.0,0.15352,-0.3372,0.0
B版 封面頁在外股數,SPY,2017-2026,25.0,0.15352,-0.3372,0.0
B版 封面頁在外股數,SPY,2017-2026,50.0,0.15352,-0.3372,0.0
B版 封面頁在外股數,XLK,2017-2026,0.0,0.24785,-0.3356,0.0
B版 封面頁在外股數,XLK,2017-2026,15.0,0.24785,-0.3356,0.0
B版 封面頁在外股數,XLK,2017-2026,25.0,0.24785,-0.3356,0.0
B版 封面頁在外股數,XLK,2017-2026,50.0,0.24785,-0.3356,0.0
