event_id,stale,g0_stored,g0_truth,prev_stored,prev_truth,accel_stored,accel_truth,accel_truth_lt2
E001,accel_pp,2.565595,2.565595,1.092739,1.092739,147.2857,147.2856,0
E002,g0_signal_q_yoy; accel_pp,0.163116,0.163049,0.176072,0.176072,-1.2955,-1.3023,1
E003,,0.132911,0.132911,-0.208889,-0.208889,34.18,34.18,0
E004,g0_signal_q_yoy; accel_pp,0.19786,0.198437,-0.09411,-0.09411,29.197,29.2547,0
E005,g0_signal_q_yoy; accel_pp,0.394906,0.39548,0.359634,0.359634,3.5272,3.5846,0
E006,g0_signal_q_yoy; accel_pp,0.081775,0.081793,0.0,0.0,8.1775,8.1793,0
E007,g0_signal_q_yoy; accel_pp,0.066914,0.06229,0.031678,0.031678,3.5236,3.0612,0
E008,g0_signal_q_yoy; accel_pp,-0.082829,-0.082906,-0.160792,-0.160792,7.7962,7.7886,0
E009,g0_signal_q_yoy; accel_pp,0.709532,0.709465,0.64402,0.64402,6.5512,6.5445,0
E010,g0_signal_q_yoy; accel_pp,0.147532,0.147296,0.080028,0.080028,6.7504,6.7268,0
E011,g0_signal_q_yoy; accel_pp,0.491713,0.490876,0.365131,0.365131,12.6582,12.5745,0
E012,g0_signal_q_yoy; accel_pp,0.122653,0.122353,0.084599,0.084599,3.8054,3.7754,0
E013,g0_signal_q_yoy; accel_pp,0.211042,0.210947,0.131694,0.131694,7.9348,7.9253,0
E014,accel_pp,0.060713,0.060713,0.037058,0.037058,2.3656,2.3655,0
E015,g0_signal_q_yoy; accel_pp,0.199429,0.202151,-0.015487,-0.015487,21.4915,21.7638,0
E016,g0_signal_q_yoy; accel_pp,0.093013,0.091995,-0.01791,-0.01791,11.0923,10.9905,0
E017,,-0.083232,-0.083232,-0.162186,-0.162186,7.8954,7.8954,0
E018,,2.642329,2.642329,0.639599,0.639599,200.273,200.273,0
E019,g0_signal_q_yoy; accel_pp,0.265534,0.265611,0.22952,0.22952,3.6015,3.6091,0
E020,g0_signal_q_yoy; accel_pp,0.461309,0.461203,0.379246,0.379246,8.2063,8.1957,0
E021,,0.095884,0.095884,0.022387,0.022387,7.3497,7.3497,0
E022,,0.095843,0.095843,0.00011,0.00011,9.5733,9.5733,0
E023,g0_signal_q_yoy; accel_pp,-0.017506,-0.015631,-0.048616,-0.048616,3.111,3.2985,0
E024,,0.053667,0.053667,-0.035935,-0.035935,8.9602,8.9602,0
E025,,0.505733,0.505733,0.25439,0.25439,25.1343,25.1343,0
E026,,0.024752,0.024752,-0.002632,-0.002632,2.7384,2.7384,0
E027,g0_signal_q_yoy; accel_pp,0.322573,0.322287,0.084041,0.084041,23.8532,23.8246,0
E028,g0_signal_q_yoy; accel_pp,0.316546,0.31648,0.154785,0.154785,16.1761,16.1695,0
E029,,0.096935,0.096935,0.056257,0.056257,4.0678,4.0678,0
E030,g0_signal_q_yoy; accel_pp,0.354316,0.350533,0.242194,0.242194,11.2123,10.8339,0
E031,g0_signal_q_yoy; accel_pp,0.153203,0.153251,0.102778,0.102778,5.0425,5.0473,0
E032,g0_signal_q_yoy; accel_pp,0.782287,0.783269,-0.063768,-0.063768,84.6055,84.7037,0
E033,accel_pp,0.033914,0.033914,0.002746,0.002746,3.1167,3.1168,0
E034,g0_signal_q_yoy; accel_pp,0.142567,0.142985,0.091792,0.091792,5.0775,5.1193,0
E035,,-0.043568,-0.043568,-0.080021,-0.080021,3.6453,3.6453,0
E036,g0_signal_q_yoy; accel_pp,0.225225,0.22513,0.150638,0.150638,7.4588,7.4492,0
E037,g0_signal_q_yoy; accel_pp,0.32482,0.325605,0.300832,0.300832,2.3988,2.4773,0
E038,,0.439745,0.439745,0.341658,0.341658,9.8087,9.8087,0
E039,,0.125428,0.125428,0.079289,0.079289,4.6139,4.6139,0
E040,g0_signal_q_yoy; accel_pp,0.071416,0.071586,-0.005838,-0.005838,7.7254,7.7424,0
E041,,-0.07582,-0.07582,-0.146192,-0.146192,7.0372,7.0372,0
E042,g0_signal_q_yoy; accel_pp,0.045492,0.045923,-0.138101,-0.138101,18.3593,18.4024,0
E043,g0_signal_q_yoy; accel_pp,0.242571,0.242188,0.164204,0.164204,7.8368,7.7984,0
E044,g0_signal_q_yoy; accel_pp,0.102133,0.106559,0.034014,0.034014,6.8119,7.2545,0
E045,g0_signal_q_yoy; accel_pp,0.353491,0.349673,0.277377,0.277377,7.6114,7.2296,0
E046,g0_signal_q_yoy; accel_pp,0.082858,0.082308,0.017743,0.017743,6.5115,6.4565,0
E047,,-0.310628,-0.310628,-0.682312,-0.682312,37.1684,37.1684,0
E048,,0.928114,0.928114,-0.029479,-0.029479,95.7593,95.7593,0
E049,g0_signal_q_yoy; accel_pp,0.141763,0.141675,-0.082733,-0.082733,22.4496,22.4408,0
E050,,0.0,0.0,-0.124587,-0.124587,12.4587,12.4587,0
E051,g0_signal_q_yoy; accel_pp,0.623509,0.624183,0.326334,0.326334,29.7175,29.7849,0
E052,g0_signal_q_yoy; accel_pp,0.259242,0.259087,0.214694,0.214694,4.4547,4.4393,0
E053,accel_pp,0.004175,0.004175,-0.043689,-0.043689,4.7865,4.7864,0
E054,accel_pp,0.909917,0.909917,0.351474,0.351474,55.8444,55.8443,0
E055,g0_signal_q_yoy; accel_pp,0.485197,0.485368,0.270132,0.270132,21.5065,21.5236,0
B028,,0.282934,0.282934,0.23522,0.23522,4.7714,4.7714,0
E057,,0.810006,0.810006,0.683421,0.683421,12.6585,12.6585,0
E058,g0_signal_q_yoy; accel_pp,0.208058,0.208486,0.133387,0.133387,7.4672,7.5099,0
E059,g0_signal_q_yoy; accel_pp,-0.204485,-0.202029,-0.277318,-0.277318,7.2834,7.5289,0
E060,g0_signal_q_yoy; accel_pp,0.075772,0.075579,0.043297,0.043297,3.2475,3.2282,0
E061,g0_signal_q_yoy; accel_pp,0.107893,0.107898,0.049208,0.049208,5.8685,5.869,0
E062,g0_signal_q_yoy; accel_pp,0.406265,0.406571,0.344249,0.344249,6.2015,6.2322,0
E063,,0.204541,0.204541,0.014409,0.014409,19.0132,19.0132,0
E064,g0_signal_q_yoy; accel_pp,0.007748,0.004586,-0.579085,-0.579085,58.6833,58.3671,0
E065,g0_signal_q_yoy; accel_pp,0.066511,0.064896,-0.208121,-0.208121,27.4632,27.3017,0
E066,g0_signal_q_yoy; accel_pp,0.201643,0.201651,0.085276,0.085276,11.6368,11.6375,0
B033,g0_signal_q_yoy; accel_pp,0.088274,0.088497,0.04609,0.04609,4.2184,4.2407,0
E068,g0_signal_q_yoy; accel_pp,0.125758,0.12568,0.057636,0.057636,6.8122,6.8044,0
E069,g0_signal_q_yoy; accel_pp,-0.074195,-0.076933,-0.15482,-0.15482,8.0625,7.7887,0
B034,g0_signal_q_yoy; accel_pp,0.561885,0.563013,0.427747,0.427747,13.4138,13.5266,0
E071,,-0.040212,-0.040212,-0.061801,-0.061801,2.1589,2.1589,0
E072,,0.148482,0.148482,-0.046793,-0.046793,19.5275,19.5275,0
E073,,-0.099347,-0.099347,-0.165432,-0.165432,6.6085,6.6085,0
E074,g0_signal_q_yoy; accel_pp,3.04609,3.048113,-0.222169,-0.222169,326.826,327.0282,0
E075,g0_signal_q_yoy; accel_pp,0.834397,0.834134,-0.09465,-0.09465,92.9046,92.8784,0
E076,accel_pp,0.511996,0.511996,0.472735,0.472735,3.926,3.9261,0
E077,g0_signal_q_yoy; accel_pp,0.084046,0.084033,0.044364,0.044364,3.9682,3.9669,0
E078,accel_pp,-0.003503,-0.003503,-0.045943,-0.045943,4.2441,4.244,0
E079,,-0.049316,-0.049316,-0.077586,-0.077586,2.827,2.827,0
E080,,0.015234,0.015234,-0.056309,-0.056309,7.1543,7.1543,0
E081,g0_signal_q_yoy; accel_pp,0.352876,0.352166,0.295467,0.295467,5.7409,5.6699,0
E082,g0_signal_q_yoy; accel_pp,0.14093,0.140676,0.064012,0.064012,7.6918,7.6664,0
E083,g0_signal_q_yoy; accel_pp,5.085193,5.085598,-0.205437,-0.205437,529.063,529.1035,0
E084,g0_signal_q_yoy; accel_pp,-0.025142,-0.025096,-0.096888,-0.096888,7.1746,7.1792,0
