rank_date,trade_date,n_pool,n_q1,n_q5,r_q1,r_q5,r_pool,ls,to_q1,to_q5,to_pool,spy,xlk
2009-02-27,2009-03-02,238,48,48,0.16701983787570787,0.24902463539347486,0.20618555343881081,-0.08200479751776699,0.5,0.5,0.5,0.15637655716870036,0.17133269711009702
2009-03-31,2009-04-01,318,64,64,0.18539413868810845,0.18813639260716197,0.1858570965553889,-0.0027422539190535278,0.25,0.3128298873455238,0.2518514393539931,0.08425897045974984,0.08841865942311555
2009-04-30,2009-05-01,330,66,66,0.07498786957816786,0.10052087578188713,0.09524249396239799,-0.025533006203719275,0.12115908410261848,0.088679975452336,0.08586081449691034,0.07827952989531095,0.038329558324283974
2009-05-29,2009-06-01,333,67,67,-0.03212732035642362,-0.039303596656201235,-0.024100380038286368,0.007176276299777615,0.040709259698892705,0.05643286498162898,0.05191953980398557,-0.020243072034968557,0.012273203217946893
2009-06-30,2009-07-01,340,68,68,0.09170459074615515,0.12750673162343867,0.12045732794340769,-0.03580214087728352,0.04360182775834332,0.055559714594150406,0.04954317921440492,0.0878371486131535,0.091853662807166
2009-07-31,2009-08-03,349,70,70,-0.0005502173037652483,0.07456098799998129,0.020713599851139894,-0.07511120530374654,0.0663514202504312,0.06193373721462781,0.05480164002739714,-0.0023897694057080088,-0.018026827358686215
2009-08-31,2009-09-01,369,74,74,0.05380170004739509,0.046626016396297924,0.0460185650242823,0.0071756836510971644,0.07632383949048242,0.07469512432977732,0.06358360185937195,0.03253947314177341,0.03646629831161485
2009-09-30,2009-10-01,373,75,75,0.0021748975282852,-0.014792635724015207,-0.0077715536886335404,0.016967533252300406,0.03590596141791857,0.038178939337355736,0.0363119096650843,0.013110713713916367,0.023703339129001355
2009-10-30,2009-11-02,379,76,76,0.06663301047415154,0.06957089348838139,0.06800151557868254,-0.0029378830142298418,0.051346087251886094,0.04710942175358202,0.041246604122047205,0.06690950055143552,0.06608749067715047
2009-11-30,2009-12-01,403,81,81,0.06332108862092867,0.05720672481509421,0.05682225101888198,0.006114363805834459,0.07858809814487154,0.07011483218372631,0.06707877022125185,0.023720848754505974,0.056722590761857816
2009-12-31,2010-01-04,413,83,83,-0.03605099268496355,-0.005107267315213964,-0.024747287805296187,-0.030943725369749583,0.061379583225086506,0.039602718600914355,0.0385790357462645,-0.03767751200401959,-0.0889558791430749
2010-01-29,2010-02-01,412,83,83,0.04999417115257459,0.03226559417659165,0.04514454747834293,0.017728576975982936,0.039180645586937124,0.04739917867464427,0.031186557567573502,0.02594884489222249,0.03632099818602863
2010-02-26,2010-03-01,415,83,83,0.06453264032701812,0.0729245176222516,0.06788016122643277,-0.008391877295233482,0.3568541748030672,0.47158666038804425,0.033373367069265004,0.05715545779816167,0.05295493106733362
2010-03-31,2010-04-01,419,84,84,0.0398237010432422,0.06826636710318035,0.05197512808495831,-0.02844266605993815,0.122572781852219,0.15036576439380278,0.03275025414993415,0.021647064070103417,0.02818688041500028
2010-04-30,2010-05-03,419,84,84,-0.10304976905795726,-0.10433768773972686,-0.10757274566776924,0.0012879186817695981,0.03868783049893507,0.042223082578187465,0.033222515016583055,-0.10652273128137146,-0.09616165893893669
2010-05-28,2010-06-01,419,84,84,-0.04154606225530614,-0.03628288303688299,-0.04533188824420346,-0.005263179218423147,0.028306807698914516,0.038281170126547054,0.03192562876105533,-0.03981296810639434,-0.04844193159005161
2010-06-30,2010-07-01,419,84,84,0.1039741529910014,0.11147902783952908,0.1030408098947542,-0.007504874848527673,0.03488061079646061,0.06983835054523022,0.028602323263682825,0.09731409182043738,0.1013775883558885
2010-07-30,2010-08-02,419,84,84,-0.03180713923946604,-0.04704860929516447,-0.03785111871728748,0.015241470055698425,0.056171238929328196,0.06909264687486223,0.02777054764301281,-0.038134179805021984,-0.0518318818788559
2010-08-31,2010-09-01,419,84,84,0.09112138492740281,0.07499481294677073,0.07635812354902322,0.016126571980632082,0.05608846893559708,0.08386813468126493,0.02907867863444385,0.06236036587154592,0.08921995416974582
2010-09-30,2010-10-01,419,84,84,0.04005426570459729,0.034596963247026644,0.03845209847458726,0.005457302457570645,0.0353547401735436,0.03414008006181035,0.023814192291917415,0.03420240827770593,0.05818507019218555
2010-10-29,2010-11-01,420,84,84,0.04312418121026437,0.023140681340506043,0.03508851797899309,0.01998349986975833,0.03252479539816617,0.04505566654853647,0.02795192114380705,0.020922866619542013,0.0036930134466328646
2010-11-30,2010-12-01,420,84,84,0.056100418110112044,0.08243855151111239,0.06624189355472959,-0.026338133401000344,0.0625816604632418,0.0857478691384045,0.025591301261498025,0.05543549871526321,0.04503586251004599
2010-12-31,2011-01-03,420,84,84,0.029495897122329966,0.04020391540120146,0.03610623201755011,-0.010708018278871495,0.047823876009937615,0.05809640623174679,0.028256778517150943,0.029043015395920913,0.03769147727809541
2011-01-31,2011-02-01,418,84,84,0.02660359753192701,-0.010167701216318378,0.004020157791845945,0.03677129874824539,0.025889058329875734,0.05379822929987938,0.031259728341180675,0.001453608864874445,-0.014378152018923007
2011-02-28,2011-03-01,413,83,83,0.04815118374411247,0.040284800801037794,0.04017828754979388,0.007866382943074679,0.40569391802899757,0.4199761269466322,0.045091587788192986,0.021373446520897454,0.0018392607370030234
2011-03-31,2011-04-01,428,86,86,0.025298717546851462,0.010878652309004743,0.023095013483189212,0.014420065237846719,0.13844161981432168,0.11038645864267993,0.046077597361195925,0.023056706733559196,0.02422153072697708
2011-04-29,2011-05-02,428,86,86,-0.024367676761321656,-0.04585418402436355,-0.031111480278333725,0.021486507263041896,0.021118740499490946,0.022505359174087313,0.023097379397419727,-0.03193368626378734,-0.027402696043512864
2011-05-31,2011-06-01,429,86,86,0.033987313847690465,0.0337091133394831,0.02535518430037732,0.00027820050820736436,0.03703624002956012,0.030031567191527532,0.02580912928632059,0.020580165976699538,0.012142412306597405
2011-06-30,2011-07-01,429,86,86,-0.05464810572084642,-0.0755741252997591,-0.06360204113754506,0.02092601957891268,0.05743202235729479,0.03952662274437839,0.02195330900601395,-0.03838101314778164,-0.012634150616271822
2011-07-29,2011-08-01,429,86,86,-0.07483835480561768,-0.05531397663889133,-0.06234781362624746,-0.01952437816672635,0.04194015053767719,0.04031396215807815,0.029161664365283647,-0.06087891402078305,-0.06281509905435101
2011-08-31,2011-09-01,429,86,86,-0.10136790924081993,-0.13657398199207002,-0.1140989312323445,0.035206072751250095,0.043030620236371775,0.09524747081768259,0.04036262500818613,-0.08633420117884405,-0.0418791064073748
2011-09-30,2011-10-03,429,86,86,0.1646106382699427,0.17867405646748477,0.15900790093496256,-0.01406341819754206,0.05131405000875035,0.04960630359972194,0.04009999841244475,0.10979712889256699,0.0962291167443392
2011-10-31,2011-11-01,429,86,86,0.019703883203565465,0.028166480976855677,0.028636404299860134,-0.008462597773290212,0.047825441857832135,0.05140418727546109,0.037501152258405654,0.024344222371249558,0.01858399407513467
2011-11-30,2011-12-01,429,86,86,0.0014039300222238212,0.03737498093837699,0.01930349937960485,-0.03597105091615317,0.04791681367170755,0.06403003611349378,0.025270996940632413,0.026715270030343685,0.006325025199920065
2011-12-30,2012-01-03,429,86,86,0.09481399857745594,0.08115970729256032,0.08276524847476195,0.01365429128489562,0.03691104977773268,0.03578989712366469,0.02390592621752947,0.03898071713397799,0.05772934201754665
2012-01-31,2012-02-01,428,86,86,0.04555282601083975,0.0310951474294175,0.03599205741343906,0.014457678581422249,0.04579568098556378,0.05653067561695205,0.03552536367518892,0.03970656446332543,0.06666700932179226
2012-02-29,2012-03-01,435,87,87,0.031039333407783077,0.0252064126905107,0.02931125647671614,0.005832920717272375,0.3924084931554124,0.5069984318712842,0.0404328792001321,0.03435446373167883,0.05006471519193578
2012-03-30,2012-04-02,433,87,87,-0.010079292307161878,-0.007757150432211541,-0.007875297094816566,-0.002322141874950337,0.07320127080482683,0.10053665003786592,0.02338938894475169,-0.007755129669655858,-0.018372764817837783
2012-04-30,2012-05-01,433,87,87,-0.10270312002325749,-0.09548753574343272,-0.09765608674555698,-0.007215584279824772,0.03519787447976197,0.045831582981999706,0.02769553078664844,-0.0893848395381428,-0.09090902820773206
2012-05-31,2012-06-01,434,87,87,0.0650107740070351,0.06507059693346488,0.06784877811150797,-5.9822926429781154e-05,0.05594791388662777,0.03894258836421062,0.03672645980844081,0.07067194527434473,0.0662565039444527
2012-06-29,2012-07-02,434,87,87,-0.014239082666323786,-0.011963351720472077,-0.001343070763894589,-0.0022757309458517096,0.04390302245244234,0.04035054176003635,0.026195363624225594,0.007911933346491429,0.009345789220358558
2012-07-31,2012-08-01,434,87,87,0.04690332824156318,0.033567206386469386,0.04237873666980145,0.013336121855093794,0.03844147577603324,0.04024533976474967,0.03205663180398679,0.02500175145165473,0.04561035091422716
2012-08-31,2012-09-04,434,87,87,0.00885550820205982,0.030733957218190538,0.027235717682956132,-0.021878449016130716,0.0708517881552733,0.053883620984528986,0.026211206558438477,0.029004345037602075,0.013022682514834516
2012-09-28,2012-10-01,434,87,87,0.0205211982334311,0.02650807162195714,0.018284977725216707,-0.005986873388526041,0.03063007695938091,0.021650277990804385,0.022075892347276128,-0.010529367231907227,-0.046163502683663205
2012-10-31,2012-11-01,434,87,87,-0.002296035214919765,0.0006987440671001985,0.0017933276695173976,-0.0029947792820199633,0.04865708404577732,0.03623409936771301,0.029446352596475076,-0.009662245128894353,-0.008521034885152434
2012-11-30,2012-12-03,434,87,87,0.060574644534421636,0.06736599603658068,0.0573897533227901,-0.0067913515021590445,0.08609074336311248,0.044717669485168705,0.022616533287230952,0.03991485014369478,0.030646212869146483
2012-12-31,2013-01-02,434,87,87,0.05269842962435056,0.04935840286434178,0.05243084749231822,0.003340026760008781,0.04423370603780561,0.04700198854479695,0.023881851499759167,0.035464515817557496,-0.002683699671147566
2013-01-31,2013-02-01,434,87,87,0.010468881060195001,0.01427413610054658,0.007353274574524055,-0.0038052550403515784,0.028765350786125708,0.042054658915701856,0.01963564319058664,0.00575286020025656,-0.0016817402279991622
2013-02-28,2013-03-01,430,86,86,0.03258362870420916,0.04599009364016393,0.044443535266740164,-0.013406464935954772,0.4091357026587039,0.44812774107075903,0.0456049012516094,0.030464716191686003,0.017282668372550658
2013-03-28,2013-04-01,440,88,88,-0.0019410269363624494,0.0156182404274602,0.011443866037225758,-0.01755926736382265,0.11262877211506371,0.12155658582459772,0.0390749054406886,0.014290808470608596,0.01529781740222047
2013-04-30,2013-05-01,440,88,88,0.04396144792996806,0.051228922480994914,0.06057972194287893,-0.007267474551026852,0.048060702145675975,0.05521886245581196,0.028251993495662178,0.038349635535973814,0.04225358347409491
2013-05-31,2013-06-03,439,88,88,-0.002770887439775573,-0.011232864672439334,-0.006771656916475058,0.00846197723266376,0.03275963962690881,0.02952886216204527,0.032169874646047515,-0.012997604653815498,-0.028746827871550473
2013-06-28,2013-07-01,440,88,88,0.0736978919446727,0.07237182312589206,0.0702988811789585,0.0013260688187806402,0.04146232864110859,0.05279735726949741,0.022489000896516065,0.05763498042273407,0.04292643783965211
2013-07-31,2013-08-01,441,89,88,-0.03278240282063901,-0.05360887261642766,-0.03767954481350468,0.02082646979578865,0.05012532780298649,0.03247853418007164,0.022797600490276945,-0.036739972078553396,-0.019955789837365012
2013-08-30,2013-09-03,440,88,88,0.05493917416037411,0.050284790353985025,0.057306308072037335,0.0046543838063890855,0.05910198196299306,0.05075766587357558,0.021783013994708954,0.03513244595404541,0.03329385890229708
2013-09-30,2013-10-01,441,89,88,0.024561895566004605,0.041871826638090755,0.037214679923248055,-0.01730993107208615,0.03446893176251128,0.03275987993631521,0.0215689688911605,0.04056967334057271,0.041460846210697566
2013-10-31,2013-11-01,441,89,88,0.030079461692017077,0.026080109540941195,0.028078433745812863,0.003999352151075882,0.034990456568944374,0.021453221449712734,0.02481858398493805,0.02451592561551763,0.027331752496536632
2013-11-29,2013-12-02,441,89,88,0.020540024287746383,0.02240236504599116,0.023623460708261174,-0.0018623407582447765,0.08486605755284786,0.05130335230089144,0.02002220960413533,0.018739464322107935,0.02846941577856965
2013-12-31,2014-01-02,441,89,88,-0.04549182222226419,-0.03567364254892748,-0.03731172535314071,-0.009818179673336709,0.029355856566782523,0.025782951780300038,0.017947602180513875,-0.04783485080258265,-0.036733763947627396
2014-01-31,2014-02-03,441,89,88,0.07387545824486462,0.08079449628496348,0.07937878975313044,-0.006919038040098857,0.03125479795968868,0.050474747642743054,0.029101664843829415,0.06206594148086908,0.054854676214403986
2014-02-28,2014-03-03,450,90,90,0.026885871738845348,0.01632158452055834,0.022023018292721633,0.010564287218287009,0.333174548897729,0.4062793214771113,0.04117006079404494,0.022168429851609384,0.02720320193053949
2014-03-31,2014-04-01,454,91,91,-0.0026403121820647753,-0.013189310306700399,-0.017545369247153712,0.010548998124635623,0.11875462974788993,0.12472443796009755,0.030366103027917278,0.0004254218384738273,-0.007884463662100716
2014-04-30,2014-05-01,455,91,91,0.01866616629034128,0.023737827365796618,0.02298934281295211,-0.005071661075455338,0.06853967046017694,0.06551641452089006,0.025421044056494663,0.02426601384069116,0.03480382401785431
2014-05-30,2014-06-02,456,92,91,0.03771181279650893,0.03907648681521271,0.03705521533996467,-0.0013646740187037779,0.03424375748835673,0.026597947929719767,0.01861055875559136,0.026304311500656263,0.030683054372001584
2014-06-30,2014-07-01,456,92,91,-0.038029848820344804,-0.042598494485556374,-0.03759196297974866,0.0045686456652115695,0.02939387320442217,0.04219975505318306,0.019945476053117375,-0.022991192591278464,0.0012914482549664097
2014-07-31,2014-08-01,455,91,91,0.05263878790943089,0.05443227958726332,0.05469988014239658,-0.0017934916778324303,0.046168236256583846,0.022494703761890864,0.02386470250837705,0.04212974492940158,0.03866977279094108
2014-08-29,2014-09-02,456,92,91,-0.04048082288174573,-0.04415465099400573,-0.04559407083167339,0.003673828112259997,0.033299869748704934,0.03878699469648425,0.01841480200476594,-0.026676292818842096,-0.020872486511979038
2014-09-30,2014-10-01,456,92,91,0.04362793888912915,0.06241219125088251,0.05634517263067171,-0.018784252361753358,0.06322098868512196,0.02174114093694301,0.023760024889943835,0.0381786877043786,0.0364057736590746
2014-10-31,2014-11-03,456,92,91,0.02921933571409976,0.015066839937711289,0.01984748872357563,0.014152495776388472,0.036056303340883486,0.03826109090438703,0.02796905865406539,0.019774578477329108,0.03193312124357117
2014-11-28,2014-12-01,455,91,91,0.022957178460528204,0.0120928482964746,0.0171634410744952,0.010864330164053604,0.06601607582611707,0.055921634553798436,0.02279386719891274,0.003906697843697016,-0.012504800575015795
2014-12-31,2015-01-02,456,92,91,-0.013473047026955707,-0.014850753559677745,-0.012148413832365972,0.0013777065327220377,0.03204624794993581,0.017264006932603597,0.019217507927043558,-0.017086213033001063,-0.023261587341009693
2015-01-30,2015-02-02,457,92,92,0.06148860118070388,0.06235788543614551,0.06053528558728399,-0.0008692842554416311,0.04047690256839686,0.054593719790767374,0.029798264339992244,0.0498715904595628,0.07740026878456763
2015-02-27,2015-03-02,456,92,91,-0.01546205499101785,-0.014291653649245534,-0.014487379293640443,-0.0011704013417723168,0.37557731787569915,0.43567444144227435,0.04137339022684296,-0.025339887542294548,-0.04330232738758644
2015-03-31,2015-04-01,457,92,92,0.014733626907907398,0.009435842322106985,0.016261221885938718,0.005297784585800413,0.10404314941728515,0.14137985701126757,0.03348820346464624,0.024404411413657456,0.04156527711233604
2015-04-30,2015-05-01,458,92,92,0.002291493236518197,0.003502007149981852,0.00561390737355698,-0.0012105139134636553,0.04294638827882594,0.03377417686811136,0.025577841314200073,0.0040334443799672215,0.009048912564605383
2015-05-29,2015-06-01,458,92,92,-0.0038059517998617824,-0.018349580199899077,-0.012642894760954475,0.014543628400037294,0.02485649720954135,0.02086756993243983,0.01963638391433968,-0.01446624022397458,-0.03730663695375458
2015-06-30,2015-07-01,459,92,92,0.006234527717057422,-0.007404730234027922,-9.70008764067871e-06,0.013639257951085344,0.042347465528706454,0.027808374008821763,0.024729593002798263,0.011035971712886061,0.016075036463964798
2015-07-31,2015-08-03,459,92,92,-0.08128658905606029,-0.06651918271907464,-0.07314770744201043,-0.014767406336985645,0.027120089508748415,0.04110893696044967,0.029975418657622536,-0.0858951928684496,-0.08051948369946149
2015-08-31,2015-09-01,458,92,92,-0.0007869417057191425,-0.0095516262327895,-0.009089849785136593,0.008764684527070358,0.04158580176279752,0.06949781827488144,0.026417490685211625,0.0070857184303501075,0.01947037180050515
2015-09-30,2015-10-01,459,92,92,0.0806449029541199,0.0809148692073779,0.08230369835620836,-0.00026996625325800827,0.053153595270549386,0.051556999531219574,0.02743522788062275,0.09503960481045914,0.11437265845247091
2015-10-30,2015-11-02,459,92,92,0.008138267579946633,0.0005290956320375901,-0.00010870387189547798,0.0076091719479090434,0.048063668762923506,0.05115071130987385,0.029159402148736767,0.0013783151998387755,0.007038901826223354
2015-11-30,2015-12-01,459,92,92,-0.057563622870653426,-0.041647433495487315,-0.049774754010501764,-0.01591618937516611,0.0646027380332505,0.049803977318994753,0.024999145134832,-0.04017253318738656,-0.042112302317777406
2015-12-31,2016-01-04,460,92,92,-0.045360182530764966,-0.038271753865350526,-0.04716864632485401,-0.00708842866541444,0.042290400129423214,0.041140645852944455,0.026457202008445715,-0.03666361169582932,-0.020818645737050834
2016-01-29,2016-02-01,460,92,92,0.0475137011885491,0.03925751541386368,0.048406773070044797,0.00825618577468542,0.046654081062185895,0.0473679170462648,0.036376699789200974,0.02303144555921266,0.019328574390323983
2016-02-29,2016-03-01,462,93,93,0.06594005830815199,0.06472272515486406,0.06330539563215162,0.001217333153287925,0.3993518089028759,0.472870642815537,0.04782076510166287,0.04985772958434387,0.06484858752018696
2016-03-31,2016-04-01,468,94,94,0.009716289852538352,0.02956756425592413,0.016007353443146657,-0.019851274403385778,0.05373775833659528,0.09032334590031854,0.029673100101264015,0.005074301873404297,-0.0505590730855654
2016-04-29,2016-05-02,468,94,94,0.013549220654331794,0.003723510029763122,0.014027484713889971,0.009825710624568672,0.03852717085397994,0.02807586868688179,0.03054774441196067,0.011059292742765514,0.038642504507402586
2016-05-31,2016-06-01,468,94,94,-0.01725862123336514,0.0033637801325967697,-0.003729942872060601,-0.020622401365961912,0.02998923683459462,0.04229054815934417,0.027045346220943442,0.0035271320617571433,-0.009036846705151924
2016-06-30,2016-07-01,470,94,94,0.04270856428044259,0.04131699630868619,0.047101624586205613,0.0013915679717564008,0.04627366681966583,0.038871765455326696,0.02879226768649578,0.03344152541620793,0.07062317629502313
2016-07-29,2016-08-01,469,94,94,0.027677759222229207,0.010730204660023274,0.010658852767399163,0.01694755456220593,0.034318854578876457,0.03507891923086299,0.027749672344792066,0.002074058709452986,0.012891792278091119
2016-08-31,2016-09-01,469,94,94,-0.0010036649151174922,0.0009970918552204165,-0.0023668198682968624,-0.0020007567703379087,0.044260030397847136,0.10106611275978111,0.02811227775015674,-0.0023918741376661723,0.014787220816402602
2016-09-30,2016-10-03,470,94,94,-0.018738646285120585,-0.036595872285301034,-0.03017215033900749,0.01785722600018045,0.03658719143693137,0.02098394345863072,0.019088510805225105,-0.022106124363934,-0.013224000729947005
2016-10-31,2016-11-01,472,95,95,0.08976458597261108,0.06795301640132077,0.07275065947788607,0.02181156957129031,0.029419793798271025,0.042685856640810045,0.027741261290190288,0.04056706073664573,-0.010423628747134761
2016-11-30,2016-12-01,472,95,95,0.02024416466116595,0.03457059933948153,0.02478873572037761,-0.014326434678315576,0.07299952723817645,0.0690306281237138,0.04365703646042077,0.03186937426903236,0.05342508005914848
2016-12-30,2017-01-03,473,95,95,0.02392453855244795,0.01895688146549595,0.023293016320942033,0.0049676570869520015,0.030665209768233944,0.030855675134249354,0.021800418294426797,0.0105664017389695,0.0342282688354556
2017-01-31,2017-02-01,472,95,95,0.056992877206179474,0.0503037090551208,0.04857620946666088,0.006689168151058675,0.043669105035529676,0.03684370494076131,0.028928792054246047,0.053422506162321026,0.052120455950217304
2017-02-28,2017-03-01,467,94,94,-0.02174152645635887,-0.01884259718582586,-0.016784477289385206,-0.0028989292705330107,0.35313595055115216,0.4761828532819333,0.04398787269602608,-0.014288794702409624,0.007066016388232121
2017-03-31,2017-04-03,476,96,95,0.013007060472544504,0.016491716175812354,0.015458546531264506,-0.00348465570326785,0.0600880418058188,0.13160867313150457,0.039393666363954936,0.01423511235253816,0.02872714384397579
2017-04-28,2017-05-01,478,96,96,0.007970832958574306,0.027682086884003556,0.022747366660708274,-0.019711253925429252,0.02765611306241079,0.026592328629500735,0.02315132834750327,0.019607934444293873,0.03431260281519788
2017-05-31,2017-06-01,478,96,96,0.0242300916589518,0.0007656185576386462,0.00869484976484547,0.023464473101313155,0.029682364813771678,0.03652065163022704,0.0270084375290819,0.00012809648978651111,-0.037251741104513236
2017-06-30,2017-07-03,478,96,96,0.012270046725442824,0.014061089639950985,0.011670498688700784,-0.0017910429145081615,0.02989325929869611,0.039255996236946346,0.023544434531480755,0.021097333904704252,0.05723240487093695
2017-07-31,2017-08-01,476,96,95,-0.013328509055811892,0.005343429139024359,0.0018933470760592022,-0.01867193819483625,0.030763678973212725,0.03949445926753265,0.026160326946627278,0.0021026305171334414,0.02315055147450984
2017-08-31,2017-09-01,474,95,95,0.03564853023056661,0.07055785361174521,0.04627699450106074,-0.0349093233811786,0.04717327911411781,0.05740506961162084,0.028315300712423924,0.023128575897431336,0.010572625301123795
2017-09-29,2017-10-02,475,95,95,0.018576430250073488,0.018310201759400617,0.01322582484551158,0.0002662284906728707,0.021525092111219613,0.05931242955079628,0.028416628464964865,0.020489591113791894,0.06369305211363918
2017-10-31,2017-11-01,474,95,95,0.051930029397357864,0.02713656667699834,0.04286754971983693,0.024793462720359524,0.041682069703478625,0.03390570869479017,0.02565781023070795,0.027069498883655063,0.00873571699879272
2017-11-30,2017-12-01,476,96,95,0.01358442131957877,0.01629519242257946,0.020909342891232193,-0.0027107711030006903,0.0644365451893809,0.0843699950049567,0.028260962497994063,0.02149178823256781,0.023167742658746215
2017-12-29,2018-01-02,476,96,95,0.04559288718985619,0.049600195056433524,0.043306379445696035,-0.004007307866577332,0.030247024548082233,0.036589648131463384,0.02258149364771166,0.04766139619103038,0.05823294623195108
2018-01-31,2018-02-01,476,96,95,-0.03761906849989935,-0.051186416598707124,-0.04075175761609936,0.013567348098807774,0.033287143416273576,0.06289071885338945,0.028781613231062264,-0.04929294827225217,-0.02145663488442895
2018-02-28,2018-03-01,475,95,95,-0.019252939648064613,-0.006251497911932176,-0.01671510116752743,-0.013001441736132435,0.34654846780690607,0.4413564136470014,0.036563146346147886,-0.034362487169636635,-0.044454204919773366
2018-03-29,2018-04-02,472,95,95,0.011409588558609823,0.027816440894589546,0.022978611118250083,-0.016406852335979723,0.09119168237859393,0.08271091527302962,0.03670572645793854,0.029168559397316995,0.03789533962818403
2018-04-30,2018-05-01,481,97,96,0.025356274928609607,0.028491619929830417,0.03574361916250077,-0.0031353450012208094,0.05623355452911677,0.08274377007618612,0.03666192485435526,0.032530348040869184,0.07257035116621657
2018-05-31,2018-06-01,479,96,96,0.004586072735968662,-0.009709140228857499,-0.001287684728914156,0.014295212964826162,0.029718178280628876,0.03796973774658953,0.03190952812121979,-0.0018976321390333784,-0.010573910475880521
2018-06-29,2018-07-02,480,96,96,0.018144406738985517,0.02181259543450602,0.028985288968430934,-0.0036681886955205016,0.04372081590030301,0.03697896092323832,0.025676526644095556,0.0331051963676432,0.02097298745564613
2018-07-31,2018-08-01,481,97,96,0.029227173904010743,0.034924376447495444,0.03562199509004727,-0.0056972025434847,0.03829842392132667,0.036459025501159606,0.025348802847318247,0.03186690179053886,0.05240331414585464
2018-08-31,2018-09-04,481,97,96,-0.003261461080979107,-0.01352337456634158,9.484173674775213e-05,0.010261913485362473,0.04339531735824055,0.06904790291590036,0.0287474469275013,0.011181505784199741,0.008453948449408832
2018-09-28,2018-10-01,481,97,96,-0.06676006284349538,-0.06306410887753654,-0.06359860555249991,-0.0036959539659588425,0.033405912248926736,0.033566894917499666,0.022766400188520143,-0.062454915046509574,-0.0737215924622665
2018-10-31,2018-11-01,481,97,96,0.03282750272950804,0.010269947092367953,0.022418536278976546,0.022557555637140084,0.07016150466995906,0.04483064061750481,0.0320623421288034,0.021169078509845507,-0.009556358191154968
2018-11-30,2018-12-03,481,97,96,-0.10656030945311973,-0.12093118592095031,-0.11150072869608778,0.014370876467830584,0.08386735550017332,0.06645682814084024,0.028181948091057927,-0.09902992130472776,-0.10297838796867909
2018-12-31,2019-01-02,481,97,96,0.11412376789724892,0.10227578592604451,0.104632905061907,0.011847981971204402,0.024545445385427796,0.0471749702422459,0.026918590080177406,0.07946325122486364,0.07497611672560645
2019-01-31,2019-02-01,481,97,96,0.03795495621816732,0.047125120867184456,0.05164402276563502,-0.009170164649017133,0.03936838358481071,0.037040728303864914,0.027213780766901337,0.03836160754521867,0.07004586312237593
2019-02-28,2019-03-01,482,97,97,0.004621190261459736,0.008892711245989195,0.01395292099828623,-0.00427152098452946,0.3846242128813396,0.43649421299946867,0.03939115324766956,0.023782324279427947,0.0548411755529703
2019-03-29,2019-04-01,488,98,98,0.031169596413025958,0.009873557923526868,0.017533018297192837,0.02129603848949909,0.07269500995476498,0.08295000534022856,0.034463701525154385,0.020921356749973308,0.04666070790442389
2019-04-30,2019-05-01,487,98,98,-0.04198051679798072,-0.06523007994373088,-0.05595138159679856,0.023249563145750163,0.04349769602452577,0.06722958308514101,0.02714107124024299,-0.059079676761591426,-0.10036978330313095
2019-05-31,2019-06-03,488,98,98,0.08350984366094678,0.08368518429979595,0.08422882760027098,-0.00017534063884916407,0.04445581083388409,0.04839876611572534,0.03781547860289621,0.08204820002168467,0.1264352635680479
2019-06-28,2019-07-01,490,98,98,-0.014906875985427148,-0.012032884109275855,-0.010243742709382504,-0.0028739918761512932,0.04695187811323644,0.058286800814433784,0.02635308468120977,-0.0027734056689966424,0.013622569134272622
2019-07-31,2019-08-01,490,98,98,-0.03063301078612944,-0.038145851168656875,-0.03273321878139008,0.007512840382527433,0.03584326595531892,0.04392234256344005,0.027453904091769957,-0.013905708836804531,-0.02239921517935739
2019-08-30,2019-09-03,491,99,98,0.0377612889728434,0.02174452444593453,0.027656715052410095,0.01601676452690887,0.049398598702240636,0.08014956316748942,0.03897748292156681,0.01325628440628801,0.018693347260795523
2019-09-30,2019-10-01,491,99,98,0.029974386739776107,0.05086898550966943,0.04827123525846603,-0.020894598769893323,0.03460695583263756,0.0274330921348492,0.026099520912675315,0.043991424803246026,0.06129363192895054
2019-10-31,2019-11-01,491,99,98,0.009955132208243123,0.022558884208132107,0.01616861075464645,-0.012603751999888984,0.05718546936317503,0.06540770793012837,0.03039270900586729,0.017965642689287797,0.02633766711088681
2019-11-29,2019-12-02,491,99,98,0.04503705352352195,0.04487228742990487,0.04610557766165756,0.00016476609361707611,0.06849954942917678,0.07965893433386667,0.02340432789555429,0.04757786877325931,0.07818948672690773
2019-12-31,2020-01-02,492,99,99,-0.01323513245307133,-0.017496753066431104,-0.014025132393982382,0.004261620613359773,0.030193802714358585,0.041693294299858824,0.022540684473109404,-0.0023085646398098847,0.03426477403778794
2020-01-31,2020-02-03,492,99,99,-0.06851497094919178,-0.0654563771061041,-0.06104379685346494,-0.0030585938430876813,0.042470572205664275,0.06689356136534862,0.03606153727716823,-0.046371920511358744,-0.03219762543023086
2020-02-28,2020-03-02,487,98,98,-0.2671491463806796,-0.2693947844565114,-0.26375690976597505,0.0022456380758317795,0.4209961772530772,0.48930140042690756,0.04270104977973458,-0.19894681634292855,-0.17693976054725358
2020-03-31,2020-04-01,494,99,99,0.1700818105073487,0.18908959486449928,0.18522324420445999,-0.019007784357150587,0.14821181452222193,0.18328561104003074,0.09333889345403654,0.14885235163913602,0.16148416310430047
2020-04-30,2020-05-01,495,99,99,0.10637910220755716,0.1043183355135798,0.11792356747579999,0.0020607666939773533,0.05617213847936828,0.056412869789598,0.04847400226486511,0.08048335326178235,0.10168742399878883
2020-05-29,2020-06-01,497,100,100,-0.0007984519313135274,0.007367764698209789,0.0015539132132301532,-0.008166216629523316,0.04353780255559658,0.050998102909989816,0.038483403332830526,0.020738049554064775,0.07155840990399298
2020-06-30,2020-07-01,494,99,99,0.08057548276232084,0.05654107976543707,0.0696060056252173,0.024034402996883766,0.054178941763522045,0.045047202897603104,0.03294562328185853,0.05883701993829504,0.08111981116651124
2020-07-31,2020-08-03,497,100,100,0.04589651284110094,0.062237036308184834,0.059580061975399154,-0.016340523467083895,0.05214147741006464,0.0500648584733152,0.0375918074794636,0.07241675525162572,0.11277033840159811
2020-08-31,2020-09-01,496,100,99,-0.02721180600873503,-0.01752814550188542,-0.02437021378828729,-0.009683660506849611,0.04853040088622098,0.055062934914446325,0.03831786015345175,-0.04030286167497965,-0.06130391690772985
2020-09-30,2020-10-01,496,100,99,0.053058177877216985,0.013666369951897113,0.02306145132163115,0.03939180792531987,0.03477438973272676,0.024305613486371336,0.027980082607955363,-0.020294269006077004,-0.057576463185030735
2020-10-30,2020-11-02,496,100,99,0.12490580781850405,0.14964722418987234,0.15343230317643516,-0.024741416371368286,0.03848919089247555,0.053878378548626406,0.03506302966168755,0.10847944237664042,0.12524739064947799
2020-11-30,2020-12-01,496,100,99,0.013342364425100412,0.008273362094038107,0.018348525958028536,0.005069002331062306,0.04304309500757677,0.06396666671272595,0.04710360472252318,0.011863020055423945,0.02509089441970125
2020-12-31,2021-01-04,496,100,99,0.026812011362755492,0.03795967611911464,0.059552130224147785,-0.011147664756359147,0.05241434650801505,0.034579711215343985,0.02466638763065152,0.020174275439393652,0.03330749448315573
2021-01-29,2021-02-01,497,100,100,0.08465610131159435,0.07809414359084138,0.0749719496339038,0.0065619577207529645,0.036352272540090304,0.06505039282292767,0.046799259702918886,0.035483502379765275,0.020732425432503643
2021-02-26,2021-03-01,498,100,100,0.08232765440608279,0.04347295027728741,0.051882589090182424,0.03885470412879538,0.548644019401792,0.5000227817886188,0.05452625116165592,0.03168040939668648,0.00641928951342341
2021-03-31,2021-04-01,507,102,102,0.04787104965342162,0.04604421926625811,0.04589026204748802,0.001826830387163511,0.09862368603497307,0.12579105907465868,0.04085373234596502,0.04390818104245908,0.028269918123914106
2021-04-30,2021-05-03,507,102,102,0.019441217589275455,0.04154265339200629,0.019993683573891117,-0.022101435802730832,0.020651421290442687,0.03457486642142989,0.023732175281876607,0.0035152691664850355,-0.011413195548924393
2021-05-28,2021-06-01,507,102,102,0.009245175980125926,-0.006049362301133715,0.006625248439427336,0.01529453828125964,0.03156267636210623,0.047816358725996475,0.02557629027730724,0.02899414459424654,0.07595912785751535
2021-06-30,2021-07-01,507,102,102,0.02304463267549469,-0.020581017594039883,-0.00019472057267742046,0.04362565026953458,0.06770134486106544,0.05799682321914057,0.0295218271780197,0.01663475781003343,0.03339892306593217
2021-07-30,2021-08-02,507,102,102,0.03864545120332318,0.024300342564252373,0.025345873166067165,0.014345108639070809,0.05287222695070218,0.04337676383451769,0.0292116162323292,0.03247323104074784,0.039580988754104096
2021-08-31,2021-09-01,508,102,102,-0.04076872654587557,0.0035134557950445232,-0.021986648267050095,-0.044282182340920094,0.08698727605149421,0.03567784987049018,0.025992767247750525,-0.03578763815406394,-0.04445183337030567
2021-09-30,2021-10-01,508,102,102,0.06266137590878895,0.0506178347990263,0.05706561491004443,0.012043541109762655,0.04248877270317882,0.037600348551083566,0.03154626913412803,0.05941417952678951,0.06412917046981215
2021-10-29,2021-11-01,508,102,102,-0.03429583354497471,-0.06682466448355352,-0.0457561715742614,0.032528830938578814,0.03405274761603213,0.03699373031297458,0.027605974527370312,-0.020737125372639276,0.0317442341484
2021-11-30,2021-12-01,507,102,102,0.06484146549948194,0.08350519368194691,0.07494890691593514,-0.018663728182464964,0.0500371529355928,0.09655465635403528,0.035978005136785576,0.0641248266859964,0.05673928848045384
2021-12-31,2022-01-03,508,102,102,-0.04616463288823074,-0.030873972648736047,-0.04047368737417535,-0.015290660239494696,0.031231508629299708,0.04683490553759223,0.02660745649322903,-0.05183059388793576,-0.07480625188406198
2022-01-31,2022-02-01,507,102,102,-0.03892038093520607,-0.03922993675696518,-0.030566551938823638,0.00030955582175910823,0.0625981482774861,0.054791473633084044,0.0360697169054658,-0.05071193597363077,-0.07020126894274636
2022-02-28,2022-03-01,496,100,99,0.06221934101686786,0.05714429604420132,0.05334224511827261,0.005075044972666538,0.46225683297651754,0.5412065267226103,0.06561442399222593,0.056623666003880135,0.05141245229501412
2022-03-31,2022-04-01,510,102,102,-0.07714285486141183,-0.0568835841018905,-0.061081018021895785,-0.02025927075952133,0.058561802380458716,0.155561949352733,0.05166307159488613,-0.08487146723450145,-0.09396689048637163
2022-04-29,2022-05-02,511,103,102,-0.0015528984320044743,-0.0016848115003413083,-0.0024589169201116403,0.00013191306833683402,0.035097063098841516,0.04225547485727746,0.03296927151438225,-0.011797911282066198,-0.024656911273594928
2022-05-31,2022-06-01,510,102,102,-0.0662863820281392,-0.1053045377788984,-0.07976144273178447,0.03901815575075919,0.04127857368608595,0.05083846830089406,0.036637458726469264,-0.06519504248868013,-0.08775911909745837
2022-06-30,2022-07-01,509,102,102,0.07244746621761006,0.10736477656604684,0.08842635608855699,-0.034917310348436786,0.052307663759461116,0.06331737386860521,0.04144917692847712,0.07745771903622534,0.1295033587443355
2022-07-29,2022-08-01,509,102,102,-0.023640872452716098,-0.02862695584825363,-0.03132855638042715,0.004986083395537532,0.04243496858529739,0.03206460875099797,0.03226502625102999,-0.034934290412558244,-0.0646932987973936
2022-08-31,2022-09-01,510,102,102,-0.05247250649760995,-0.05959896600191041,-0.06109938025679389,0.007126459504300464,0.045012257498817224,0.06001060838655759,0.031137612038281207,-0.0713992362933713,-0.08794689985282256
2022-09-30,2022-10-03,510,102,102,0.06375261639296392,0.10429219764222783,0.08252487383397246,-0.040539581249263906,0.03085980383172334,0.04246792771437431,0.02650956373313352,0.048853168765078614,0.03544031930286806
2022-10-31,2022-11-01,510,102,102,0.06041068239538522,0.05758587455297147,0.0664424752697872,0.0028248078424137485,0.05323549530485828,0.048035661359070184,0.03480127246439664,0.05945084212617924,0.07373815940276063
2022-11-30,2022-12-01,510,102,102,-0.042609583922655056,-0.07263377428214786,-0.05341151717207712,0.030024190359492803,0.04658313355718481,0.05500233066184566,0.031171846337807424,-0.06090455990072552,-0.09207549533407355
2022-12-30,2023-01-03,510,102,102,0.07662723341963447,0.1215988126869977,0.10091687292862911,-0.044971579267363226,0.03088366296679317,0.06008513262076352,0.02671100129291025,0.07872482775434442,0.1289955430882359
2023-01-31,2023-02-01,510,102,102,-0.03557119140280398,-0.04094528819422939,-0.040110162270252714,0.005374096791425413,0.0442609643385509,0.055544377010200686,0.04054866947629948,-0.03909432169183469,-0.026156671571545664
2023-02-28,2023-03-01,504,101,101,-0.019792252895135108,-0.017940718563861313,-0.00510003210394444,-0.001851534331273795,0.37109377730525345,0.4725975629660171,0.04334788238076405,0.04503833131186741,0.11498511794053745
2023-03-31,2023-04-03,508,102,102,-0.005746907622460586,0.0014043378993963368,-0.006085589772698394,-0.007151245521856923,0.11151715130081763,0.09499384191072566,0.04148084253494608,0.011096062900745718,0.0009947513830157462
2023-04-28,2023-05-01,506,102,101,-0.021876851867118494,-0.015094297313801396,-0.015358496980062869,-0.006782554553317098,0.021956504325716955,0.03926209704890644,0.027988616263484454,0.015186237670105962,0.09958948376521604
2023-05-31,2023-06-01,508,102,102,0.07321472833232934,0.09730487065274677,0.0829082870412464,-0.024090142320417438,0.032999131147656686,0.06485857013489313,0.04163162794398582,0.055991763024134,0.04762502236838739
2023-06-30,2023-07-03,507,102,102,0.04380901955310028,0.031846028405962026,0.03715719364184934,0.011962991147138252,0.043525057587442614,0.02804175866262852,0.02840571046185285,0.028594671405428596,0.029742399284742094
2023-07-31,2023-08-01,506,102,101,-0.019828472483139337,-0.012324898381532556,-0.018047256447148382,-0.007503574101606781,0.04104412591731523,0.03384598078894251,0.026994052301040912,-0.011588669476432223,-0.013713903775461778
2023-08-31,2023-09-01,506,102,101,-0.052944859495845924,-0.06694854734928497,-0.061671233561123195,0.01400368785343905,0.04472655860787291,0.05053216788813778,0.03049616381173313,-0.04958592566397324,-0.05763967173536022
2023-09-29,2023-10-02,506,102,101,-0.0077946244283565716,-0.03801248174726147,-0.03326506181031978,0.030217857318904896,0.04920926016900585,0.02357415280816552,0.022969464358156128,-0.010882102345968314,0.008992687237511676
2023-10-31,2023-11-01,505,101,101,0.10291455593718729,0.11772758834227803,0.11349713318500856,-0.014813032405090742,0.05339472729905325,0.043664144451453356,0.03462618258101011,0.08621578000501717,0.1100610426789661
2023-11-30,2023-12-01,505,101,101,0.05585330108833587,0.05886613937737844,0.05697330311438103,-0.0030128382890425714,0.06925270055472116,0.05346865120103007,0.03642757214489559,0.033688347871573265,0.012250900682140742
2023-12-29,2024-01-02,506,102,101,0.017282802603652652,0.010864164800406221,0.010210488043175989,0.006418637803246431,0.046425053024385474,0.04621131240983315,0.026410527231204472,0.035015424769825776,0.06791515937690273
2024-01-31,2024-02-01,505,101,101,0.029457348902200895,0.048125154539444624,0.04483067894369531,-0.01866780563724373,0.039337993567099404,0.07296945874199698,0.03221522471633931,0.04834406132735358,0.05290510182633601
2024-02-29,2024-03-01,501,101,100,0.04112123534885743,0.02848705534839581,0.036613894626996664,0.012634180000461619,0.47897956976589434,0.39141921893291876,0.04149193745664935,0.021316857433213432,-0.0074261342396722
2024-03-28,2024-04-01,500,100,100,-0.0393266613971248,-0.043284594287584445,-0.04916377356451005,0.003957932890459648,0.05406575171295042,0.06028408344506269,0.032607485607055314,-0.041768535641871885,-0.06985872882237965
2024-04-30,2024-05-01,501,101,100,0.024054170464526726,0.04352438060409359,0.033443989027222044,-0.019470210139566863,0.031467393495214525,0.04812962312078419,0.03288942110131578,0.05486142456099996,0.08457733592000172
2024-05-31,2024-06-03,501,101,100,-0.006429482918993205,-0.022459621079453526,-0.010915705611873239,0.01603013816046032,0.041783323759568405,0.07284934606677362,0.031826276902717464,0.03656567338402095,0.0837718352976855
2024-06-28,2024-07-01,502,101,101,0.06359775451239692,0.012785333160703877,0.03836195492751658,0.050812421351693046,0.055734405695698874,0.03493853069958908,0.02742959653214417,-0.004272575955887481,-0.0758972074052362
2024-07-31,2024-08-01,502,101,101,0.026013379129309483,0.008127617985271413,0.013087211774747538,0.01788576114403807,0.052453682052638936,0.04786351657313238,0.037759472806155096,0.016703041745120162,-0.0020413089188651146
2024-08-30,2024-09-03,501,101,100,0.04121941724356899,0.0331017781031286,0.038058802735971405,0.008117639140440391,0.0321554393962757,0.058850597838449314,0.02633217295710843,0.03311869482646013,0.04969143609813775
2024-09-30,2024-10-01,501,101,100,-0.0025270861529712012,0.010080413062610441,-0.006898104986746724,-0.012607499215581642,0.04827695628068474,0.038992174141114805,0.025737427335378985,0.004255900898448406,0.01657135477964533
2024-10-31,2024-11-01,501,101,100,0.07997258498797437,0.06916233903713379,0.07299087126984972,0.010810245950840583,0.04121034352643905,0.038647364682877335,0.033026732673704706,0.05707139107909298,0.053771516445292766
2024-11-29,2024-12-02,501,101,100,-0.05459250895379502,-0.06375690059840303,-0.06296187260728997,0.009164391644608007,0.07204229478344976,0.07221692749749639,0.03337480748507582,-0.02819995676309317,-0.015256994327230378
2024-12-31,2025-01-02,501,101,100,0.048362148743812276,0.02768313979795508,0.033018057104334454,0.020679008945857197,0.04594617093675831,0.044663209735745606,0.02614568525764973,0.02245825995498807,-0.018407611645713362
2025-01-31,2025-02-03,501,101,100,-0.015760857000241865,-0.03998041550241545,-0.0336127157771673,0.024219558502173583,0.06451845620672175,0.050793217978148536,0.029355125992727358,-0.02342046165464884,-0.03965741491915764
2025-02-28,2025-03-03,502,101,101,-0.024328256393720063,-0.019215411771505323,-0.02570846479676011,-0.00511284462221474,0.42086046457876003,0.44745075142956553,0.052179137282103424,-0.03616557664699316,-0.04717066657469593
2025-03-31,2025-04-01,506,102,101,-0.025917402572242138,-0.03663671444475721,-0.02635301901070534,0.010719311872515073,0.06755656398112,0.0696858921520924,0.034352504995782775,-0.004456597329682621,0.024328007258792805
2025-04-30,2025-05-01,507,102,102,0.059010865318649776,0.06355918866601107,0.05576388713106645,-0.0045483233473612925,0.027111914737239395,0.05350543733487129,0.03455130922104954,0.061310369859332026,0.09340528382972257
2025-05-30,2025-06-02,507,102,102,0.03619279417350861,0.05818070565313123,0.05711061453577912,-0.02198791147962262,0.03682567126953668,0.04976486929666446,0.03162138877247097,0.04515858537232287,0.07914129091158273
2025-06-30,2025-07-01,506,102,101,-0.023708762129745216,-0.010332413784688148,-0.013868752360705018,-0.013376348345057068,0.042580916187196866,0.04899778082904583,0.029760923058078974,0.006589281162878713,0.02430571874997134
2025-07-31,2025-08-01,506,102,101,0.057797583681643894,0.04194856395154415,0.04211058960711514,0.015849019730099743,0.051778405063417514,0.032141744802863415,0.03635511467367957,0.029836830716049256,0.010619480854551444
2025-08-29,2025-09-02,506,102,101,0.01943434948870083,0.02530314801899105,0.022750883207783464,-0.0058687985302902194,0.057181422087837525,0.0528977163379838,0.03144899056354194,0.04690713183638251,0.09694318431132487
2025-09-30,2025-10-01,507,102,102,-0.016150674939929555,-0.012491451277229827,-0.013607728458172501,-0.003659223662699728,0.029805263469200236,0.049075989383323144,0.03515065125095942,0.022275392804350203,0.060747628842940715
2025-10-31,2025-11-03,507,102,102,0.030977241677508965,0.03031960367541772,0.0241243188282027,0.0006576380020912459,0.03866787730420282,0.05878498096740754,0.036311165463903526,-0.004492676368347603,-0.051538524301024125
2025-11-28,2025-12-01,508,102,102,0.014004544101351726,0.015792697249107646,0.01929688081473965,-0.0017881531477559193,0.04745075991480885,0.08734192421015996,0.032341416618276546,0.007230438531411698,0.009386132952598158
2025-12-31,2026-01-02,508,102,102,0.02901550685214002,0.04276037312663354,0.033450223311834136,-0.01374486627449352,0.025309169726905285,0.04054389924882189,0.027867119270074146,0.017916562480240428,0.006652743757268986
2026-01-30,2026-02-02,509,102,102,-0.014257443649538052,0.054145374871335826,0.02651826489221288,-0.06840281852087388,0.059326945385704086,0.054338112955964066,0.035878249771200084,-0.012985106193930562,-0.03937761810447582
2026-02-27,2026-03-02,509,102,102,-0.04695506684819932,-0.04289263518116159,-0.05181070066534988,-0.004062431667037729,0.4064661852967046,0.3788020642773154,0.05003161256190792,-0.042761422909862845,-0.03197828615538523
2026-03-31,2026-04-01,510,102,102,0.051328971182765165,0.07022483679601729,0.06082140037490933,-0.018895865613252127,0.05567561705425687,0.09776736800961762,0.038512833602961094,0.09982605310899473,0.19983689150816697
2026-04-30,2026-05-01,510,102,102,0.015151007472296217,0.008109714075838017,0.02523078716748342,0.0070412933964582,0.04076453838681503,0.06051304036321123,0.044930569086720884,0.05257748503624504,0.20936555452138128
2026-05-29,2026-06-01,510,102,102,0.04303307642169889,0.019053868626490004,0.028845349238162177,0.023979207795208884,0.055012960008205276,0.07530407610884374,0.05028707644318317,-0.014315281465351992,-0.050667517399653916
2026-06-30,2026-07-01,508,102,102,0.026165206986797723,0.021694921435496006,0.025488496406823942,0.004470285551301717,0.04351030666325592,0.06517182865128486,0.045091867347008194,0.01597024912649081,-0.0408361277365038
2026-07-31,2026-08-03,509,102,102,-0.0024574465684019478,-0.00892669916944994,-0.0008862705452038796,0.006469252601047993,0.0418402633516829,0.061241654932082314,0.03950846324193469,0.00479101055167841,0.03063919364615919
